Var1,Var2,Var3,Var4,Var5,Var6,Var7,Var8,Var9,Var10,Var11,Var12,Var13,Var14,Var15,Var16,Var17,Var18,Var19,Var20,Var21,Var22,Var23,Var24,Var25,Var26,Var27,Var28,Var29,Var30,Var31,Var32,Var33,Var34,Var35,Var36,Var37,Var38,Var39,Var40,Var41,Var42,Var43,Var44,Var45,Var46,Var47,Var48,Var49,Var50,Var51,Var52,Var53,Var54,Var55,Var56,Var57,Var58,Var59,Var60,Var61,Var62,Var63,Var64,Var65,Var66,Var67,Var68,Var69,Var70,Var71,Var72,Var73,Var74,Var75,Var76,Var77,Var78,Var79,Var80,Var81,Var82,Var83,Var84,Var85,Var86,Var87,Var88,Var89,Var90,Var91,Var92,Var93,Var94,Var95,Var96,Var97,Var98,Var99,Var100,Var101,Var102,Var103,Var104,Var105,Var106,Var107,Var108,Var109,Var110,Var111,Var112,Var113,Var114,Var115,Var116,Var117,Var118,Var119,Var120,Var121,Var122,Var123,Var124,Var125,Var126,Var127,Var128,Var129,Var130,Var131,Var132,Var133,Var134,Var135,Var136,Var137,Var138,Var139,Var140,Var141,Var142,Var143,Var144,Var145,Var146,Var147,Var148,Var149,Var150,Var151,Var152,Var153,Var154,Var155,Var156,Var157,Var158,Var159,Var160,Var161,Var162,Var163,Var164,Var165,Var166,Var167,Var168,Var169,Var170,Var171,Var172,Var173,Var174,Var175,Var176,Var177,Var178,Var179,Var180,Var181,Var182,Var183,Var184,Var185,Var186,Var187,Var188,Var189,Var190,Var191,Var192,Var193,Var194,Var195,Var196,Var197,Var198,Var199,Var200,Var201,Var202,Var203,Var204,Var205,Var206,Var207,Var208,Var209,Var210,Var211,Var212,Var213,Var214,Var215,Var216,Var217,Var218,Var219,Var220,Var221,Var222,Var223,Var224,Var225,Var226,Var227,Var228,Var229,Var230,Var231,Var232,Var233,Var234,Var235,Var236,Var237,Var238,Var239,Var240,Var241,Var242,Var243,Var244,Var245,Var246,Var247,Var248,Var249,Var250,Var251,Var252,Var253,Var254,Var255,Var256,Var257,Var258,Var259,Var260,Var261,Var262,Var263,Var264,Var265,Var266,Var267,Var268,Var269,Var270,Var271,Var272,Var273,Var274,Var275,Var276,Var277,Var278,Var279,Var280,Var281,Var282,Var283,Var284,Var285,Var286,Var287,Var288,Var289,Var290,Var291,Var292,Var293,Var294,Var295,Var296,Var297,Var298,Var299,Var300,Var301,Var302,Var303,Var304,Var305,Var306,Var307,Var308,Var309,Var310,Var311,Var312,Var313,Var314,Var315,Var316,Var317,Var318,Var319,Var320,Var321,Var322,Var323,Var324,Var325,Var326,Var327,Var328,Var329,Var330,Var331,Var332,Var333,Var334,Var335,Var336,Var337,Var338,Var339,Var340,Var341,Var342,Var343,Var344,Var345,Var346,Var347,Var348,Var349,Var350,Var351,Var352,Var353,Var354,Var355,Var356,Var357,Var358,Var359,Var360,Var361,Var362,Var363,Var364,Var365,Var366,Var367,Var368,Var369,Var370,Var371,Var372,Var373,Var374,Var375,Var376,Var377,Var378,Var379,Var380,Var381,Var382,Var383,Var384,Var385,Var386,Var387,Var388,Var389,Var390,Var391,Var392,Var393,Var394,Var395,Var396,Var397,Var398,Var399,Var400,Var401,Var402,Var403,Var404,Var405,Var406,Var407,Var408,Var409,Var410,Var411,Var412,Var413,Var414,Var415,Var416,Var417,Var418,Var419,Var420,Var421,Var422,Var423,Var424,Var425,Var426,Var427,Var428,Var429,Var430,Var431,Var432,Var433,Var434,Var435,Var436,Var437,Var438,Var439,Var440,Var441,Var442,Var443,Var444,Var445,Var446,Var447,Var448,Var449,Var450,Var451,Var452,Var453,Var454,Var455,Var456,Var457,Var458,Var459,Var460,Var461,Var462,Var463,Var464,Var465,Var466,Var467,Var468,Var469,Var470,Var471,Var472,Var473,Var474,Var475,Var476,Var477,Var478,Var479,Var480,Var481,Var482,Var483,Var484,Var485,Var486,Var487,Var488,Var489,Var490,Var491,Var492,Var493,Var494,Var495,Var496,Var497,Var498,Var499,Var500,Var501,Var502,Var503,Var504,Var505,Var506,Var507,Var508,Var509,Var510,Var511,Var512,Var513,Var514,Var515,Var516,Var517,Var518,Var519,Var520,Var521,Var522,Var523,Var524,Var525,Var526,Var527,Var528,Var529,Var530,Var531,Var532,Var533,Var534,Var535,Var536,Var537,Var538,Var539,Var540,Var541,Var542,Var543,Var544,Var545,Var546,Var547,Var548,Var549,Var550,Var551,Var552,Var553,Var554,Var555,Var556,Var557,Var558,Var559,Var560,Var561,Var562,Var563,Var564,Var565,Var566,Var567,Var568,Var569,Var570,Var571,Var572,Var573,Var574,Var575,Var576,Var577,Var578,Var579,Var580,Var581,Var582,Var583,Var584,Var585,Var586,Var587,Var588,Var589,Var590,Var591,Var592,Var593,Var594,Var595,Var596,Var597,Var598,Var599,Var600,Var601,Var602,Var603,Var604,Var605,Var606,Var607,Var608,Var609,Var610,Var611,Var612,Var613,Var614,Var615,Var616,Var617,Var618,Var619,Var620,Var621,Var622,Var623,Var624,Var625,Var626,Var627,Var628,Var629,Var630,Var631,Var632,Var633,Var634,Var635,Var636,Var637,Var638,Var639,Var640,Var641,Var642,Var643,Var644,Var645,Var646,Var647,Var648,Var649,Var650,Var651,Var652,Var653,Var654,Var655,Var656,Var657,Var658,Var659,Var660,Var661,Var662,Var663,Var664,Var665,Var666,Var667,Var668,Var669,Var670,Var671,Var672,Var673,Var674,Var675,Var676,Var677,Var678,Var679,Var680,Var681,Var682,Var683,Var684,Var685,Var686,Var687,Var688,Var689,Var690,Var691,Var692,Var693,Var694,Var695,Var696,Var697,Var698,Var699,Var700,Var701,Var702,Var703,Var704,Var705,Var706,Var707,Var708,Var709,Var710,Var711,Var712,Var713,Var714,Var715,Var716,Var717,Var718,Var719,Var720,Var721,Var722,Var723,Var724,Var725,Var726,Var727,Var728,Var729,Var730,Var731,Var732,Var733,Var734,Var735,Var736,Var737,Var738,Var739,Var740,Var741,Var742,Var743,Var744,Var745,Var746,Var747,Var748,Var749,Var750,Var751,Var752,Var753,Var754,Var755,Var756,Var757,Var758,Var759,Var760,Var761,Var762,Var763,Var764,Var765,Var766,Var767,Var768,Var769,Var770,Var771,Var772,Var773,Var774,Var775,Var776,Var777,Var778,Var779,Var780,Var781,Var782,Var783,Var784,Var785,Var786,Var787,Var788,Var789,Var790,Var791,Var792,Var793,Var794,Var795,Var796,Var797,Var798,Var799,Var800,Var801,Var802,Var803,Var804,Var805,Var806,Var807,Var808,Var809,Var810,Var811,Var812,Var813,Var814,Var815,Var816,Var817,Var818,Var819,Var820,Var821,Var822,Var823,Var824,Var825,Var826,Var827,Var828,Var829,Var830,Var831,Var832,Var833,Var834,Var835,Var836,Var837,Var838,Var839,Var840,Var841,Var842,Var843,Var844,Var845,Var846,Var847,Var848,Var849,Var850,Var851,Var852,Var853,Var854,Var855,Var856,Var857,Var858,Var859,Var860,Var861,Var862,Var863,Var864,Var865,Var866,Var867,Var868,Var869,Var870,Var871,Var872,Var873,Var874,Var875,Var876,Var877,Var878,Var879,Var880,Var881,Var882,Var883,Var884,Var885,Var886,Var887,Var888,Var889,Var890,Var891,Var892,Var893,Var894,Var895,Var896,Var897,Var898,Var899,Var900,Var901,Var902,Var903,Var904,Var905,Var906,Var907,Var908,Var909,Var910,Var911,Var912,Var913,Var914,Var915,Var916,Var917,Var918,Var919,Var920,Var921,Var922,Var923,Var924,Var925,Var926,Var927,Var928,Var929,Var930,Var931,Var932,Var933,Var934,Var935,Var936,Var937,Var938,Var939,Var940,Var941,Var942,Var943,Var944,Var945,Var946,Var947,Var948,Var949,Var950,Var951,Var952,Var953,Var954,Var955,Var956,Var957,Var958,Var959,Var960,Var961
Time,0,0.025,0.05,0.075,0.1,0.125,0.15,0.175,0.2,0.225,0.25,0.275,0.3,0.325,0.35,0.375,0.4,0.425,0.45,0.475,0.5,0.525,0.55,0.575,0.6,0.625,0.65,0.675,0.7,0.725,0.75,0.775,0.8,0.825,0.85,0.875,0.9,0.925,0.95,0.975,1,1.025,1.05,1.075,1.1,1.125,1.15,1.175,1.2,1.225,1.25,1.275,1.3,1.325,1.35,1.375,1.4,1.425,1.45,1.475,1.5,1.525,1.55,1.575,1.6,1.625,1.65,1.675,1.7,1.725,1.75,1.775,1.8,1.825,1.85,1.875,1.9,1.925,1.95,1.975,2,2.025,2.05,2.075,2.1,2.125,2.15,2.175,2.2,2.225,2.25,2.275,2.3,2.325,2.35,2.375,2.4,2.425,2.45,2.475,2.5,2.525,2.55,2.575,2.6,2.625,2.65,2.675,2.7,2.725,2.75,2.775,2.8,2.825,2.85,2.875,2.9,2.925,2.95,2.975,3,3.025,3.05,3.075,3.1,3.125,3.15,3.175,3.2,3.225,3.25,3.275,3.3,3.325,3.35,3.375,3.4,3.425,3.45,3.475,3.5,3.525,3.55,3.575,3.6,3.625,3.65,3.675,3.7,3.725,3.75,3.775,3.8,3.825,3.85,3.875,3.9,3.925,3.95,3.975,4,4.025,4.05,4.075,4.1,4.125,4.15,4.175,4.2,4.225,4.25,4.275,4.3,4.325,4.35,4.375,4.4,4.425,4.45,4.475,4.5,4.525,4.55,4.575,4.6,4.625,4.65,4.675,4.7,4.725,4.75,4.775,4.8,4.825,4.85,4.875,4.9,4.925,4.95,4.975,5,5.025,5.05,5.075,5.1,5.125,5.15,5.175,5.2,5.225,5.25,5.275,5.3,5.325,5.35,5.375,5.4,5.425,5.45,5.475,5.5,5.525,5.55,5.575,5.6,5.625,5.65,5.675,5.7,5.725,5.75,5.775,5.8,5.825,5.85,5.875,5.9,5.925,5.95,5.975,6,6.025,6.05,6.075,6.1,6.125,6.15,6.175,6.2,6.225,6.25,6.275,6.3,6.325,6.35,6.375,6.4,6.425,6.45,6.475,6.5,6.525,6.55,6.575,6.6,6.625,6.65,6.675,6.7,6.725,6.75,6.775,6.8,6.825,6.85,6.875,6.9,6.925,6.95,6.975,7,7.025,7.05,7.075,7.1,7.125,7.15,7.175,7.2,7.225,7.25,7.275,7.3,7.325,7.35,7.375,7.4,7.425,7.45,7.475,7.5,7.525,7.55,7.575,7.6,7.625,7.65,7.675,7.7,7.725,7.75,7.775,7.8,7.825,7.85,7.875,7.9,7.925,7.95,7.975,8,8.025,8.05,8.075,8.1,8.125,8.15,8.175,8.2,8.225,8.25,8.275,8.3,8.325,8.35,8.375,8.4,8.425,8.45,8.475,8.5,8.525,8.55,8.575,8.6,8.625,8.65,8.675,8.7,8.725,8.75,8.775,8.8,8.825,8.85,8.875,8.9,8.925,8.95,8.975,9,9.025,9.05,9.075,9.1,9.125,9.15,9.175,9.2,9.225,9.25,9.275,9.3,9.325,9.35,9.375,9.4,9.425,9.45,9.475,9.5,9.525,9.55,9.575,9.6,9.625,9.65,9.675,9.7,9.725,9.75,9.775,9.8,9.825,9.85,9.875,9.9,9.925,9.95,9.975,10,10.025,10.05,10.075,10.1,10.125,10.15,10.175,10.2,10.225,10.25,10.275,10.3,10.325,10.35,10.375,10.4,10.425,10.45,10.475,10.5,10.525,10.55,10.575,10.6,10.625,10.65,10.675,10.7,10.725,10.75,10.775,10.8,10.825,10.85,10.875,10.9,10.925,10.95,10.975,11,11.025,11.05,11.075,11.1,11.125,11.15,11.175,11.2,11.225,11.25,11.275,11.3,11.325,11.35,11.375,11.4,11.425,11.45,11.475,11.5,11.525,11.55,11.575,11.6,11.625,11.65,11.675,11.7,11.725,11.75,11.775,11.8,11.825,11.85,11.875,11.9,11.925,11.95,11.975,12,12.025,12.05,12.075,12.1,12.125,12.15,12.175,12.2,12.225,12.25,12.275,12.3,12.325,12.35,12.375,12.4,12.425,12.45,12.475,12.5,12.525,12.55,12.575,12.6,12.625,12.65,12.675,12.7,12.725,12.75,12.775,12.8,12.825,12.85,12.875,12.9,12.925,12.95,12.975,13,13.025,13.05,13.075,13.1,13.125,13.15,13.175,13.2,13.225,13.25,13.275,13.3,13.325,13.35,13.375,13.4,13.425,13.45,13.475,13.5,13.525,13.55,13.575,13.6,13.625,13.65,13.675,13.7,13.725,13.75,13.775,13.8,13.825,13.85,13.875,13.9,13.925,13.95,13.975,14,14.025,14.05,14.075,14.1,14.125,14.15,14.175,14.2,14.225,14.25,14.275,14.3,14.325,14.35,14.375,14.4,14.425,14.45,14.475,14.5,14.525,14.55,14.575,14.6,14.625,14.65,14.675,14.7,14.725,14.75,14.775,14.8,14.825,14.85,14.875,14.9,14.925,14.95,14.975,15,15.025,15.05,15.075,15.1,15.125,15.15,15.175,15.2,15.225,15.25,15.275,15.3,15.325,15.35,15.375,15.4,15.425,15.45,15.475,15.5,15.525,15.55,15.575,15.6,15.625,15.65,15.675,15.7,15.725,15.75,15.775,15.8,15.825,15.85,15.875,15.9,15.925,15.95,15.975,16,16.025,16.05,16.075,16.1,16.125,16.15,16.175,16.2,16.225,16.25,16.275,16.3,16.325,16.35,16.375,16.4,16.425,16.45,16.475,16.5,16.525,16.55,16.575,16.6,16.625,16.65,16.675,16.7,16.725,16.75,16.775,16.8,16.825,16.85,16.875,16.9,16.925,16.95,16.975,17,17.025,17.05,17.075,17.1,17.125,17.15,17.175,17.2,17.225,17.25,17.275,17.3,17.325,17.35,17.375,17.4,17.425,17.45,17.475,17.5,17.525,17.55,17.575,17.6,17.625,17.65,17.675,17.7,17.725,17.75,17.775,17.8,17.825,17.85,17.875,17.9,17.925,17.95,17.975,18,18.025,18.05,18.075,18.1,18.125,18.15,18.175,18.2,18.225,18.25,18.275,18.3,18.325,18.35,18.375,18.4,18.425,18.45,18.475,18.5,18.525,18.55,18.575,18.6,18.625,18.65,18.675,18.7,18.725,18.75,18.775,18.8,18.825,18.85,18.875,18.9,18.925,18.95,18.975,19,19.025,19.05,19.075,19.1,19.125,19.15,19.175,19.2,19.225,19.25,19.275,19.3,19.325,19.35,19.375,19.4,19.425,19.45,19.475,19.5,19.525,19.55,19.575,19.6,19.625,19.65,19.675,19.7,19.725,19.75,19.775,19.8,19.825,19.85,19.875,19.9,19.925,19.95,19.975,20,20.025,20.05,20.075,20.1,20.125,20.15,20.175,20.2,20.225,20.25,20.275,20.3,20.325,20.35,20.375,20.4,20.425,20.45,20.475,20.5,20.525,20.55,20.575,20.6,20.625,20.65,20.675,20.7,20.725,20.75,20.775,20.8,20.825,20.85,20.875,20.9,20.925,20.95,20.975,21,21.025,21.05,21.075,21.1,21.125,21.15,21.175,21.2,21.225,21.25,21.275,21.3,21.325,21.35,21.375,21.4,21.425,21.45,21.475,21.5,21.525,21.55,21.575,21.6,21.625,21.65,21.675,21.7,21.725,21.75,21.775,21.8,21.825,21.85,21.875,21.9,21.925,21.95,21.975,22,22.025,22.05,22.075,22.1,22.125,22.15,22.175,22.2,22.225,22.25,22.275,22.3,22.325,22.35,22.375,22.4,22.425,22.45,22.475,22.5,22.525,22.55,22.575,22.6,22.625,22.65,22.675,22.7,22.725,22.75,22.775,22.8,22.825,22.85,22.875,22.9,22.925,22.95,22.975,23,23.025,23.05,23.075,23.1,23.125,23.15,23.175,23.2,23.225,23.25,23.275,23.3,23.325,23.35,23.375,23.4,23.425,23.45,23.475,23.5,23.525,23.55,23.575,23.6,23.625,23.65,23.675,23.7,23.725,23.75,23.775,23.8,23.825,23.85,23.875,23.9,23.925,23.95,23.975
Grid_Re,722.335,725.138,264.851,300.056,719.633,264.308,263.722,712.904,721.925,266.566,711.23,711.98,848.364,855.259,868.394,856.65,851.047,992.17,979.867,873.423,871.147,869.971,869.362,869.517,867.699,863.673,863.511,864.026,862.546,858.896,865.084,383.681,381.749,847.625,887.978,884.634,886.682,1015.434,998.638,1001.712,1012.278,1004.823,1008.985,1001.795,1004.532,1001.475,1001.768,1001.919,965.478,960.038,957.143,955.258,958.011,965.597,962.875,959.657,954.843,950.156,948.529,949.317,951.668,953.14,952.748,949.678,947.071,946.886,949.347,952.025,952.586,949.048,943.832,941.704,939.611,942.456,887.533,873.116,868.739,399.255,398.771,860.399,863.036,865.915,866.033,869.753,871.488,867.51,867.971,869.762,867.585,836.543,837.335,836.391,836.654,970.466,948.953,949.475,956.184,951.259,949.348,949.954,483.801,484.152,937.714,937.855,941.725,938.916,945.066,1017.342,943.255,947.948,946.977,946.32,480.606,958.169,929.332,976.107,973.457,976.448,973.418,970.338,968.905,867.797,875.573,878.062,879.818,873.373,866.95,868.339,866.425,742.363,733.346,741.093,733.484,735.609,733.433,731.774,731.492,848.617,844.065,842.039,839.388,841.222,839.492,845.194,843.308,838.586,381.41,830.302,962.282,940.934,950.386,951.011,489.788,939.646,936.835,949.298,981.99,979.422,981.586,979.349,973.257,969.551,968.117,976.026,976.54,980.611,976.528,973.439,974.07,971.007,946.056,957.926,948.814,952.224,940.573,940.972,936.65,946.893,842.504,371.267,843.893,821.561,823.536,826.562,730.345,728.759,728.77,737.085,737.795,730.197,729.521,729.779,727.63,731.931,848.712,852.06,855.288,416.144,417.503,870.33,870.02,879.651,878.139,988.111,989.858,991.408,993.189,992.369,990.571,992.307,991.613,960.106,960.592,961.262,955.48,951.853,953.075,963.705,958.159,498.639,946.594,943.012,943.074,939.792,944.132,486.252,939.563,944.707,943.702,945.438,943.818,841.654,384.789,834.757,834.083,832.271,834.112,729.582,763.609,764.032,763.822,763.191,763.944,764.274,763.892,763.737,764.108,758.057,876.622,875.225,869.167,869.625,838.487,837.945,837.994,837.472,837.101,958.522,485.474,951.145,936.54,942.49,944.653,952.639,947.011,483.124,483.501,936.541,935.98,944.677,936.975,558.811,936.737,930.527,937.818,934.615,931.949,468.534,927.649,965.673,973.591,981.878,511.108,400.753,854.773,859.128,870.543,875.757,877.602,872.151,872.529,868.154,867.712,732.949,731.601,730.933,734.726,731.203,733.97,846.854,839.392,839.938,839.482,839.623,372.44,846.393,825.711,829.572,832.334,371.064,371.929,823.997,827.615,943.604,485.606,489.263,938.469,942.294,486.814,946.551,964.046,972.743,975.489,980.35,508.193,999.891,957.205,963.986,972.456,973.624,977.228,971.592,972.071,971.855,837.936,840.577,842.93,844.013,847.242,837.404,842.224,837.685,845.839,851.573,858.842,847.904,840.387,836.73,839.78,840.926,848.732,381.168,828.682,829.679,838.148,840.605,841.517,847.755,843.287,844.746,373.797,867.624,866.736,872.424,874.477,405.738,894.796,862.05,873.731,871.419,870.783,1001.974,991.922,986.657,990.93,959.677,957.145,959.474,957.703,485.337,952.897,945.584,485.106,480.581,942.21,942.756,384.07,379.467,843.715,834.509,835.79,836.572,835.329,841.156,848.271,849.271,374.159,378.601,835.51,830.908,838.035,376.212,1159.669,1142.843,1143.412,1144.231,1144.99,1151.475,990.29,991.995,986.142,984.537,981.514,981.235,881.109,878.95,373.963,383.573,836.068,842.416,372.528,372.494,834.972,839.23,371.471,372.814,832.111,837.905,844.567,378.691,830.368,835.066,839.074,710.904,976.589,946.341,955.22,487.23,873.308,839.907,853.788,389.126,389.275,869.745,876.384,877.037,881.328,875.326,876.389,883.702,890.429,883.409,880.151,879.215,521.606,535.26,985.387,953.022,959.671,483.895,937.281,941.375,945.109,955.148,960.252,955.465,951.188,491.484,472.963,939.331,943.798,484.194,946.705,935.441,938.84,943.18,944.5,842.733,849.122,367.925,370.577,830.883,369.35,369.507,854.919,858.875,863.595,869.74,871.263,875.701,873.271,875.138,775.428,768.964,773.825,908.013,884.483,883.503,851.973,849.854,856.213,851.454,851.356,852.037,852.268,851.568,851.666,843.665,958.46,951.125,959.644,953.639,955.931,959.555,488.541,958.207,938.595,953.891,954.186,956.673,956.251,953.861,484.026,483.698,938.944,979.74,985.22,981.79,507.101,506.352,962.224,969.941,511.322,1002.885,975.407,975.507,981.553,976.549,879.604,846.439,845.831,846.627,851.02,844.828,846.683,842.011,844.79,844.022,737.632,738.99,736.58,737.364,738.672,738.572,739.409,740.444,878.842,855.458,857.431,865.053,853.532,853.811,853.022,858.309,511.255,993.521,984.857,993.451,984.557,520.229,968.286,973.961,518.223,1003.655,975.953,974.369,978.525,510.921,514.892,971.775,948.554,487.383,949.736,939.105,940.993,949.645,949.901,954.668,956.352,948.547,947.565,943.222,951.542,953.145,954.712,951.501,948.089,949.791,472.096,371.319,736.823,730.803,734.241,264.398,729.973,729.786,265.261,431.511,751.416,763.779,766.949,767.577,768.9,772.73,769.014,770.509,899.561,1000.523,994.102,996.651,993.284,965.119,965.112,966.246,960.468,964.879,964.7,962.723,959.661,484.153,969.155,945.6,950.911,955.967,487.263,482.191,934.416,943.532,478.631,815.966,943.574,949.109,949.832,949.636,957.644,951.877,484.589,968.562,976.189,873.472,873.49,873.648,879.458,883.269,880.969,878.305,775.258,775.449,779.129,775.578,774.617,774.838,742.935,742.792,743.995,866.82,856.539,858.017,849.674,847.189,849.05,850.048,850.276,1179.938,707.425,1157.478,1152.988,1271.076,852.23,853.988,384.463,865.816,842.89,848.447,861.313,854.042,858.388,856.193,863.521,879.562,882.401,881.399,885.543,1036.691,1016.95,1011.763,1008.81,1004.517,1015.338,1011.937,1009.929,537.589,989.003,956.857,960.784,965.193,978.539,971.897,495.414,992.405,950.005,951.487,956.719,970.904,964.095,488.358,485.839,945.407,948.986,953.926,853.995,854.965,378.529,377.454,838.337,842.469,378.1,375.946,835.242,883.748,873.118,877.658,880.635,879.156,880.849,879.19,885.04,877.693,878.057,880.488,534.443,982.532,982.657,990.797,960.839,967.145,966.4,965.748,964.762,493.141,950.266,950.929,955.802,482.616,940.804,949.923,955.605,960.302,955.48,949.554,951.062,476.868,981.536,942.542,950.883,949.646,479.896,477.986,934.943,946.816,987.67,985.404,981.569,977.764,980.309,979.088,514.396,516.416,976.783,973.844,880.043,768.528,771.564,768.522,738.154,737.43,737.501,714.722,265.125,728.333,729.998,733.277,734.052,265.281,387.706,840.36,844.802,844.432,846.866,848.783,378.615,940.452,943.348,946.525,954.005,958.326,487.541,488.04,937.264,943.827,946.223,983.593,975.777,508.518,967.054,962.24,974.98,975.13,973.256,970.348,966.873,965.187,974.553,972.752,973.976,946.454,939.6,472.56,931.668,830.666,828.626,370.93,861.503,817.201,821.264,905.327,831.134,835.488,261.293,760.522,715.71,737.632,725.805,844.095,378.268,828.538,832.73,836.307,836.142,837.361,373.469,828.209,859.352,868.841,867.281,866.095,868.453,406.057,866.421,984.81,976.557,980.508,981.269,981.668,984.023,520.001,975.093,942.191,485.066,484.081,930.122,935.222,939.038,942.026,840.6,378.056,838.901,833.5,837.51,833.823,833.13,372.659,827.509,833.399,832.61,832.918,371.143,365.673,949.5,945.154,948.683,947.156,482.926,963.901,961.629,970.504,867.035,404.883,881.481,855.972,862.556,866.183,404.02,406.027,851.348,863.117,862.283,831.963,832.778,371.49,368.816,820.226,826.959,831.977,372.332,813.768,720.726,723.32,392.749,382.579,830.579,835.873,840.203,843.493,380.913,851.201,835.508,844.085,837.69,375.488,964.249,938.543,482.47,490.641,971.378,978.501,977.189,973.046,515.464,989.204,964.334,974.055,975.783,515.617,512.533,961.318,967.068,978.458,950.78,486.947,931.101,934.608,936.4,475.41,925.894,825.319,830.052,371.61,818.706,822.858
Dryer_Re,0,0.075,0.075,1.827,1.099,1.099,1.507,1.507,0.139,0.139,0,0,2.137,2.137,0,0,-0.53,1.558,0,0,0,0,0,0,0,0,0,0,0,0,-0.434,-0.434,1.141,1.141,0,0,0,0,0,0,0,0,0,0,0,0,0,0,0,0,0,0,0,0,0,0,0,0,0,0,0,0,0,0,0,0,0,0,0,0,0,0,0,0,0,0,-0.24,-0.24,1.672,1.672,0,0,0,0,0,0,0,0,0,0,0,0,0,0,0,0,0,0,0,-0.095,-0.095,0.906,0.906,0,0,0,0,0,0,0,0,0.123,0.123,1.771,0,0,0,0,0,0,0,0,0,0,0,0,0,0,0,0,0,0,0,0,0,0,0.263,1.807,0,0,0,0,0,0,0,-0.091,-0.091,1.336,0,0,0,-0.487,1.612,1.612,0,0,0,0,0,0,0,0,0,0,0,0,0,0,0,0,0,0,0,0,0,0,0,0,-0.015,-0.015,0,0,0,0,0,0,0,0,0,0,0,0,0,0.175,1.679,0,-0.22,-0.22,1.229,1.229,0,0,0,0,0,0,0,0,0,0,0,0,0,0,0,0,0,0,0.007,0.914,0.914,0,0,0,-0.138,1.436,1.436,0,0,0,0,-0.064,1.508,1.508,0,0,0,0,0,0,0,0,0,0,0,0,0,-0.216,1.961,0,0,0,0,0,0,0,0,-0.483,-0.483,1.061,0,0,0,0,0.169,0.169,1.635,1.635,0,0,0.208,0.208,0.864,0,0,0,0.227,1.375,1.375,0,0,-0.344,-0.344,2.27,2.27,0,0,0,0,0,0,0,0,0,0,0,0,0,-0.196,1.768,0,0,0,-0.474,-0.474,1.8,0,0,-0.465,-0.465,0,0,0,-0.56,-0.56,0.873,0.873,0.322,0.322,1.861,0,0,0,-0.371,-0.371,1.268,0,0,0,0,0,0,0,0,0,0,0,0,0,0,0,0,0,0,0,0,0,0,0,-0.167,1.734,1.295,1.295,0,0,0,0,0,0,0.725,1.397,1.397,0,0,-0.274,-0.274,1.798,0,0,0,0,0,0,0,0,0,0,0,0.319,0.319,0,0.032,0.032,1.691,1.691,-0.01,-0.01,1.945,1.945,0,0,0,0,0,0,0.04,0.04,0,0,0,-0.032,-2.393,0.693,0,0,0,0,0,0,0,0,0,0,0,0,-0.409,-0.409,1.413,1.413,0.396,0.396,1.44,1.44,0.382,0.382,1.087,1.087,0,-0.134,1.213,1.213,0,0.796,-0.408,1.213,0,0.115,0.115,1.463,0,0.828,0.828,1.486,1.486,0,0,0,0,0,0,0,0,0,-0.226,-0.4,0,0,0,-0.572,0.882,0.882,0,0,0,0,0,-0.517,-0.517,0.946,0.946,0.341,0.341,0,0,0,0,0,0,0.236,0.236,1.605,1.605,-0.35,1.567,1.567,0,0,0,0,0,0,0,0,0,0,0,0,0,0,0,0,0,0,0,0,0,0,1.708,1.708,0,0,0,0,-0.578,-0.578,1.79,0,0,0,0,0,0.324,0.324,1.669,1.669,0,0,0.252,0.252,0,0,0.523,0.523,0,0,0,0,0,0,0,0,0,0,0,0,0,0,0,0,0,0,0,0,0,0,0,0,0,0,0,0,0,0,-0.077,-0.61,1.078,0,0,-0.255,1.236,1.236,0.474,0.474,0,0,0,-0.338,-0.338,1.321,1.321,0.01,0.01,0.919,0,0,0,0,0,0,0,0,0,0,0,0,0,0,0.551,-0.599,1.031,1.031,0,0.042,0.042,1.497,0.008,0.008,2.006,2.006,0,0,0,0,0,0,0.883,0.883,0,0,0,0,0,0,0,0,0,0,0,-0.487,-0.487,0.93,0,0,-0.428,-0.428,1.282,1.282,-0.546,-0.546,0.892,0,0,0,0,0,0.442,0.442,0,0,0,0,0,0,0,0,0,0,0,0,0,0,0,0,0,1.813,1.813,0,0,0,0,0,0,0,-1.71,-1.71,-0.152,0,2.096,2.096,-0.027,-0.027,2.088,0,0,0,0,0,0,0,0,0,0,-0.22,1.635,0,0,0,0,0,0,-0.423,1.508,1.508,0,0,0,0,-0.615,-0.615,0.946,0,0,0,0,0.021,0.021,1.609,1.609,0,0,0,-0.489,-0.489,1.382,1.382,-0.488,-0.488,1.189,1.189,0,0,0,0,0,0,0,0,0,0,-0.045,1.442,1.442,0,0,0,0,0,0,-0.609,1.312,1.312,0,0.053,1.247,1.247,0,0,0,0,0,0.473,0.473,1.048,0,0,0.69,-0.565,1.441,1.441,0,0,0,0,0,0,-0.207,-0.207,1.802,1.802,0,0,0,0,0,0,0,0,0.049,1.606,1.606,0,0,0.199,0.199,1.637,1.637,0,0,0,-0.007,0.999,0.999,0,0,0,0.32,0.32,1.476,1.476,0,0,0,-0.374,1.045,1.045,0,0,0,0,0,0,0,0,0,0,0,-0.413,1.161,1.161,0,-0.075,-0.075,1.707,0,0,0,0,0.128,0.128,0,0,0,-0.01,-0.442,1.134,1.134,0,0,0,-0.412,1.67,1.67,0,0,0,0,-0.266,-0.266,1.306,0,0,0,0,0,-0.172,-0.172,0.829,-0.585,-0.585,1.436,1.436,0,0,0,0.889,0.889,1.501,0,0,0,0.277,1.857,1.857,0,0,-0.014,-0.014,-0.332,1.61,0,0,-0.468,1.091,1.091,0,0,-0.201,-0.201,1.554,0,0,-0.018,-0.018,1.807,1.807,0,0,0,-0.499,-0.499,1.211,1.211,0,-0.399,-0.399,1.34,0,0.009,0.009,1.444,1.444,0,0,0.012,0.012,1.922,0,0,-0.003,-0.003,1.738,-0.589,-0.589,1.531,1.531,0,0,-0.218,-0.218,1.468,0,0,-0.379,-0.379,1.094,1.094,0,0,-0.46,1.127,1.127,0,0.447,1.027,1.027,0,0.277,1.007,1.007,0
OfficeOutlets_Re,0,0,0,0,0,0,0,0,0,0,7.305,7.305,6.115,6.888,6.211,6.415,7.434,5.937,7.079,6.022,0,7.056,7.056,0,0,0,0,0,0,0,0,0,0,0,0,6.043,6.043,0,0,0,0,0,0,0,7.185,6.122,0,0,0,0,0,0,0,0,0,0,0,7.342,6.044,0,0,0,0,0,0,6.952,6.952,0,0,0,0,0,0,6.934,5.897,0,0,0,0,0,0,0,7.017,7.31,6.012,0,0,0,6.9,6.9,0,0,5.983,5.983,0,0,7.013,6.96,5.92,0,0,0,0,0,0,0,6.985,5.898,7.074,6.033,0,5.849,5.849,0,0,0,0,7.203,6.016,6.016,6.181,6.181,0,0,0,0,0,0,0,7.292,6.149,0,0,0,6.064,6.064,7.479,6.055,0,0,0,0,0,0,7.318,7.318,6.857,5.787,0,0,0,0,0,0,0,6.947,6.947,5.966,0,0,0,0,0,0,0,5.974,5.974,0,0,6.988,6.81,6.81,0,0,0,6.911,5.819,7.612,6.027,6.579,7.18,7.18,0,0,0,0,0,0,0,0,0,0,0,7.22,6.19,10.182,17.015,14.14,16.606,12.596,11.539,17.033,14.887,17.029,11.279,16.957,15.405,17.061,16.987,12.116,17.06,11.155,17.002,12.503,17.068,17.018,13.284,17.172,15.381,16.383,11.933,17.135,10.825,15.22,17.11,15.104,17.156,11.654,17.118,11.699,17.271,18.567,14.779,16.09,11.6,13.133,11.727,11.079,10.68,7.887,9.563,7.698,8.8,8.553,8.203,8.047,7.209,8.42,8.42,0,0,6.249,6.249,0,7.785,7.785,0,6.559,6.559,6.795,6.795,0,0,0,6.879,5.843,0,0,0,0,0,0,0,0,0,0,0,0,0,7.055,7.055,0,7.222,5.796,0,7.262,7.262,0,0,0,0,0,0,0,0,0,0,7.333,7.333,6.05,0,0,0,0,0,0,0,0,0,0,0,0,0,0,0,0,7.041,7.041,7.002,0,0,0,0,0,0,0,0,0,0,0,0,0,0,7.195,7.195,0,0,0,7.094,7.094,0,7.19,7.19,6.413,0,0,0,0,0,0,7.322,5.59,0,0,0,0,0,0,0,0,0,0,7.165,7.165,0,0,0,0,0,0,0,7.168,7.168,7.224,6.178,6.121,0,0,0,0,7.04,5.937,5.641,5.641,7.261,6.08,0,0,7.501,6.196,0,6.258,6.258,0,0,0,0,6.744,6.744,0,0,5.598,5.598,7.52,6.309,0,0,0,0,0,0,0,0,6.096,6.096,0,0,0,0,0,6.978,5.664,6.089,7.145,0,0,0,0,0,0,0,7.154,7.154,5.64,0,0,0,7.267,5.982,0,0,0,0,0,0,0,0,0,0,0,7.216,7.216,0,7.676,6.064,0,7.184,6.041,0,0,7.141,6.018,5.987,5.987,0,0,6.899,6.899,0,0,0,6.583,6.583,0,0,0,0,5.971,5.971,0,0,0,0,0,0,0,0,0,0,0,0,6.216,6.216,0,0,7.329,6.297,0,0,0,0,0,0,0,0,0,0,7.496,6.096,5.889,6.98,5.893,6.984,0,0,6.995,6.995,0,0,0,0,0,0,5.661,5.661,0,0,0,0,0,0,0,0,0,0,0,0,0,0,0,0,0,0,0,7.061,6.044,0,6.238,6.238,0,6.141,6.141,0,0,0,0,7.353,7.353,7.233,7.233,0,0,0,7.009,5.796,7.088,6.079,0,6.952,5.808,7.039,5.965,0,0,0,0,0,7.444,5.844,7.468,6.76,6.76,0,0,0,6.009,7.015,5.975,0,0,0,0,0,0,0,0,0,0,6.698,6.698,0,0,0,0,0,7.56,6.38,0,7.269,7.269,0,0,0,0,0,6.117,6.117,0,0,0,0,0,0,0,0,0,0,0,0,0,0,0,0,0,0,6.057,6.057,0,0,0,0,0,0,7.129,7.129,6.014,6.014,0,7.866,6.319,7.305,6.244,0,7.313,7.313,0,0,0,6.336,6.336,0,0,0,0,6.175,6.175,6.143,0,7.097,7.097,0,0,6.972,5.56,6.238,6.238,0,7.684,6.436,6.795,6.795,5.799,6.239,0,7.293,7.293,0,7.378,6.294,0,0,0,7.429,6.111,0,0,0,0,0,0,0,0,7.091,6.052,0,7.249,7.249,6.86,5.73,5.72,0,0,0,0,0,0,0,0,0,0,0,0,0,0,0,0,0,0,6.01,6.01,0,0,7.412,6.113,0,0,0,0,6.098,6.098,0,0,0,0,0,0,0,0,0,0,0,0,0,0,0,0,0,0,0,0,0,0,0,0,0,0,0,0,0,0,0,0,0,0,0,0,0,0,0,6.257,6.257,7.223,7.223,0,0,0,0,0,0,0,0,0,0,7.367,5.729,0,0,0,0,0,6.967,6.967,0,0,0,0,0,0,0,0,7.283,5.808,0,0,0,0,0,0,0,0,0,0,0,0,0,0,0,6.479,5.96,7.243,5.971,0,0,7.011,6.007,0,0,0,0,0,0,7.222,7.138,7.138,0,0,0,0,0,7.129,6.069,0,7.377,6.25,0,0,0,0,0,0,0,0,0,0,0,7.284,7.284,0,0,0,0,0,0,6.122,7.219,0,0,7.441,7.188,6.172,0,0,0,0,0,0,0,7.543,6.019,0,0,0,0,0,0,0,6.581,6.581,6.011,0,0,0,0,0,0,5.981,5.981,0,0,6.788,6.788,0,0,0,0,7.553,7.48,7.245,6.169,0,6.13,6.13,0,0,0,0,0,0,0,5.643,5.643,0,0,0,0,0,7.138,7.138,0,0,0,0,0,0,0,0,0,0,0,0,7.135,7.135,0,0,0,0,0,0,0,6.176
LivingRoomOutlets_Re,67.002,67.874,67.874,0,0,68.175,68.175,68.454,0,0,0,0,67.205,68.939,69.612,67.252,68.761,67.386,67.233,67.333,67.096,67.193,0,68.179,68.179,0,67.132,67.132,68.114,66.958,66.958,0,0,66.761,68.146,67.976,67.976,0,0,0,68.148,66.96,0,0,68.542,67.365,0,66.099,67.101,68.4,68.4,0,68.942,68.934,68.622,67.363,0,68.693,67.483,0,67.87,67.87,0,0,0,68.383,68.383,67.178,0,68.347,67.125,0,0,0,0,67.885,67.885,0,0,0,0,0,66.903,67.865,68.137,0,0,0,0,67.659,67.659,0,0,0,0,0,0,68.241,67.327,0,0,67.214,67.214,0,0,0,0,0,0,0,67.94,67.143,68.185,0,0,67.63,67.63,0,0,0,68.918,67.22,0,68.034,68.034,0,67.877,67.877,66.68,0,0,66.985,66.985,0,68.982,67.397,69,67.198,0,0,0,0,0,67.906,68.11,66.823,0,0,0,68.407,67.197,0,0,0,0,0,68.037,66.898,0,66.688,67.104,66.862,0,0,0,0,0,67.333,67.333,67.277,0,0,0,0,0,0,0,67.454,67.454,0,68.73,67.585,0,0,0,0,0,66.329,66.329,67.12,67.12,0,66.675,66.675,67.096,0,0,0,0,0,0,67.101,67.101,0,0,0,0,0,0,67.669,67.646,68.618,68.618,68.319,68.319,66.824,67.22,68.806,67.295,0,68.213,67.125,68.399,68.399,0,0,0,0,0,0,66.681,66.681,68.533,67.415,67.892,66.661,0,0,66.727,66.727,67.79,67.79,0,0,0,68.64,67.155,68.135,67.086,67.111,67.111,0,0,0,0,68.246,68.175,67.012,0,0,0,0,68.509,67.33,67.314,0,0,0,0,0,0,0,0,0,0,0,0,0,0,0,68.388,68.388,68.114,67.911,0,68.137,68.137,0,0,0,0,67.903,67.903,68.254,66.803,66.803,0,68.349,68.349,67.489,0,0,0,0,0,0,66.99,66.99,0,0,0,0,0,68.716,68.347,68,0,0,66.702,66.702,66.858,66.858,0,68.358,68.064,0,0,0,0,0,67.852,67.852,67.635,67.886,66.749,0,0,68.056,67.009,67.009,0,0,68.497,68.497,67.504,67.359,67.359,0,0,68.193,67.001,68.718,0,68.757,68.757,0,0,67.415,67.415,0,69.101,69.101,68.422,67.333,0,69.364,68.256,0,0,0,0,0,0,68.34,67.195,68.362,0,68.223,67.281,68.31,69.921,67.498,69.928,67.449,69.4,68.661,68.661,67.213,68.493,66.951,68.596,67.321,67.322,67.322,66.956,67.074,68.374,0,67.514,67.555,68.397,69.344,68.171,66.939,67.147,67.147,67.436,0,0,68.778,67.584,0,0,68.386,68.386,0,0,68.487,67.409,0,0,68.459,67.28,68.39,68.487,0,0,0,0,69.036,67.176,68.627,67.323,0,0,0,68.638,68.638,68.493,67.378,67.173,0,69.034,69.034,0,0,68.114,68.114,67.942,68.17,68.734,67.151,0,68.844,67.953,0,68.528,68.54,67.167,0,0,67.447,67.447,0,0,0,0,0,0,67.165,67.165,67.832,68.004,67.559,0,67.161,67.161,0,68.01,68.01,0,0,0,0,0,0,0,67.141,68.504,67.429,0,69.467,66.914,68.215,0,0,0,68.194,68.194,0,0,67.09,67.09,0,0,68.434,67.394,68.189,67.518,67.044,67.044,0,66.91,66.861,67.027,0,67.205,67.205,67.387,67.403,0,0,69.269,69.269,67.158,68.255,68.255,68.835,68.835,68.198,67.014,0,68.359,68.359,67.506,68.636,68.069,68.069,67.055,67.23,67.357,68.516,67.476,68.643,68.059,68.059,67.408,69.194,67.124,0,67.539,66.847,66.931,66.931,67.164,67.164,0,68.367,67.047,68.299,68.633,67.542,67.729,68.112,67.877,67.964,0,0,68.437,68.483,67.473,67.473,0,0,0,67.432,67.432,68.436,67.254,67.254,0,69.787,67.544,69.4,67.347,0,0,0,68.521,68.511,67.176,66.958,66.958,67.163,0,67.529,68.507,68.769,68.769,67.288,67.288,68.147,69.192,68.146,68.146,0,0,0,0,0,67.195,67.232,67.168,0,0,69.163,69.016,0,0,0,0,67.259,68.291,0,0,0,0,0,68.381,68.381,0,67.624,67.624,0,0,68.671,67.503,68.631,67.364,0,0,0,0,69.159,69.159,67.691,0,68.308,68.532,67.414,0,0,0,68.293,68.293,67.386,68.893,67.438,69.822,67.312,0,68.574,67.332,0,67.6,67.441,68.596,0,0,0,0,0,0,0,69.92,68.842,0,69.248,67.581,0,0,0,0,0,67.409,67.409,0,68.392,68.204,0,68.514,68.514,68.609,67.563,67.618,67.481,68.779,0,0,69.161,67.428,68.169,68.804,68.804,0,0,69.691,68.007,68.403,68.259,0,0,68.72,68.72,68.449,68.095,68.095,0,0,0,0,0,0,0,0,0,0,0,0,0,67.941,67.941,68.598,68.104,0,0,0,0,68.96,66.999,68.718,0,0,0,0,68.021,68.021,0,0,0,0,0,68.661,67.637,0,0,67.175,67.175,0,0,0,0,0,0,0,0,0,66.928,66.928,0,0,0,67.896,67.896,0,0,0,0,0,68.722,66.785,67.596,67.596,67.452,66.952,66.952,0,0,0,0,0,0,68.314,68.314,68.219,0,0,68.019,66.974,0,0,0,0,0,0,0,0,0,66.685,66.621,66.621,0,0,0,0,0,68.127,66.609,0,0,0,0,0,0,0,0,0,69.014,68.166,66.816,0,0,67.706,68.135,66.737,0,66.448,66.448,0,0,68.806,66.435,66.686,69.259,67.97,0,68.058,68.058,0,0,0,68.097,68.097,67.311,66.956,68.812,67.404,67.369,67.899,66.768,67.953,0,66.855,66.855,66.92,68.549,67.382,67.162,69.017,67.819,67.308,66.927,0,67.006,67.006,68.336,0,0,68.049,68.049,67.036,67.877,67.877,67.058,67.058,67.087,67.996,68.327,68.914,68.914,0,0,0,68.311,67.148,66.955,66.808,67.402,67.776,0,0,69.226,69.226,67.305,67.305,67.726,67.726,0,0,70.356,68.793,66.849,66.925,68.086,68.086,69.12,67.201,66.883,67.106,0,66.909,66.909,66.931,68.723,0,66.877,68.131,68.083,69.063,69.692,67.303,0,0,0,0,68.769,68.769,69.559,68.511,67.079,67.211,68.712,67.219,67.182,67.444,67.444,68.879,67.828,68.589,69.62,68.896,68.198,68.047,69.158,67.142,66.97,67.018,0,69.032,68.824
GuestBathOutlets_Re,0,0,0,0,0,0,0,0,0,0,0,0,0.73,0.73,0,0,0,0,0,0,0,0,0,0,0,0,0,0,0,0,0,0,0,0,0,0,0,0,0,0,0,0,0,0,0,0,0,0,0,0,0,0,0,0,0,0,0,0,0,0,0,0,0,0,0,0,0,0,0,0,0,0,0,0,0,0,0,0,0,0,0,0,0,0,0,0,0,0,0,0,0,0,0,0,0,0,0,0,0,0,0,0,0,0,0,0,0,0,0,0,0,0,0,0,0,0,0,0,0,0,0,0,0,0,0,0,0,0,0,0,0,0,0,0,0,0,0,0,0,0,0,0,0,0,0,0,0,0,0,0,0,0,0,0,0,0,0,0,0,0,0,0,0,0,0,0,0,0,0,0,0,0,0,0,0,0,0,0,0,0,0,0,0,0,0,0,0,0,0,0,0,0,0,0,0,0,0,0,0,0,0,0,0,0,0,0,0,0,0,0,0,0,0,0,0,0,0,0,0,0,0,0,0,0,0,0,0,0,0,0,0,0,0,0,0,0,0,0,0,0,0,0,0,0,0,0,0,0,0,0,0,0,0,0,0,0,0,0,0,0,0,0,0,0,0,0,0,0,0,0,0,0,0,0,0,0,0,0,0,0,0,0,0,0,0,0,0,0,0,0,0,0,0,0,0,0,0,0,0,0,0,0,0,0,0,0,0,0,0,0,0,0,0,0,0,0,0,0,0,0,0,0,0,0,0,0,0,0,0,0,0,0,0,0,0,0,0,0,0,0,0,0,0,0,0,0,0,0,0,0,0,0,0,0,0,0,0,0,0,0,0,0,0,0,0,0,0,0,0,0,0,0,0,0,0,0,0,0,0,0,0,0,0,0,0,0,0,0,0,0,0,0,0,0,0,0,0,0,0,0,0,0,0,0,0,0,0,0,0,0,0,0,0,0,0,0,0,0,0,0,0,0,0,0,0,0,0,0,0,0,0,0,0,0,0,0,0,0,0,0,0,0,0,0,0,0,0,0,0,0,0,0,0,0,0,0,0,0,0,0,0,0,0,0,0,0,0,0,0,0,0,0,0,0,0,0,0,0,0,0,0,0,0,0,0,0,0,0,0,0,0,0,0,0,0,0,0,0,0,0,0,0,0,0,0,0,0,0,0,0,0,0,0,0,0,0,0,0,0,0,0,0,0,0,0,0,0,0,0,0,0,0,0,0,0,0,0,0,0,0,0,0,0,0,0,0,0,0,0,0,0,0,0,0,0,0,0,0,0,0,0,0,0,0,0,0,0,0,0,0,0,0,0,0,0,0,0,0,0,0,0,0,0,0,0,0,0,0,0,0,0,0,0,0,0,0,0,0,0,0,0,0,0,0,0,0,0,0,0,0,0,0,0,0,0,0,0,0,0,0,0,0,0,0,0,0,0,0,0,0,0,0,0,0,0,0,0,0,0,0,0,0,0,0,0,0,0,0,0,0,0,0,0,0,0,0,0,0,0,0,0,0,0,0,0,0,0,0,0,0,0,0,0,0,0,0,0,0,0,0,0,0,0,0,0,0,0,0,0,0,0,0,0,0,0,0,0,0,0,0,0,0,0,0,0,0,0,0,0,0,0,0,0,0,0,0,0,0,0,0,0,0,0,0,0,0,0,0,0,0,0,0,0,0,0,0,0,0,0,0,0,0,0,0,0,0,0,0,0,0,0,0,0,0,0,0,0,0,0,0,0,0,0,0,0,0,0,0,0,0,0,0,0,0,0,0,0,0,0,0,0,0,0,0,0,0,0,0,0,0,0,0,0,0,0,0,0,0,0,0,0,0,0,0,0,0,0,0,0,0,0,0,0,0,0,0,0,0,0,0,0,0,0,0,0,0,0,0,0,0,0,0,0,0,0,0,0,0,0,0,0,0,0,0,0,0,0,0,0,0,0,0,0,0,0,0,0,0,0,0,0,0,0,0,0,0,0,0,0,0,0,0,0,0,0,0,0,0,0,0,0,0,0,0,0,0,0,0,0,0,0,0,0,0,0,0,0,0,0,0,0,0,0,0,0,0,0,0,0,0,0,0,0,0,0,0,0,0,0,0,0,0,0,0,0,0,0,0,0,0,0,0,0,0,0,0,0,0,0,0,0,0,0,0,0,0,0,0,0,0,0,0,0,0,0,0,0,0,0,0
MasterBathOutlets_Re,0,0,0,0,0,0,0,0,0,0,0,0,1.73,1.73,0,0,2.82,2.82,0,0,0,0,0,0,0,0,0,0,0,0,0,0,0,0,0,0,0,0,0,0,0,0,0,0,0,0,0,0,0,0,0,0,0,0,0,0,0,0,0,0,0,0,0,0,0,0,0,0,0,0,0,0,0,0,0,0,0,0,0,0,0,0,0,0,0,0,0,0,0,0,0,0,0,0,0,0,0,0,0,0,0,0,0,0,0,0,0,0,0,0,0,0,0,0,0,0,0,0,0,0,0,0,0,0,0,0,0,0,0,0,0,0,0,0,0,0,0,0,0,0,0,0,0,0,0,0,0,0,0,0,0,0,0,0,0,0,0,0,0,0,0,0,0,0,0,0,0,0,0,0,0,0,0,0,0,0,0,0,0,0,0,0,0,0,0,0,0,0,0,0,0,0,0,0,0,0,0,0,0,0,0,0,0,0,0,0,0,0,0,0,0,0,0,0,0,0,0,0,0,0,0,0,0,0,0,0,0,0,0,0,0,0,0,0,0,0,0,0,0,0,0,0,0,0,0,0,0,2.756,2.756,0,0,0,0,0,0,0,0,0,0,0,0,0,0,0,0,0,0,0,0,0,0,0,0,0,0,0,0,0,0,0,0,0,0,0,0,0,0,0,0,0,0,0,0,0,0,0,0,0,0,0,0,0,0,0,0,0,0,0,0,0,0,0,0,0,0,0,0,0,0,0,0,0,0,0,0,0,0,0,0,0,0,0,0,0,0,0,0,0,0,0,0,0,0,0,0,0,0,0,0,2.798,2.798,0,0,0,0,0,0,0,0,0,0,0,0,0,0,0,0,0,0,0,0,0,0,0,0,0,0,0,0,0,0,0,0,0,0,0,0,0,0,0,0,0,0,0,0,0,0,0,0,0,0,3.367,3.367,0,0,0,0,0,0,0,0,0,0,0,0,0,0,0,0,0,0,0,0,0,0,0,0,0,0,0,0,0,0,0,0,0,0,0,0,0,0,0,0,0,0,0,0,0,0,0,0,0,0,0,0,0,0,0,0,0,0,0,0,0,0,0,0,0,0,0,0,0,0,0,0,0,0,0,0,0,0,0,0,0,0,0,0,0,0,0,0,0,0,0,0,0,0,0,0,0,0,0,0,0,0,0,0,0,0,0,0,0,0,0,0,0,0,0,0,0,0,0,0,0,0,0,0,0,0,0,0,0,0,0,0,0,0,0,0,0,0,0,0,0,0,0,0,0,0,0,0,0,0,0,0,0,0,0,0,0,0,0,0,0,0,0,0,0,0,0,0,0,0,0,0,0,0,0,0,0,0,0,0,0,0,0,0,0,0,0,0,0,0,0,0,0,0,0,0,0,0,0,0,0,0,0,0,0,0,0,0,0,0,0,0,0,0,0,0,0,0,0,0,0,0,0,0,0,0,0,0,0,0,0,0,0,0,0,0,0,0,0,0,0,0,0,0,0,0,0,0,0,0,0,0,0,0,0,0,0,0,0,0,0,0,0,0,0,0,0,0,0,0,0,0,0,0,0,0,0,0,0,0,0,0,0,0,0,0,0,0,0,2.769,2.769,0,0,0,0,0,0,0,0,0,0,0,0,0,0,0,0,0,0,0,0,0,0,0,0,0,0,0,0,0,0,0,0,0,0,0,0,0,0,0,0,0,0,0,0,0,0,0,0,0,0,0,0,0,0,0,0,0,0,0,0,0,0,0,0,0,0,0,0,0,0,0,0,0,0,0,0,0,0,0,0,0,2.967,2.967,0,0,0,0,0,0,0,0,0,0,0,0,0,0,0,0,0,0,0,0,0,0,0,0,0,0,0,0,0,0,0,0,0,0,0,0,0,0,0,0,0,0,0,0,0,0,0,0,0,0,0,0,0,0,0,0,0,0,0,0,0,0,0,0,0,0,0,0,0,0,0,0,0,0,0,0,0,0,0,0,0,0,0,0,0,0,0,0,0,0,0,0,0,0,0,0,0,0,0,0,0,0,0,0,0,0,0,0,0,0,0,0,0,0,0,0,0,0,0,0,0,0,0,0,0,0,0,0,0,0,0,0,0,0,0,0,0,0,0,0,0,0,0,0,0,0,0,0,0,0,0,0,3.315,3.315,0,0,0,0,0,0,0,0,0,0,0,0,0,0,0,0,0,0,0,0,0,0,0,0,0,0,0,0,0
LivingRoomPatioLights_Re,0,0,0,0,0,0,0,0,0,0,0,0,4.972,4.972,0,0,3.69,4.717,0,0,0,0,0,0,0,0,0,0,0,0,0,0,0,0,0,0,0,0,0,0,0,0,0,0,0,0,0,0,0,0,0,0,0,0,0,0,0,0,0,0,0,0,0,0,0,0,0,0,0,0,0,0,0,0,0,0,3.691,3.691,0,0,0,0,0,0,0,0,0,0,0,0,0,0,0,0,0,0,0,0,0,0,0,0,0,0,0,0,0,0,0,0,0,0,0,0,0,0,0,0,0,0,0,0,0,0,0,0,0,0,0,0,0,0,0,0,0,0,0,0,0,0,0,0,0,0,0,3.725,3.725,0,0,0,0,3.605,3.605,0,0,0,0,0,0,0,0,0,0,0,0,0,0,0,0,0,0,0,0,0,0,0,0,0,3.785,3.785,0,0,0,0,0,0,0,0,0,0,0,0,0,0,0,0,0,0,0,0,0,0,0,0,0,0,0,0,0,0,0,0,0,0,0,0,0,0,0,0,0,0,0,0,0,0,0,0,0,0,0,0,0,0,0,0,0,0,0,0,0,0,0,0,0,0,0,3.746,3.746,0,0,0,0,0,0,0,0,0,0,0,0,0,0,0,0,0,0,0,0,0,0,0,0,0,0,0,0,0,0,0,0,3.744,3.744,0,0,0,0,0,0,0,0,0,0,0,0,0,0,0,3.793,3.793,0,0,0,3.68,3.68,0,0,0,0,0,0,0,0,3.622,3.622,0,0,0,0,0,0,0,0,0,0,0,0,0,0,0,0,0,0,0,0,0,0,0,0,0,0,0,0,0,0,0,0,0,0,3.774,3.774,3.635,0,0,0,0,0,0,0,0,0,0,0,0,0,0,0,0,0,0,0,0,0,0,0,0,0,0,0,0,0,0,0,0,0,0,0,0,0,0,0,0,0,0,0,0,0,0,0,0,0,2.678,2.678,0,0,0,0,0,0,0,0,0,0,0,0,0,0,0,0,0,0,0,0,0,0,0,0,0,0,0,0,0,0,0,0,0,0,0,0,0,0,0,0,0,0,0,0,0,0,0,0,0,0,3.889,3.889,0,0,0,0,0,0,0,0,0,0,0,0,0,0,0,0,0,0,0,0,0,0,0,0,0,0,0,0,0,0,0,0,0,0,0,0,5.007,5.007,0,0,0,0,0,0,0,0,0,0,0,0,0,0,0,0,0,0,0,0,0,4.807,4.807,0,0,0,0,0,0,0,0,0,0,0,0,0,0,0,0,0,0,0,0,0,0,0,0,0,0,0,0,0,0,0,0,0,0,0,0,0,0,0,0,0,0,0,0,0,0,0,0,0,0,0,0,0,0,0,0,0,0,0,0,0,0,0,0,0,0,0,0,0,0,0,0,0,0,0,0,0,0,0,0,0,0,0,0,0,0,0,0,0,0,0,0,0,0,0,0,0,0,0,0,0,0,0,0,0,0,0,0,0,0,0,0,0,0,0,0,0,0,0,0,0,0,0,0,0,0,0,0,0,0,0,0,0,0,0,0,0,0,0,0,0,0,0,0,0,0,0,0,0,0,0,0,0,0,0,0,0,0,0,0,0,0,0,0,0,0,0,0,0,0,0,0,0,0,0,0,3.875,3.875,0,0,0,0,0,0,0,0,0,0,0,0,0,0,0,0,0,0,0,0,0,0,0,0,0,0,0,0,0,0,0,0,0,0,0,0,0,0,0,0,0,0,0,0,0,0,0,0,0,0,0,0,0,0,3.726,3.726,0,0,0,0,0,0,0,0,0,0,0,0,0,0,0,0,0,0,0,0,0,0,0,0,0,0,0,0,0,0,0,0,0,0,0,0,0,0,0,0,0,0,0,2.802,2.802,0,0,0,0,0,0,0,0,0,0,0,0,0,0,0,0,0,0,0,0,0,0,0,0,0,0,0,0,0,0,0,0,0,0,0,0,0,0,0,0,0,0,3.874,3.874,0,0,0,3.876,3.876,0,0,0,0,0,0,0,0,0,0,0,0,0,0,0,0,0,0,0,0,3.809,3.809,0,0,0,0,0,0,0,0,0,0,0,0,0,0,0,0,0,0,0,0,0,3.823,3.823,0,0,0,0,0,0,0,0,0,0,0,0,0,0,0,0,0,0,0,0,0,0,0,0,0,0,0,0,3.909,3.909,0,0,0,0,3.87,3.87,0,0,0,3.892,3.892,2.768,0,0,4.796,4.796,0,0,3.823,3.823,0,0,0,0,0,0,0,0,0,3.716,3.716,0,0,0,0,0,0,0,0,0,0
GuestBathHallLights_Re,0,0,0,0,0,0,0,0,0,0,0,0,5.615,7.099,5.66,7.08,0,0,5.741,5.741,0,0,0,0,0,0,0,0,0,0,0,0,0,0,0,0,0,0,0,0,0,0,0,0,0,0,0,0,0,0,0,0,0,0,0,0,0,0,0,0,0,0,0,0,0,0,0,0,0,0,0,0,0,0,0,0,0,0,0,0,0,0,0,0,0,0,0,0,0,0,0,0,0,0,0,0,0,0,0,0,0,0,0,0,0,0,0,0,0,0,0,0,0,0,0,0,0,0,0,0,0,0,0,0,0,0,0,0,0,0,0,0,0,0,0,0,6.589,6.589,0,0,0,0,0,0,6.668,6.668,0,0,0,0,0,0,0,0,0,0,0,0,0,6.717,6.717,0,0,0,0,0,0,0,0,0,0,0,0,0,0,6.699,5.631,0,0,0,6.63,6.63,0,0,0,0,0,0,0,0,0,0,0,0,0,0,0,0,0,0,0,0,0,0,0,0,0,0,0,0,0,0,0,0,0,0,0,0,0,0,0,0,0,0,0,0,0,0,0,0,0,0,0,0,0,0,0,0,0,0,0,0,0,0,0,0,0,0,0,0,0,0,0,0,0,0,0,0,0,0,0,0,6.72,6.72,0,0,0,0,0,0,0,0,0,0,0,0,0,0,0,0,0,0,0,0,0,0,0,0,0,0,0,0,0,0,0,0,0,0,0,0,0,0,0,0,0,0,0,0,0,0,0,0,0,6.777,6.777,0,0,0,0,0,0,0,0,0,0,0,0,0,0,0,0,0,0,0,0,0,0,0,0,0,0,0,0,0,0,0,0,0,0,0,0,0,0,0,0,0,0,0,0,0,0,0,0,0,0,0,0,0,0,0,0,0,0,0,0,0,0,0,0,0,6.724,6.724,0,0,6.815,5.714,0,0,0,0,0,0,0,0,0,0,0,0,0,0,0,0,0,0,0,0,0,0,0,0,0,0,0,0,0,0,0,0,0,0,0,0,0,0,0,0,0,0,0,6.204,6.204,0,0,0,0,0,0,0,0,0,0,0,0,0,0,0,0,0,0,0,0,0,0,6.706,6.706,0,0,6.744,5.692,0,6.703,6.703,0,0,0,0,0,0,0,0,0,0,0,0,0,0,0,0,0,0,0,0,0,0,0,0,6.596,6.596,0,0,0,0,0,0,0,0,0,0,0,0,0,0,0,0,0,0,0,0,0,5.666,5.666,0,0,0,0,0,0,0,0,0,0,0,0,0,0,0,0,0,0,0,0,0,0,0,0,0,0,0,0,0,0,0,0,0,0,0,0,0,0,0,0,0,0,0,0,0,0,0,6.756,5.666,0,0,0,0,0,0,0,0,7.254,6.125,0,0,0,0,0,0,6.715,6.715,0,0,0,0,0,0,0,0,0,0,0,0,0,0,0,0,0,0,0,0,0,0,0,0,0,0,0,0,0,0,0,0,6.657,5.629,0,0,0,0,0,0,0,0,0,0,0,0,0,0,0,0,0,0,0,0,0,0,0,0,0,0,0,0,0,0,0,0,0,0,0,0,0,0,0,0,0,6.655,6.655,0,0,0,5.62,5.62,0,0,0,0,0,6.743,6.743,0,0,0,0,0,0,0,0,0,0,0,0,0,0,0,0,0,0,0,0,0,0,0,0,0,6.893,5.814,0,0,0,0,0,0,0,0,0,0,0,0,0,0,0,0,0,0,0,0,0,0,0,0,0,0,0,0,0,0,0,0,0,0,0,0,0,0,6.836,5.702,0,0,0,0,5.687,5.687,0,0,0,0,0,0,0,0,0,0,0,0,0,0,0,0,0,0,0,0,0,0,0,0,0,0,0,0,0,0,0,0,0,0,0,0,0,0,0,0,0,0,0,0,0,0,0,0,0,0,0,0,0,0,0,0,0,0,0,0,0,0,0,0,0,0,0,0,0,0,0,0,0,0,0,0,0,0,0,0,0,0,0,0,0,0,0,0,0,0,0,0,0,6.639,5.618,0,0,0,0,0,0,0,0,0,0,0,0,0,0,0,0,0,0,0,0,0,0,0,0,0,0,0,0,0,0,0,0,0,0,5.631,5.631,0,0,0,0,0,0,0,0,0,0,0,0,0,0,0,0,6.898,5.804,0,0,0,0,0,0,0,0,0,0,0,0,0,0,0,0,0,0,0,0,7.223,7.223,0,0,0,0,0,0,0,0,0,0,0,0,0,0,0,0,0,0,0,0,0,0,0,0,0,0,0,0,0,0,0,0,0,6.998,6.998,0,0,0,0,0,0,0,0,0,0,0,0,0,6.75
DiningRoomOutlets_Re,14.843,14.435,14.435,0,0,0,0,14.375,14.375,0,0,0,13.291,15.199,15.412,14.166,0,0,0,0,0,0,0,0,0,15.493,14.376,0,0,0,0,0,0,0,15.394,15.394,0,0,0,0,0,0,0,15.252,15.449,14.292,0,0,0,0,0,0,15.208,14.222,15.277,0,0,15.434,14.327,0,0,0,0,0,0,13.431,13.431,13.308,0,14.59,13.436,0,0,14.45,13.438,13.434,13.434,0,0,0,14.337,14.337,0,14.29,14.29,0,0,14.457,14.457,14.377,14.812,14.445,14.482,14.643,14.933,13.236,0,13.37,13.205,0,0,0,0,14.334,14.334,0,14.632,13.321,13.281,14.449,13.377,0,0,0,0,0,0,13.288,13.288,0,13.285,13.285,0,14.542,14.813,13.459,0,0,0,0,0,0,0,0,0,0,13.293,13.264,0,0,0,13.203,13.203,0,14.395,14.395,0,14.276,14.276,0,0,0,14.387,14.387,0,14.344,14.344,14.269,0,13.205,14.348,14.348,0,0,0,13.262,13.262,13.528,13.528,0,0,14.445,14.445,0,0,0,14.261,13.271,13.316,14.329,14.389,14.389,0,0,0,13.452,14.293,14.302,14.785,14.785,14.304,14.519,13.227,13.292,13.474,0,14.518,13.423,0,0,14.47,14.47,0,0,0,0,0,0,14.294,14.294,14.279,14.261,0,0,0,0,13.399,13.399,0,0,0,14.379,13.233,0,14.305,13.131,0,0,14.308,14.308,0,0,13.282,13.282,0,0,13.492,13.492,15.192,13.309,13.309,14.499,13.338,0,14.419,13.332,0,13.233,13.395,0,0,0,0,14.242,13.218,0,0,13.18,13.05,14.464,14.464,0,14.189,14.189,14.19,14.19,0,0,0,0,13.356,13.356,0,14.188,13.219,14.312,14.312,0,0,13.275,13.275,0,0,14.458,14.458,13.381,14.47,14.47,0,14.354,14.354,0,13.493,13.335,14.8,0,14.879,13.512,13.212,13.241,14.543,14.543,0,0,0,0,0,0,0,0,0,0,0,0,13.076,13.076,13.719,14.385,13.283,14.562,14.284,14.284,13.256,13.256,14.553,14.146,14.395,15.02,13.293,14.269,14.316,14.379,13.307,14.594,13.291,14.679,13.645,0,0,13.287,13.287,14.372,14.372,14.429,0,14.585,14.585,0,0,0,13.174,13.174,0,0,0,0,0,14.527,13.41,13.2,13.2,0,0,0,0,14.262,13.218,0,14.417,13.298,0,0,0,14.343,13.331,13.234,13.234,0,14.137,14.352,14.352,0,0,14.581,14.652,13.463,13.463,0,14.866,14.866,14.612,14.612,13.399,14.561,13.423,0,0,13.468,13.468,14.606,0,0,0,14.466,14.521,13.377,0,0,0,0,0,0,0,14.58,13.509,0,0,14.664,13.333,13.292,14.387,13.157,0,0,0,0,0,0,0,13.303,13.303,14.372,14.458,0,0,0,13.366,14.768,13.491,14.409,14.409,14.341,14.459,14.459,0,0,0,0,0,14.674,14.851,13.5,0,0,14.245,14.245,13.442,13.442,0,14.283,13.233,13.291,13.291,14.33,14.386,14.386,14.394,14.394,0,0,0,0,0,0,14.694,14.694,14.857,13.443,13.249,14.354,13.214,0,0,0,0,0,0,0,0,0,0,13.354,13.354,0,0,14.479,14.479,14.987,0,0,0,0,14.692,13.391,0,14.603,13.301,0,0,0,14.521,13.207,13.281,13.261,13.261,14.309,14.309,14.444,13.364,14.284,14.284,13.499,13.499,0,0,14.604,14.604,13.49,0,0,0,0,0,0,0,14.339,14.339,14.513,13.64,13.64,13.42,14.579,14.579,14.448,14.448,13.446,13.446,0,0,0,0,0,0,0,14.594,14.594,0,14.42,14.42,13.334,14.771,14.771,0,0,0,14.779,13.488,0,14.336,14.572,14.572,0,14.479,13.161,13.312,13.312,14.398,14.398,13.227,0,14.615,14.642,13.61,13.432,0,0,0,0,13.259,13.259,14.318,14.414,14.414,0,0,13.538,13.538,13.29,0,0,13.836,13.836,0,0,0,14.49,14.49,14.509,13.325,0,14.522,14.54,14.54,0,0,0,0,0,0,0,0,0,0,0,13.291,13.291,0,0,0,14.316,13.218,0,0,0,0,13.282,14.439,13.507,0,0,0,0,14.357,14.357,0,0,0,0,13.383,13.383,14.931,13.412,0,14.645,13.413,13.572,0,14.637,14.637,0,0,14.755,13.447,0,13.395,14.763,13.384,0,14.353,14.353,14.42,14.42,0,0,13.301,13.301,14.114,14.114,0,14.49,13.479,0,0,13.425,14.843,14.843,0,14.575,13.454,0,14.653,13.424,13.424,13.544,14.355,14.355,0,0,14.446,14.672,0,0,0,0,0,14.399,14.399,13.586,13.238,13.283,13.517,13.517,0,0,0,0,0,0,0,0,0,14.471,14.471,0,0,0,0,0,13.234,14.664,13.34,0,14.388,13.307,0,0,14.404,14.404,0,13.185,13.185,0,0,0,0,0,14.494,14.494,0,0,0,0,0,0,0,0,0,0,0,0,0,0,0,0,0,0,0,0,0,0,0,0,14.451,13.422,13.213,13.213,14.72,14.72,0,13.362,13.362,0,0,0,0,14.524,13.449,14.484,0,0,0,0,0,13.186,13.186,0,0,0,0,0,0,0,0,0,0,0,0,0,14.351,14.351,0,0,0,14.689,13.167,14.311,0,0,13.238,13.238,0,0,0,0,0,0,0,14.38,13.341,14.581,14.603,0,0,0,0,0,0,0,0,0,13.389,13.44,14.375,14.375,0,0,13.265,13.265,0,13.277,13.277,0,14.62,14.62,0,14.46,13.452,0,0,0,0,0,0,0,15.183,13.882,14.63,13.53,0,0,0,0,0,13.364,13.364,0,13.435,13.435,0,0,0,0,0,0,14.626,14.626,0,0,14.78,13.465,0,0,14.303,14.303,0,0,13.448,13.448,0,0,0,0,13.345,13.345,0,0,0,13.254,13.254,13.167,13.167,0,0,14.698,13.31,13.292,14.787,14.594,13.394,0,0,0,0,0,0,0,13.369,13.369,0,0,0,0,0,0,0,14.436,14.436,0,13.347,13.318,13.318,0,0,0,0,14.566,13.336,14.527,14.392,0,0,0,0,0,0,0,14.613,13.173,14.319,14.814
OutsideOutlets_Re,0,0,0,0,0,0,0,0,0,0,0,0,0.376,0.376,0,0,1.916,0.759,0,0,0,0,0,0,0,0,0,0,0,0,0,0,0,0,0,0,0,0,0,0,0,0,0,0,0,0,0,0,0,0,0,0,0,0,0,0,0,0,0,0,0,0,0,0,0,0,0,0,0,0,0,0,0,0,0,0,1.503,1.503,0,0,0,0,0,0,0,0,0,0,0,0,0,0,0,0,0,0,0,0,0,0,0,0,0,0,0,0,0,0,0,0,0,0,0,0,0,0,0,0,0,0,0,0,0,0,0,0,0,0,0,0,0,0,0,0,0,0,0,0,0,0,0,0,0,0,0,0,0,0,0,0,0,0,0,0,0,0,0,0,0,0,0,0,0,0,0,0,0,0,0,0,0,0,0,0,0,0,0,0,0,0,0,0,0,0,0,0,0,0,0,0,0,0,0,0,0,0,0,0,0,0,0,0,0,0,0,0,0,0,0,0,0,0,0,0,0,0,0,0,0,0,0,0,0,0,0,0,0,0,0,0,0,0,0,0,0,0,0,0,0,0,0,0,0,0,0,0,0,1.743,0.502,0,0,0,0,0,0,0,0,0,0,0,0,0,0,0,0,0,0,0,0,0,0,0,0,0,0,0,0,0,0,0,0,0,0,0,0,0,0,0,0,0,0,0,0,0,0,0,0,0,1.722,0.588,0,0,0,0,0,0,0,0,0,0,0,0,0,0,0,0,0,0,0,0,0,0,0,0,0,0,0,0,0,0,0,0,0,0,0,0,0,0,0,0,0,0,0,0,0,0,0,0,0,1.652,0.643,0,0,0,0,0,0,0,0,0,0,0,0,0,0,0,0,0,0,0,0,0,0,0,0,0,0,0,0,0,0,0,0,0,0,0,0,0,0,0,0,0,0,0,0,0,0,0,0,0,0,2.618,2.618,0,0,0,0,0,0,0,0,0,0,0,0,0,0,0,0,0,0,0,0,0,0,0,0,0,0,0,0,0,0,0,0,0,0,0,0,0,0,0,0,0,0,0,0,0,0,0,0,0,0,1.735,0.546,0,0,0,0,0,0,0,0,0,0,0,0,0,0,0,0,0,0,0,0,0,0,0,0,0,0,0,0,0,0,0,0,0,0,0,0,0,0,0,0,0,0,0,0,0,0,0,0,0,0,0,0,0,0,0,0,0,0,0,0,0,0,0,0,0,0,0,0,0,0,0,0,0,0,0,0,0,0,0,0,0,0,0,0,0,0,0,0,0,0,0,0,0,0,0,0,0,0,0,0,0,0,0,0,0,0,0,0,0,0,0,0,0,0,0,0,0,0,0,0,0,0,0,0,0,0,0,0,0,0,0,0,0,0,0,0,0,0,0,0,0,0,0,0,0,0,0,0,0,0,0,0,0,0,0,0,0,0,0,0,0,0,0,0,0,0,0,0,0,0,0,0,0,0,0,0,0,0,0,0,0,0,0,0,0,0,0,0,0,0,0,0,0,0,0,0,0,0,0,0,0,0,0,0,0,0,0,0,0,0,0,0,0,0,0,0,0,0,0,0,0,0,0,0,0,0,0,0,0,0,0,0,0,0,0,0,0,1.76,0.708,0,0,0,0,0,0,0,0,0,0,0,0,0,0,0,0,0,0,0,0,0,0,0,0,0,0,0,0,0,0,0,0,0,0,0,0,0,0,0,0,0,0,0,0,0,0,0,0,0,0,0,0,0,0,0,0,0,0,0,0,0,0,0,0,0,0,0,0,0,0,0,0,0,0,0,0,0,0,0,0,0,0,0,0,0,0,0,0,0,0,0,0,0,0,0,0,0,0,0,2.653,1.621,0,0,0,0,0,0,0,0,0,0,0,0,0,0,0,0,0,0,0,0,0,0,0,0,0,0,0,0,0,0,0,0,0,0,0,0,0,0,0,0,0,0,0,0,0,0,0,1.583,1.583,0,0,0,0,0,0,0,0,0,0,0,0,0,0,0,0,0,0,0,0,0,0,0,0,0,0,0,0,0,0,0,0,0,0,0,0,0,0,0,0,0,0,0,1.728,0.637,0,0,0,0,0,0,0,0,0,0,0,0,0,0,0,0,0,0,0,0,0,0,0,0,0,0,0,0,0,0,0,0,0,0,0,0,0,0,0,0,2.616,1.585,0,0,0,0,0,0,0,0,0,0,0,0,0,0,0,0,0,0,0,0,0,0,0,0,0,0,0,0,0
CellarLights_Re,0,0,0,0,0,0,0,0,0,0,0,0,-0.069,-0.069,0,0,0,0,0,0,0,0,0,0,0,0,0,0,0,0,0,0,0,0,0,0,0,0,0,0,0,0,0,0,0,0,0,0,0,0,0,0,0,0,0,0,0,0,0,0,0,0,0,0,0,0,0,0,0,0,0,0,0,0,0,0,0,0,0,0,0,0,0,0,0,0,0,0,0,0,0,0,0,0,0,0,0,0,0,0,0,0,0,0,0,0,0,0,0,0,0,0,0,0,0,0,0,0,0,0,0,0,0,0,0,0,0,0,0,0,0,0,0,0,0,0,0,0,0,0,0,0,0,0,0,0,0,0,0,0,0,0,0,0,0,0,0,0,0,0,0,0,0,0,0,0,0,0,0,0,0,0,0,0,0,0,0,0,0,0,0,0,0,0,0,0,0,0,0,0,0,0,0,0,0,0,0,0,0,0,0,0,0,0,0,0,0,0,0,0,0,0,0,0,0,0,0,0,0,0,0,0,0,0,0,0,0,0,0,0,0,0,0,0,0,0,0,0,0,0,0,0,0,0,0,0,0,0,0,0,0,0,0,0,0,0,0,0,0,0,0,0,0,0,0,0,0,0,0,0,0,0,0,0,0,0,0,0,0,0,0,0,0,0,0,0,0,0,0,0,0,0,0,0,0,0,0,0,0,0,0,0,0,0,0,0,0,0,0,0,0,0,0,0,0,0,0,0,0,0,0,0,0,0,0,0,0,0,0,0,0,0,0,0,0,0,0,0,0,0,0,0,0,0,0,0,0,0,0,0,0,0,0,0,0,0,0,0,0,0,0,0,0,0,0,0,0,0,0,0,0,0,0,0,0,0,0,0,0,0,0,0,0,0,0,0,0,0,0,0,0,0,0,0,0,0,0,0,0,0,0,0,0,0,0,0,0,0,0,0,0,0,0,0,0,0,0,0,0,0,0,0,0,0,0,0,0,0,0,0,0,0,0,0,0,0,0,0,0,0,0,0,0,0,0,0,0,0,0,0,0,0,0,0,0,0,0,0,0,0,0,0,0,0,0,0,0,0,0,0,0,0,0,0,0,0,0,0,0,0,0,0,0,0,0,0,0,0,0,0,0,0,0,0,0,0,0,0,0,0,0,0,0,0,0,0,0,0,0,0,0,0,0,0,0,0,0,0,0,0,0,0,0,0,0,0,0,0,0,0,0,0,0,0,0,0,0,0,0,0,0,0,0,0,0,0,0,0,0,0,0,0,0,0,0,0,0,0,0,0,0,0,0,0,0,0,0,0,0,0,0,0,0,0,0,0,0,0,0,0,0,0,0,0,0,0,0,0,0,0,0,0,0,0,0,0,0,0,0,0,0,0,0,0,0,0,0,0,0,0,0,0,0,0,0,0,0,0,0,0,0,0,0,0,0,0,0,0,0,0,0,0,0,0,0,0,0,0,0,0,0,0,0,0,0,0,0,0,0,0,0,0,0,0,0,0,0,0,0,0,0,0,0,0,0,0,0,0,0,0,0,0,0,0,0,0,0,0,0,0,0,0,0,0,0,0,0,0,0,0,0,0,0,0,0,0,0,0,0,0,0,0,0,0,0,0,0,0,0,0,0,0,0,0,0,0,0,0,0,0,0,0,0,0,0,0,0,0,0,0,0,0,0,0,0,0,0,0,0,0,0,0,0,0,0,0,0,0,0,0,0,0,0,0,0,0,0,0,0,0,0,0,0,0,0,0,0,0,0,0,0,0,0,0,0,0,0,0,0,0,0,0,0,0,0,0,0,0,0,0,0,0,0,0,0,0,0,0,0,0,0,0,0,0,0,0,0,0,0,0,0,0,0,0,0,0,0,0,0,0,0,0,0,0,0,0,0,0,0,0,0,0,0,0,0,0,0,0,0,0,0,0,0,0,0,0,0,0,0,0,0,0,0,0,0,0,0,0,0,0,0,0,0,0,0,0,0,0,0,0,0,0,0,0,0,0,0,0,0,0,0,0,0,0,0,0,0,0,0,0,0,0,0,0,0,0,0,0,0,0,0,0,0,0,0,0,0,0,0,0,0,0,0,0,0,0,0,0,0,0,0,0,0,0,0,0,0,0,0,0,0,0,0,0,0,0,0,0,0,0,0,0,0,0,0,0,0,0,0,0,0,0,0,0,0,0,0,0,0,0
FurnaceHRV_Re,0,307.262,20.44,57.68,488.016,20.569,39.814,480.285,375.291,24.3,478.527,0,503.482,503.397,503.148,503.276,507.308,504.6,504.6,0,0,0,0,0,503.242,503.242,502.986,504.264,0,0,502.675,20.903,49.442,505.474,526.933,531.436,532.702,534.079,0,0,0,0,537.283,538.357,537.492,0,536.355,505.954,503.836,0,0,0,502.115,503.21,502.291,0,0,0,0,499.527,499.527,0,500.017,500.017,554.957,498.475,0,0,497.617,500.327,500.327,0,495.839,495.839,543.194,527.128,527.128,51.487,112.001,522.105,0,0,0,0,0,528.867,528.867,0,506.953,497.56,498.237,496.789,496.789,497.771,495.225,497.532,497.532,497.047,497.047,497.436,20.438,33.738,495.302,485.394,0,0,569.333,576.148,495.993,0,0,161.864,20.029,516.349,490.432,531.505,527.054,525.385,526.947,0,530.111,529.378,531.358,531.484,529.956,529.336,529.723,529.723,518.805,499.557,499.148,0,0,496.502,496.502,0,499.076,496.892,0,495.299,495.299,0,0,494.002,494.002,496.49,20.211,489.639,489.639,488.596,489.725,422.885,81.505,485.061,482.905,503.679,527.529,525.902,0,0,0,611.502,529.157,529.431,0,529.868,528.504,0,0,498.761,498.761,0,0,498.81,496.297,0,0,495,497.423,19.788,502.152,492.879,0,493.412,493.412,492.639,492.639,0,0,0,0,492.575,492.337,492.337,494.547,495.026,537.304,57.057,79.325,517.641,0,523.115,524.424,524.369,524.369,524.997,0,525.463,525.343,0,506.863,493.944,544.182,494.158,0,495.982,495.982,493.475,146.977,43.615,487.323,480.35,0,488.821,109.796,63.083,486.546,0,0,0,490.201,449.635,40.568,485.264,483.563,483.563,488.173,489.831,524.044,522.948,0,0,525.56,523.752,525.062,524.648,522.65,525.715,524.404,524.992,524.419,523.271,493.293,493.276,493.276,491.156,493.033,405.972,20.145,488.633,486.718,488.496,488.496,0,168.543,20.21,23.047,482.223,484.033,488.155,165.667,100.066,488.893,478.265,0,488.783,169.018,60.951,486.347,517.966,519.561,485.799,52.597,113.152,518.808,519.55,519.55,0,526.943,526.855,0,527.422,527.371,495.03,493.606,493.606,0,492.998,492.998,493.261,561.267,493.617,0,414.652,20.538,502.34,481.642,0,361.825,20.219,28.653,484.376,481.832,485.484,20.436,39.504,484.466,203.858,20.329,491.252,512.858,514.161,0,462.9,52.081,554.142,512.488,516.222,522.989,562.276,523.984,523.984,526.716,527.824,496.748,0,0,0,0,0,494.483,494.483,0,0,0,0,494.719,494.719,0,493.598,494.124,58.929,492.87,0,0,0,493.605,495.809,0,255.185,64.554,520.374,522.938,526.14,466.416,52.603,549.679,516.723,521.118,524.885,523.683,0,530.658,530.658,531.011,501.194,499.461,500.039,208.073,20.76,494.994,133.917,20.667,77.56,486.914,404.829,20.418,70.668,482.051,0,537.212,493.476,492.515,0,0,47.045,20.112,26.473,482.659,482.659,321.382,22.746,694.791,684.427,688.736,692.707,694.91,688.848,532.154,532.534,532.534,533.727,0,0,531.986,532.103,21.203,64.263,499.237,194.412,20.962,59.751,491.011,199.935,20.913,50.798,490.852,493.502,100.004,50.844,486.032,486.032,299.07,20.674,521.184,486.801,155.506,20.819,518.667,485.711,214.694,20.438,43.483,516.686,0,0,0,0,530.493,532.468,533.585,0,0,536.8,52.047,71.708,509.4,490.978,462.43,40.63,485.909,0,497.753,497.753,0,499.78,501.073,20.424,39.51,499.709,217.51,20.478,493.485,487.671,498.006,498.006,0,0,160.738,20.451,23.17,493.036,20.379,65.898,515.078,518.206,524.042,0,528.809,529.961,531.421,532.616,532.767,533.02,532.602,532.602,0,527.666,501.705,0,0,0,0,0,0,537.074,499.708,498.318,498.121,0,497.522,497.522,497.147,444.015,20.328,505.965,496.829,0,0,0,499.349,500.064,20.939,75.218,486.844,527.904,529.414,529.414,52.374,66.093,516.865,240.094,51.971,550.907,518.304,0,529.241,529.241,503.929,499.773,502.028,0,0,501.546,500.287,502.73,502.73,500.058,0,499.238,499.563,501.276,501.276,0,499.603,500.659,500.492,503.014,498.555,500.163,499.531,501.132,499.734,498.824,20.794,524.42,517.926,0,78.612,83.194,521.468,245.148,52.388,546.092,514.502,523.35,524.475,52.788,83.414,518.256,119.071,37.236,490.603,493.378,493.378,498.608,500.858,500.858,500.58,502.523,502.523,500.373,500.199,0,500.639,502.134,502.134,250.447,20.892,38.191,489.512,491.474,277.163,20.533,492.708,483.133,54.211,189.404,512.028,529.119,529.119,530.664,530.677,531.422,531.975,533,535.188,531.889,531.039,531.729,531.481,501.817,503.373,0,503.445,503.445,0,500.972,552.576,20.862,517.664,496.307,498.336,498.336,20.93,51.768,490.451,497.356,20.962,361.756,483.673,0,0,0,499.705,499.705,21.02,512.116,522.617,0,530.882,532.175,532.811,534.38,0,0,533.732,533.732,0,534.561,534.256,529.205,504.137,0,506.951,503.835,505.197,506.067,501.443,501.803,0,0,501.089,503.014,56.283,496.962,0,497.454,497.454,366.943,20.584,510.612,488.22,0,0,498.549,501.666,501.666,510.776,535.291,536.222,534.05,537.7,535.244,0,0,0,532.896,534.155,0,533.634,96.61,492.048,492.027,499.825,500.998,0,326.631,21.511,535.555,497.465,496.811,0,0,499.619,21.075,46.171,490.382,490.382,0,503.48,501.372,21.093,63.272,491.045,436.619,20.994,55.59,488.995,536.377,529.136,529.136,0,0,532.767,532.767,533.271,532.536,0,101.796,90.526,530.396,522.946,504.943,498.262,525.146,502.23,502.23,501.804,61.811,503.643,0,147.138,58.481,491.292,496.013,496.013,0,0,498.4,233.008,20.966,528.68,489.013,0,278.604,20.964,65.833,497.154,490.85,534.544,0,529.431,529.431,0,531.198,52.824,54,530.16,521.537,528.813,0,531.078,531.078,500.668,499.626,499.626,476.473,55.607,487.668,486.185,495.913,495.913,20.758,79.075,490.493,0,0,498.051,100.337,42.055,491.14,481.23,0,0,197.341,20.437,71.56,480.846,0,525.992,524.611,424.192,72.374,514.846,514.846,0,0,0,0,0,0,526.286,526.286,508.478,493.57,395.087,51.755,486.469,0,486.285,19.786,519.515,480.936,482.593,568.296,490.347,490.347,20.081,536.094,479.712,0,491.767,427.807,44.941,492.132,487.891,487.891,0,309.009,70.124,490.728,517.746,519.072,0,0,301.58,52.222,522.925,515.299,515.299,0,0,569.157,526.762,52.614,508.289,414.55,20.853,24.384,481.828,0,0,490.108,245.569,55.119,492.725,0,0,0,98.383,75.718,483.308,0,0,489.922,20.449,30.56,487.547,0,0,386.884,44.647,513.415,518.764,518.764,424.428,52.672,536.042,517.596,0,102.386,52.205,104.086,518.805,0,506.288,488.803,488.37,20.756,48.103,482.95,0,422.122,20.804,469.509,483.096,473.038,20.66,54.012,483.539,481.357,485.456,444.303,20.508,497.912,488.014,485.75,21.072,21.072,499.083,478.809,20.89,67.436,512.902,0,520.254,520.254,52.968,540.602,510.74,511.904,323.727,53.063,68.936,516.199,0,508.458,450.012,50.028,482.838,0,251.571,44.725,477.606,0,168.791,39.948,480.566,479.429
CellarOutlets_Re,0,0,0,0,0,0,0,0,0,0,0,0,10.587,10.587,0,0,762.385,161.733,145.149,0,0,139.469,138.065,138.28,137.468,135.791,133.629,131.214,131.214,129.724,129.724,129.497,129.156,129.225,128.48,0,126.214,126.229,0,125.64,124.591,124.591,0,0,124.354,122.701,0,123.106,123.106,122.955,0,0,0,0,120.769,120.769,119.54,119.358,119.358,0,119.468,119.468,0,0,0,0,0,0,0,0,0,0,0,0,0,0,0,0,0,0,0,0,0,0,0,0,0,0,0,0,116.12,117.599,116.336,116.336,0,0,0,115.817,115.817,0,0,0,0,0,0,0,0,0,0,0,0,0,0,0,0,0,0,0,0,0,66.114,10.569,0,0,0,0,0,0,0,0,0,0,0,0,0,0,146.922,133.25,121.637,123.165,0,0,0,0,120.426,120.426,0,0,0,0,0,0,0,0,0,0,115.818,115.818,0,0,115.989,115.989,0,0,0,0,0,0,0,0,0,0,0,0,0,0,0,89.937,10.33,0,0,0,0,0,0,0,0,0,0,0,0,0,0,147.836,130.387,125.091,122.878,121.798,121.318,120.037,0,0,0,0,0,0,0,0,0,0,0,0,0,0,115.989,115.989,0,0,0,0,0,0,0,0,0,0,0,0,0,0,62.655,10.392,0,0,0,0,0,0,0,0,0,0,0,0,0,0,0,698.619,131.605,121.763,122.228,121.731,120.714,0,0,0,0,0,0,0,0,0,0,116.897,118.412,0,0,0,0,0,0,0,0,0,0,0,0,0,0,0,0,0,93.97,10.496,0,0,0,0,0,0,0,0,0,0,0,0,0,0,685.449,131.899,0,0,0,0,0,0,0,0,0,0,0,0,0,0,117.198,117.198,118.635,118.635,0,0,0,0,0,0,0,0,0,0,0,0,0,0,0,62.767,10.68,0,0,0,0,0,0,0,0,0,0,0,0,0,0,675.733,130.557,126.716,126.716,122.98,121.429,0,0,0,0,0,0,0,0,0,0,0,0,0,0,0,0,0,0,0,0,0,0,116.397,116.397,0,0,0,115.767,115.767,0,28.292,10.623,0,0,0,0,0,0,0,0,0,0,0,0,0,0,689.875,135.496,122.482,122.482,123.401,123.401,0,0,0,0,120.399,120.399,0,0,0,0,0,0,0,0,0,0,0,0,0,0,0,0,0,0,0,0,0,0,0,0,10.759,10.759,0,0,0,0,0,0,0,0,0,0,0,0,0,0,701.877,130.919,123.815,123.618,121.697,122.127,0,0,0,0,0,0,0,0,0,0,0,0,0,0,0,0,0,0,0,0,0,0,0,0,0,0,0,0,0,0,0,0,54.838,10.675,0,0,0,0,0,0,0,0,0,0,0,0,0,0,252.12,135.27,122.646,121.696,123.374,0,0,0,0,0,0,0,0,0,0,0,0,0,0,0,0,0,0,0,0,0,0,0,0,0,0,117.511,117.511,0,0,0,0,0,0,0,14.887,10.543,0,0,0,0,0,0,0,0,0,0,0,0,0,0,174.862,135.709,0,123.46,123.469,0,0,0,0,0,0,0,0,0,0,0,0,119.176,119.176,0,0,0,0,0,0,0,0,0,0,0,0,0,0,0,0,0,110.924,10.757,0,0,0,0,0,0,0,0,0,0,0,0,0,0,413.623,133.713,127.833,123.7,0,0,0,0,0,0,0,0,0,0,0,0,0,0,0,0,0,0,0,0,0,0,0,0,0,0,0,0,0,114.458,10.739,0,0,0,0,0,0,0,0,0,0,0,0,0,0,241.885,136.431,124.375,123.935,123.935,0,0,121.619,261.656,456.434,442.292,438.678,433.767,439.323,10.699,0,0,0,0,0,0,0,0,0,0,0,0,0,705.678,159.495,142.861,0,139.547,139.547,137.503,135.291,135.291,0,132.143,132.143,130.796,128.768,128.88,127.995,127.273,125.68,125.438,125.438,126.473,124.887,124.887,123.976,125.253,123.146,124.554,124.554,123.239,0,124.539,124.553,0,0,0,0,0,0,0,0,0,0,121.537,121.537,121.414,121.414,0,0,0,0,0,0,0,0,0,0,0,0,0,0,0,0,0,0,0,0,0,0,0,0,0,0,0,0,0,0,0,0,0,0,0,0,0,0,0,0,0,32.554,10.718,0,0,0,0,0,0,0,0,0,0,0,0,37.922,132.414,132.414,0,123.956,122.961,122.961,0,0,0,0,0,0,0,0,0,0,0,0,0,0,0,0,0,0,0,0,0,0,0,0,0,0,0,0,39.7,10.431,0,0,0,0,0,0,0,0,0,0,0,0,608.139,134.123,0,124.198,124.198,0,0,0,0,0,0,0,0,0,0,0,0,0,0,0,0,0,0,0,0,0,0,0,0,0,0,89.253,10.578,0,0,0,0,0,0,0,0,0,0,0,0,667.958,134.933,123.978,123.348,123.348,122.822,0,0,122.046,122.046,0,0,0,0,0,0,0,0,0,0,0,0,0,117.987,117.987,0,0,0,80.364,10.706,0,0,0,0,0,0,0,0,0,0,0,0,673.628,133.96,123.814,125.21,123.864,0,0,0,0,0,0,0,0,0,0,0,0,0,0,0,0,0,0,0,0,0,0,0,0,0,60.649
WashingMachine_Re,0,0,0,0,0,0,0,0,0,0,0,0,1.312,1.312,0,0,0,0,0,0,0,0,0,0,0,0,0,0,0,0,0,0,0,0,0,0,0,0,0,0,0,0,0,0,0,0,0,0,0,0,0,0,0,0,0,0,0,0,0,0,0,0,0,0,0,0,0,0,0,0,0,0,0,0,0,0,0,0,0,0,0,0,0,0,0,0,0,0,0,0,0,0,0,0,0,0,0,0,0,0,0,0,0,0,0,0,0,0,0,0,0,0,0,0,0,0,0,0,0,0,0,0,0,0,0,0,0,0,0,0,0,0,0,0,0,0,0,0,0,0,0,0,0,0,0,0,0,0,0,0,0,0,0,0,0,0,0,0,0,0,0,0,0,0,0,0,0,0,0,0,0,0,0,0,0,0,0,0,0,0,0,0,0,0,0,0,0,0,0,0,0,0,0,0,0,0,0,0,0,0,0,0,0,0,0,0,0,0,0,0,0,0,0,0,0,0,0,0,0,0,0,0,0,0,0,0,0,0,0,0,0,0,0,0,0,0,0,0,0,0,0,0,0,0,0,0,0,0,0,0,0,0,0,0,0,0,0,0,0,0,0,0,0,0,0,0,0,0,0,0,0,0,0,0,0,0,0,0,0,0,0,0,0,0,0,0,0,0,0,0,0,0,0,0,0,0,0,0,0,0,0,0,0,0,0,0,0,0,0,0,0,0,0,0,0,0,0,0,0,0,0,0,0,0,0,0,0,0,0,0,0,0,0,0,0,0,0,0,0,0,0,0,0,0,0,0,0,0,0,0,0,0,0,0,0,0,0,0,0,0,0,0,0,0,0,0,0,0,0,0,0,0,0,0,0,0,0,0,0,0,0,0,0,0,0,0,0,0,0,0,0,0,0,0,0,0,0,0,0,0,0,0,0,0,0,0,0,0,0,0,0,0,0,0,0,0,0,0,0,0,0,0,0,0,0,0,0,0,0,0,0,0,0,0,0,0,0,0,0,0,0,0,0,0,0,0,0,0,0,0,0,0,0,0,0,0,0,0,0,0,0,0,0,0,0,0,0,0,0,0,0,0,0,0,0,0,0,0,0,0,0,0,0,0,0,0,0,0,0,0,0,0,0,0,0,0,0,0,0,0,0,0,0,0,0,0,0,0,0,0,0,0,0,0,0,0,0,0,0,0,0,0,0,0,0,0,0,0,0,0,0,0,0,0,0,0,0,0,0,0,0,0,0,0,0,0,0,0,0,0,0,0,0,0,0,0,0,0,0,0,0,0,0,0,0,0,0,0,0,0,0,0,0,0,0,0,0,0,0,0,0,0,0,0,0,0,0,0,0,0,0,0,0,0,0,0,0,0,0,0,0,0,0,0,0,0,0,0,0,0,0,0,0,0,0,0,0,0,0,0,0,0,0,0,0,0,0,0,0,0,0,0,0,0,0,0,0,0,0,0,0,0,0,0,0,0,0,0,0,0,0,0,0,0,0,0,0,0,0,0,0,0,0,0,0,0,0,0,0,0,0,0,0,0,0,0,0,0,0,0,0,0,0,0,0,0,0,0,0,0,0,0,0,0,0,0,0,0,0,0,0,0,0,0,0,0,0,0,0,0,0,0,0,0,0,0,0,0,0,0,0,0,0,0,0,0,0,0,0,0,0,0,0,0,0,0,0,0,0,0,0,0,0,0,0,0,0,0,0,0,0,0,0,0,0,0,0,0,0,0,0,0,0,0,0,0,0,0,0,0,0,0,0,0,0,0,0,0,0,0,0,0,0,0,0,0,0,0,0,0,0,0,0,0,0,0,0,0,0,0,0,0,0,0,0,0,0,0,0,0,0,0,0,0,0,0,0,0,0,0,0,0,0,0,0,0,0,0,0,0,0,0,0,0,0,0,0,0,0,0,0,0,0,0,0,0,0,0,0,0,0,0,0,0,0,0,0,0,0,0,0,0,0,0,0,0,0,0,0,0,0,0,0,0,0,0,0,0,0,0,0,0,0,0,0,0,0,0,0,0,0,0,0,0,0,0,0,0,0,0,0,0,0,0,0,0,0,0,0,0,0,0,0,0,0,0,0,0,0,0,0,0,0,0,0,0,0,0,0,0,0,0,0,0,0,0,0,0,0,0,0,0,0,0,0,0,0,0,0,0,0,0,0,0,0,0,0,0,0,0
FridgeRange_Re,0,0,0,0,0,0,0,0,0,0,0,0,113.245,113.245,116.352,117.163,0,0,47.29,5.462,0,0,0,0,0,0,0,0,0,0,0,0,0,0,0,0,987.626,136.624,141.472,0,0,0,0,0,0,0,0,121.34,120.44,0,0,110.295,109.478,0,120.872,116.69,0,0,109.413,108.26,0,117.157,117.978,0,0,108.262,108.267,0,116.491,116.752,0,0,109.173,91.337,7.383,0,0,0,0,0,0,0,0,0,0,0,0,0,0,0,0,0,971.12,140.425,118.921,0,0,0,0,0,0,0,0,121.643,120.81,0,0,111.38,111.126,0,119.796,117.923,0,0,108.379,108.303,0,117.983,117.913,0,0,109.461,109.674,0,118.45,116.252,0,0,109.466,5.243,0,0,0,0,0,0,0,0,0,0,0,0,0,0,0,0,0,743.63,144.031,119.206,0,0,0,0,0,0,0,0,122.249,121.404,0,0,109.486,110.634,0,117.452,116.387,0,0,109.061,107.648,0,116.929,116.945,0,0,107.884,107.884,0,116.25,117.643,0,0,52.72,5.353,0,0,0,0,0,0,0,0,0,0,0,0,0,0,0,0,0,984.451,118.986,0,0,0,0,0,0,0,0,121.608,120.445,120.445,0,110.322,109.762,0,120.293,118.217,118.217,0,109.883,108.744,0,117.449,116.767,116.767,0,107.238,110.476,0,116.288,116.995,0,48.053,5.458,0,0,0,0,0,0,0,0,0,0,0,0,0,0,0,0,0,0,559.855,140.493,0,0,0,0,0,0,0,0,0,122.964,121.834,0,111.577,111.577,0,120.363,116.694,117.708,0,0,108.887,108.16,117.743,117.743,117.777,0,0,110.951,110.951,0,119.47,116.098,0,0,107.123,5.426,0,0,0,0,0,0,0,0,0,0,0,0,0,0,0,0,0,0,480.208,120.396,0,0,0,0,0,0,0,0,0,122.683,120.386,0,112.538,112.538,0,116.213,116.213,119.382,0,0,109.765,109.745,119.155,119.155,116.353,0,111.129,111.129,0,120.02,120.02,116.357,0,110.158,109.312,11.87,5.157,0,0,0,0,0,0,0,0,0,0,0,0,0,0,0,0,0,0,0,46.973,135.873,121.911,0,0,0,0,0,0,0,0,121.382,119.718,0,0,113.389,113.389,0,119.698,119.767,0,0,110.911,111.489,0,120.088,117.115,0,0,111.688,110.567,0,119.202,116.18,0,109.223,110.424,110.424,0,118.333,117.697,0,0,107.889,5.461,0,0,0,0,0,0,0,0,0,0,0,0,0,0,0,0,0,335.036,335.036,144.306,0,0,0,0,0,0,0,0,0,122.216,120.106,0,113.881,112.696,0,119.41,117.65,120.197,0,109.699,110.198,110.198,0,120.585,116.552,0,0,111.072,108.945,0,118.589,118.381,0,0,107.801,107.801,0,117.693,118.244,0,107.818,107.155,5.32,0,0,0,0,0,0,0,0,0,0,0,0,0,0,0,0,116.337,141.205,120.883,0,0,0,0,0,0,0,0,122.498,122.498,119.95,0,113.561,113.561,0,119.78,121.444,119.675,0,109.532,109.532,0,120.347,117.778,0,0,111.196,111.071,0,120.69,116.491,0,0,111.037,111.037,0,119.984,116.171,0,0,110.478,5.852,0,0,0,0,0,0,0,0,0,0,0,0,0,0,0,0,925.469,145.437,128.929,0,0,0,0,0,0,0,0,0,120.055,120.055,0,112.961,112.57,0,119.22,121.106,119.94,0,110.051,110.051,0,120.631,119.328,0,0,109.767,110.069,0,120.772,117.363,0,0,110.284,109.698,0,119.583,115.84,0,0,110.131,5.173,0,0,0,0,0,0,0,0,0,0,0,0,0,0,0,0,150.973,118.232,0,0,0,0,0,0,0,0,0,123.611,121.141,0,112.864,112.864,0,120.696,117.386,119.769,0,108.857,108.857,0,118.966,118.966,118.661,0,109.098,108.311,0,119.664,119.664,0,0,108.678,108.678,0,119.351,82.368,5.854,0,0,0,0,0,0,0,0,0,0,0,0,0,0,0,0,0,0,0,563.743,144.605,0,0,0,0,0,0,0,0,0,122.57,120.139,0,114.603,113.539,0,0,118.834,120.733,0,110.78,110.133,0,121.039,117.981,117.981,0,111.447,111.447,0,120.723,118.468,0,0,110.626,110.626,0,120.02,115.832,0,0,110.31,109.657,5.711,0,0,0,0,0,0,0,0,0,0,0,0,0,0,0,0,0,0,967.652,120.686,120.686,0,0,0,0,0,0,0,0,122.603,120.891,0,0,112.83,112.498,0,120.008,119.586,0,0,109.68,109.68,0,120.44,118.848,0,0,108.566,109.518,0,118.994,117.56,0,109.423,109.125,0,118.813,117.295,117.295,36.516,5.662,0,0,0,0,0,0,0,0,0,0,0,0,0,0,0,0,0,0,601.822,143.45,0,0,0,0,0,0,0,0,0,122.534,120.642,0,112.376,111.645,0,120.204,116.842,118.368,0,108.905,107.894,0,117.823,118.966,117.197,0,109.541,108.918,0,117.576,117.904,116.613,0,108.421,108.421,107.823,5.076,0,0,0,0,0,0,0,0,0,0,0,0,0,0,0,0,0,0,0,473.203,142.184,120.808,0,0,0,0,0,0,0,0,122.68,120.941,0,111.168,111.168,0,0,120.804,117.022,0,0,109.317,107.949,0,116.767,117.368,0,0,108.362,108.362,116.696,116.696,116.644,0,0,107.663,13.709,5.302,0,0,0,0,0,0,0,0,0,0,0,0,0,0,0,0,0,0,0,0,618.19,120.449,120.449,0,0,0,0,0,0,0,0,122.519,120.28,0,0,111.195,111.195,0,116.545,118.458,0,0,109.938,109.577,0,117.697,116.482,0,0,110.417,109.582,0,118.398,115.435,0,0,108.803,7.601,5.154,0,0,0,0
DisposalDishwasher_Re,0,0,0,0,0,0,0,0,0,0,0,0,4.802,4.802,0,0,0,0,0,0,0,0,0,0,0,0,0,0,0,0,0,0,0,0,0,0,0,0,0,0,0,0,0,0,0,0,0,0,0,0,0,0,0,0,0,0,0,0,0,0,0,0,0,0,0,0,0,0,0,0,0,0,0,0,0,0,0,0,0,0,0,0,0,0,0,0,0,0,0,0,0,0,0,0,0,0,0,0,0,0,0,0,0,0,0,0,0,0,0,0,0,0,0,0,0,0,0,0,0,0,0,0,0,0,0,0,0,0,0,0,0,0,0,0,0,0,0,0,0,0,0,0,0,0,0,0,0,0,0,0,0,0,0,0,0,0,0,0,0,0,0,0,0,0,0,0,0,0,0,0,0,0,0,0,0,0,0,0,0,0,0,0,0,0,0,0,0,0,0,0,0,0,0,0,0,0,0,0,0,0,0,0,0,0,0,0,0,0,0,0,0,0,0,0,0,0,0,0,0,0,0,0,0,0,0,0,0,0,0,0,0,0,0,0,0,0,0,0,0,0,0,0,0,0,0,0,0,0,0,0,0,0,0,0,0,0,0,0,0,0,0,0,0,0,0,0,0,0,0,0,0,0,0,0,0,0,0,0,0,0,0,0,0,0,0,0,0,0,0,0,0,0,0,0,0,0,0,0,0,0,0,0,0,0,0,0,0,0,0,0,0,0,0,0,0,0,0,0,0,0,0,0,0,0,0,0,0,0,0,0,0,0,0,0,0,0,0,0,0,0,0,0,0,0,0,0,0,0,0,0,0,0,0,0,0,0,0,0,0,0,0,0,0,0,0,0,0,0,0,0,0,0,0,0,0,0,0,0,0,0,0,0,0,0,0,0,0,0,0,0,0,0,0,0,0,0,0,0,0,0,0,0,0,0,0,0,0,0,0,0,0,0,0,0,0,0,0,0,0,0,0,0,0,0,0,0,0,0,0,0,0,0,0,0,0,0,0,0,0,0,0,0,0,0,0,0,0,0,0,0,0,0,0,0,0,0,0,0,0,0,0,0,0,0,0,0,0,0,0,0,0,0,0,0,0,0,0,0,0,0,0,0,0,0,0,0,0,0,0,0,0,0,0,0,0,0,0,0,0,0,0,0,0,0,0,0,0,0,0,0,0,0,0,0,0,0,0,0,0,0,0,0,0,0,0,0,0,0,0,0,0,0,0,0,0,0,0,0,0,0,0,0,0,0,0,0,0,0,0,0,0,0,0,0,0,0,0,0,0,0,0,0,0,0,0,0,0,0,0,0,0,0,0,0,0,0,0,0,0,0,0,0,0,0,0,0,0,0,0,0,0,0,0,0,0,0,0,0,0,0,0,0,0,0,0,0,0,0,0,0,0,0,0,0,0,0,0,0,0,0,0,0,0,0,0,0,0,0,0,0,0,0,0,0,0,0,0,0,0,0,0,0,0,0,0,0,0,0,0,0,0,0,0,0,0,0,0,0,0,0,0,0,0,0,0,0,0,0,0,0,0,0,0,0,0,0,0,0,0,0,0,0,0,0,0,0,0,0,0,0,0,0,0,0,0,0,0,0,0,0,0,0,0,0,0,0,0,0,0,0,0,0,0,0,0,0,0,0,0,0,0,0,0,0,0,0,0,0,0,0,0,0,0,0,0,0,0,0,0,0,0,0,0,0,0,0,0,0,0,0,0,0,0,0,0,0,0,0,0,0,0,0,0,0,0,0,0,0,0,0,0,0,0,0,0,0,0,0,0,0,0,0,0,0,0,0,0,0,0,0,0,0,0,0,0,0,0,0,0,0,0,0,0,0,0,0,0,0,0,0,0,0,0,0,0,0,0,0,0,0,0,0,0,0,0,0,0,0,0,0,0,0,0,0,0,0,0,0,0,0,0,0,0,0,0,0,0,0,0,0,0,0,0,0,0,0,0,0,0,0,0,0,0,0,0,0,0,0,0,0,0,0,0,0,0,0,0,0,0,0,0,0,0,0,0,0,0,0,0,0,0,0,0,0,0,0,0,0,0,0,0,0,0,0,0,0,0,0,0,0,0,0,0,0,0,0,0,0,0,0,0,0,0,0,0,0,0,0,0,0,0,0,0,0,0,0,0,0,0,0,0,0,0,0,0,0,0,0,0,0,0,0,0,0,0,0,0,0,0,0
Microwave_Re,0,0,0,0,0,0,0,0,0,0,0,0,3.465,3.465,0,0,0,0,0,0,0,0,0,0,0,0,0,0,0,0,0,0,0,0,0,0,0,0,0,0,0,0,0,0,0,0,0,0,0,0,0,0,0,0,0,0,0,0,0,0,0,0,0,0,0,0,0,0,0,0,0,0,0,0,0,0,0,0,0,0,0,0,0,0,0,0,0,0,0,0,0,0,0,0,0,0,0,0,0,0,0,0,0,0,0,0,0,0,0,0,0,0,0,0,0,0,0,0,0,0,0,0,0,0,0,0,0,0,0,0,0,0,0,0,0,0,0,0,0,0,0,0,0,0,0,0,0,0,0,0,0,0,0,0,0,0,0,0,0,0,0,0,0,0,0,0,0,0,0,0,0,0,0,0,0,0,0,0,0,0,0,0,0,0,0,0,0,0,0,0,0,0,0,0,0,0,0,0,0,0,0,0,0,0,0,0,0,0,0,0,0,0,0,0,0,0,0,0,0,0,0,0,0,0,0,0,0,0,0,0,0,0,0,0,0,0,0,0,0,0,0,0,0,0,0,0,0,0,0,0,0,0,0,0,0,0,0,0,0,0,0,0,0,0,0,0,0,0,0,0,0,0,0,0,0,0,0,0,0,0,0,0,0,0,0,0,0,0,0,0,0,0,0,0,0,0,0,0,0,0,0,0,0,0,0,0,0,0,0,0,0,0,0,0,0,0,0,0,0,0,0,0,0,0,0,0,0,0,0,0,0,0,0,0,0,0,0,0,0,0,0,0,0,0,0,0,0,0,0,0,0,0,0,0,0,0,0,0,0,0,0,0,0,0,0,0,0,0,0,0,0,0,0,0,0,0,0,0,0,0,0,0,0,0,0,0,0,0,0,0,0,0,0,0,0,0,0,0,0,0,0,0,0,0,0,0,0,0,0,0,0,0,0,0,0,0,0,0,0,0,0,0,0,0,0,0,0,0,0,0,0,0,0,0,0,0,0,0,0,0,0,0,0,0,0,0,0,0,0,0,0,0,0,0,0,0,0,0,0,0,0,0,0,0,0,0,0,0,0,0,0,0,0,0,0,0,0,0,0,0,0,0,0,0,0,0,0,0,0,0,0,0,0,0,0,0,0,0,0,0,0,0,0,0,0,0,0,0,0,0,0,0,0,0,0,0,0,0,0,0,0,0,0,0,0,0,0,0,0,0,0,0,0,0,0,0,0,0,0,0,0,0,0,0,0,0,0,0,0,0,0,0,0,0,0,0,0,0,0,0,0,0,0,0,0,0,0,0,0,0,0,0,0,0,0,0,0,0,0,0,0,0,0,0,0,0,0,0,0,0,0,0,0,0,0,0,0,0,0,0,0,0,0,0,0,0,0,0,0,0,0,0,0,0,0,0,0,0,0,0,0,0,0,0,0,0,0,0,0,0,0,0,0,0,0,0,0,0,0,0,0,0,0,0,0,0,0,0,0,0,0,0,0,0,0,0,0,0,0,0,0,0,0,0,0,0,0,0,0,0,0,0,0,0,0,0,0,0,0,0,0,0,0,0,0,0,0,0,0,0,0,0,0,0,0,0,0,0,0,0,0,0,0,0,0,0,0,0,0,0,0,0,0,0,0,0,0,0,0,0,0,0,0,0,0,0,0,0,0,0,0,0,0,0,0,0,0,0,0,0,0,0,0,0,0,0,0,0,0,0,0,0,0,0,0,0,0,0,0,0,0,0,0,0,0,0,0,0,0,0,0,0,0,0,0,0,0,0,0,0,0,0,0,0,0,0,0,0,0,0,0,0,0,0,0,0,0,0,0,0,0,0,0,0,0,0,0,0,0,0,0,0,0,0,0,0,0,0,0,0,0,0,0,0,0,0,0,0,0,0,0,0,0,0,0,0,0,0,0,0,0,0,0,0,0,0,0,0,0,0,0,0,0,0,0,0,0,0,0,0,0,0,0,0,0,0,0,0,0,0,0,0,0,0,0,0,0,0,0,0,0,0,0,0,0,0,0,0,0,0,0,0,0,0,0,0,0,0,0,0,0,0,0,0,0,0,0,0,0,0,0,0,0,0,0,0,0,0,0,0,0,0,0,0,0,0,0,0,0,0,0,0,0,0,0,0,0,0,0,0,0,0,0,0,0,0,0,0,0,0,0,0,0,0,0,0,0,0,0,0
KitchenLights_Re,0,0,0,0,0,0,0,0,0,0,0,0,3.131,3.131,0,0,0,0,0,0,0,0,0,0,0,0,0,0,0,0,0,0,0,0,0,0,1.221,3.122,0,0,0,0,0,0,0,0,0,0,0,0,0,0,0,0,0,0,0,0,0,0,0,0,0,0,0,0,0,0,0,0,0,0,0,0,0,0,0,0,0,0,0,0,0,0,0,0,0,0,0,0,0,0,1.162,3.076,0,0,0,0,0,0,0,0,0,0,0,0,0,0,0,0,0,0,0,0,0,0,0,0,0,0,0,0,0,0,0,0,0,0,0,0,0,0,0,0,0,0,0,0,0,0,0,0,0,0,0,0,0,1.706,1.706,0,0,0,0,0,0,0,0,0,0,0,0,0,0,0,0,0,0,0,0,0,0,0,0,0,0,0,0,0,0,0,0,0,0,0,0,0,0,0,0,0,0,0,0,0,0,0,0,0,0,0,0,0,1.185,3.426,0,0,0,0,0,0,0,0,0,0,0,0,0,0,0,0,0,0,0,0,0,0,0,0,0,0,0,0,0,0,0,0,0,0,0,0,0,0,0,0,0,0,0,0,0,0,0,0,0,0,0,0,2.262,2.262,0,0,0,0,0,0,0,0,0,0,0,0,0,0,0,0,0,0,0,0,0,0,0,0,0,0,0,0,0,0,0,0,0,0,0,0,0,0,0,0,0,0,0,0,0,0,0,0,0,0,0,0,0,0,2.215,2.215,0,0,0,0,0,0,0,0,0,0,0,0,0,0,0,0,0,0,0,0,0,0,0,0,0,0,0,0,0,0,0,0,0,0,0,0,0,0,0,0,0,0,0,0,0,0,0,0,0,0,0,0,0,0,0,0,1.276,3.087,0,0,0,0,0,0,0,0,0,0,0,0,0,0,0,0,0,0,0,0,0,0,0,0,0,0,0,0,0,0,0,0,0,0,0,0,0,0,0,0,0,0,0,0,0,0,0,0,0,0,0,0,0,0,0,0,0,0,0,0,0,3.256,3.256,0,0,0,0,0,0,0,0,0,0,0,0,0,0,0,0,0,0,0,0,0,0,0,0,0,0,0,0,0,0,0,0,0,0,0,0,0,0,0,0,0,0,0,0,0,0,0,0,0,0,0,0,0,0,0,0,0,0,0,1.412,3.183,0,0,0,0,0,0,0,0,0,0,0,0,0,0,0,0,0,0,0,0,0,0,0,0,0,0,0,0,0,0,0,0,0,0,0,0,0,0,0,0,0,0,0,0,0,0,0,0,0,0,0,0,0,0,0,0,0,0,0,1.284,3.079,0,0,0,0,0,0,0,0,0,0,0,0,0,0,0,0,0,0,0,0,0,0,0,0,0,0,0,0,0,0,0,0,0,0,0,0,0,0,0,0,0,0,0,0,0,0,0,0,0,0,0,0,0,0,0,0,0,0,0,1.48,3.148,0,0,0,0,0,0,0,0,0,0,0,0,0,0,0,0,0,0,0,0,0,0,0,0,0,0,0,0,0,0,0,0,0,0,0,0,0,0,0,0,0,0,0,0,0,0,0,0,0,0,0,0,0,0,0,0,0,0,2.038,2.038,0,0,0,0,0,0,0,0,0,0,0,0,0,0,0,0,0,0,0,0,0,0,0,0,0,0,0,0,0,0,0,0,0,0,0,0,0,0,0,0,0,0,0,0,0,0,0,0,0,0,0,0,0,0,0,0,0,0,0,0,0,1.283,3.719,0,0,0,0,0,0,0,0,0,0,0,0,0,0,0,0,0,0,0,0,0,0,0,0,0,0,0,0,0,0,0,0,0,0,0,0,0,0,0,0,0,0,0,0,0,0,0,0,0,0,0,0,0,0,0,0,0,0,0,2.105,2.105,0,0,0,0,0,0,0,0,0,0,0,0,0,0,0,0,0,0,0,0,0,0,0,0,0,0,0,0,0,0,0,0,0,0,0,0,0,0,0,0,0,0,0,0,0,0,0,0,0,0,0,0,0,0,0,0,0,0,0,0,0,0,0,0,0,0,0,0,0,0,0,0,0,0,0,0,0,0,0,0,0,0,0,0,0,0,0,0,0,0,0,0,0,0,0,0,0,0,0,0,0,0,0,0,0,0,0,0,0,0,0,0,0,0,0,1.997,1.997,0,0,0,0,0,0,0,0,0,0,0,0,0,0,0,0,0,0,0,0,0,0,0,0,0,0,0,0,0,0,0,0,0,0,0,0,0,0,0,0,0
BedroomOutlets_Re,0,0,13.968,13.968,0,14.073,14.073,0,0,0,0,0,13.995,15.043,15.753,13.855,15.872,13.99,0,0,13.91,13.91,0,0,0,15.028,13.998,0,0,0,0,0,0,0,0,0,0,0,0,0,0,0,0,15.898,15.788,13.926,13.926,15.341,13.867,0,0,0,15.973,15.331,15.683,14.037,0,0,0,0,0,0,0,0,0,0,0,0,0,0,0,14.723,14.723,0,0,0,0,15.186,13.771,0,0,0,14.702,15.25,13.759,0,0,0,14.93,14.93,0,0,0,0,0,0,0,14.004,14.004,0,0,13.687,13.687,0,0,0,0,0,0,0,0,15.422,13.6,0,0,0,0,0,0,0,15.328,13.812,0,0,0,0,0,13.683,13.683,0,0,0,0,0,13.794,13.794,15.485,13.881,0,0,0,0,0,13.616,14.667,13.684,0,0,0,0,0,0,0,0,0,0,0,0,0,15.489,13.664,13.609,0,13.598,13.636,13.636,0,15.477,13.641,13.615,0,0,0,0,0,15.268,13.558,15.378,13.602,15.118,15.655,14.216,0,0,0,0,13.685,13.685,15.553,13.673,13.673,0,0,15.25,13.663,0,0,13.828,13.694,0,0,13.802,13.802,0,0,13.689,13.689,0,0,0,0,0,0,13.612,13.675,0,14.778,13.706,0,0,0,14.594,14.594,0,0,0,0,0,0,0,15.008,13.634,0,0,14.856,13.671,0,0,15.114,13.563,0,0,0,0,0,15.517,13.653,14.75,13.606,13.606,0,0,0,0,15.127,15.127,0,0,0,13.597,13.597,0,15.372,13.884,14.887,0,0,0,0,0,0,15.243,13.773,0,0,0,0,15.156,13.78,13.738,13.738,0,15.207,15.207,0,0,15.07,13.854,0,13.973,13.973,0,0,15.179,15.231,13.726,0,14.895,14.895,13.784,0,0,0,0,0,0,0,0,0,0,0,0,0,16.181,13.777,13.811,13.857,13.963,13.963,0,0,0,0,13.82,13.82,0,0,0,0,0,0,0,0,15.142,13.796,0,0,0,0,0,0,0,15.099,15.099,0,13.776,13.776,0,0,0,15.79,13.802,0,0,0,0,15.409,15.251,13.842,0,0,0,0,0,0,0,0,0,0,13.867,13.867,13.868,13.868,16.179,13.975,14.895,14.895,13.902,13.902,0,15.793,14.975,15.405,13.955,15.172,15.399,15.122,14.028,15.075,13.879,15.645,13.953,13.917,13.917,14.923,13.902,0,0,15.641,13.878,14.002,15.6,14.039,0,13.985,13.985,0,0,0,0,0,15.468,14.023,0,0,0,0,0,0,0,0,0,14.956,14.009,0,0,0,0,0,0,0,0,0,0,0,0,0,15.807,14.005,15.102,13.995,0,0,0,0,13.857,13.857,0,0,0,0,0,0,15.737,14.44,0,15.172,14.227,13.83,0,0,13.829,15.16,13.823,0,0,13.653,13.653,0,15.553,13.825,0,0,0,0,15.059,13.899,0,15.145,13.845,0,0,0,0,0,0,15.016,13.698,0,0,0,14.853,13.907,0,0,0,0,0,0,0,0,0,0,0,0,0,0,15.457,13.689,15.854,13.816,0,0,15.187,15.187,0,15.195,13.786,13.843,13.887,0,0,0,0,0,0,0,0,0,0,0,0,0,0,0,0,0,0,15.733,15.266,13.9,15.427,13.811,0,0,15.344,13.902,15.477,13.826,0,14.826,13.754,0,0,0,0,0,0,15.449,13.89,15.357,13.879,15.758,14.026,13.999,0,0,0,16.091,14.125,0,0,0,0,0,0,15.4,14.929,0,0,0,15.602,15.076,14.05,0,0,0,0,0,0,0,0,0,0,0,0,0,0,0,14.003,14.003,0,0,0,0,15.112,13.893,0,15.049,15.049,15.425,15.73,13.995,0,13.929,13.929,15.379,13.917,0,0,0,0,0,0,0,0,0,15.314,15.314,13.918,0,0,0,0,0,15.026,14.06,13.939,0,0,0,0,0,15.339,13.977,0,0,0,15.869,14.082,0,0,16.042,14.108,14.218,14.066,0,0,16.914,14.119,0,15.544,14.084,0,15.648,14.104,13.979,15.414,13.979,0,0,0,0,0,0,0,0,15.804,14.394,0,13.986,13.986,0,0,0,0,0,0,0,0,0,0,17.124,14.065,14.098,14.098,0,0,0,15.45,13.959,0,0,0,15.399,13.947,0,15.668,14.172,13.979,0,0,0,0,0,0,0,0,0,0,15.073,15.073,0,13.913,13.913,0,0,0,0,0,0,0,15.087,14.042,0,0,0,0,15.701,13.925,14.276,0,0,0,0,0,0,0,0,0,0,0,0,0,0,15.596,14.016,0,0,0,0,0,0,0,0,0,0,0,0,0,0,0,0,0,0,0,0,0,0,16.491,14.44,0,0,0,14.017,14.017,0,0,0,0,0,0,0,16.028,14.177,0,0,0,0,0,0,0,0,0,0,0,0,0,0,15.289,13.854,0,13.909,13.909,0,0,0,0,0,0,0,0,0,0,0,0,0,0,15.069,13.716,13.673,0,0,15.252,13.758,0,15.577,13.782,0,0,15.685,16.024,15.293,13.91,0,0,0,0,0,0,0,0,0,15.174,13.824,13.807,13.847,0,13.791,13.791,0,0,0,0,0,15.353,13.873,13.865,0,15.428,13.913,0,0,15.478,13.982,0,0,0,15.018,13.984,0,0,0,0,0,14.053,14.053,13.929,13.887,0,0,0,0,0,0,0,15.433,13.936,0,0,0,0,0,14.745,14.745,0,0,0,0,15.988,14.129,0,14.821,14.821,0,15.742,14.108,0,0,0,0,0,0,15.096,15.096,0,0,15.958,15.616,15.706,14.038,0,0,0,0,14.072,14.072,0,0,0,0,0,0,15.412,14.131,14.556,15.664,13.993,0,0,0,0,0,0,0,0,0,0,0,15.368
BedroomLights_Re,0,0,0,0,0,0,0,0,0,0,0,0,4.672,6.076,4.652,0,4.643,4.643,0,0,0,0,0,0,0,0,0,0,0,0,0,0,0,0,0,0,0,0,0,0,0,0,0,0,0,0,0,0,0,0,0,0,0,0,0,0,0,0,0,0,0,0,0,0,0,0,0,0,0,0,0,0,0,0,0,0,0,0,0,0,0,0,0,0,0,0,0,0,0,0,0,0,0,0,0,0,0,0,0,0,0,0,0,0,0,0,0,0,0,0,0,0,0,0,0,0,0,0,0,0,0,0,0,0,0,0,0,0,0,0,0,0,0,0,0,0,6.078,4.556,0,0,0,0,0,0,0,0,0,0,0,0,0,0,0,0,0,0,0,0,0,0,0,0,0,0,0,0,0,0,0,0,0,0,0,0,0,0,0,6.028,4.588,0,0,0,0,0,0,0,0,0,0,0,0,0,0,5.771,4.646,0,0,0,0,0,0,0,0,0,0,0,0,0,0,0,0,0,0,5.501,5.501,0,0,0,0,0,0,0,0,0,0,0,0,0,0,0,5.841,4.75,0,0,0,0,0,0,0,0,0,0,0,0,0,0,0,0,0,0,0,0,0,0,0,0,0,0,0,0,0,0,0,0,0,0,0,0,0,0,0,0,0,0,0,0,0,0,0,0,0,0,5.841,5.841,0,0,0,0,0,0,0,0,0,0,0,0,0,0,5.868,4.603,0,0,0,0,0,0,0,0,0,0,0,0,0,0,0,0,0,0,0,0,0,0,0,0,0,0,0,0,0,0,0,0,0,0,0,0,0,0,5.482,5.482,0,0,0,0,0,0,0,0,0,0,4.658,4.658,0,0,0,0,0,0,0,0,0,0,0,0,0,0,0,0,0,0,0,0,0,0,0,0,0,0,0,0,0,0,0,0,0,0,0,0,0,0,0,4.475,4.475,0,0,0,0,0,0,0,0,0,0,0,0,0,0,0,0,0,0,0,0,0,0,0,0,0,0,0,0,0,0,0,0,0,0,0,0,0,0,0,0,0,0,0,0,5.843,4.822,0,0,0,0,0,0,0,0,0,0,0,0,0,0,5.932,4.66,0,0,0,0,0,0,0,5.611,5.611,0,0,0,0,0,0,0,0,0,0,0,0,0,0,0,0,0,0,0,0,0,0,0,0,0,0,0,4.544,4.544,0,0,0,0,0,0,0,0,0,0,0,0,0,0,5.764,4.634,0,0,0,0,0,0,0,0,0,0,0,0,0,0,0,0,0,0,0,0,0,0,0,0,0,0,0,0,0,0,0,0,0,0,0,0,0,0,0,0,0,0,0,0,0,0,0,0,0,0,0,0,0,0,5.733,5.733,0,0,0,0,0,0,0,0,0,0,0,0,0,0,0,0,0,0,0,0,0,0,0,0,0,0,0,0,0,0,0,0,0,0,0,0,0,0,0,0,0,0,0,0,0,0,0,0,0,0,0,0,0,0,0,0,0,0,5.674,4.538,0,0,0,0,0,0,0,0,0,0,0,0,0,0,0,0,0,0,0,0,0,0,0,6.016,4.647,0,0,0,0,0,0,0,0,0,0,0,0,0,0,0,0,0,0,0,0,0,0,5.792,4.745,0,0,0,6.116,4.666,0,0,0,0,0,0,0,0,0,0,0,0,0,6.035,4.685,0,0,0,0,0,0,0,0,0,0,0,0,0,0,0,0,0,0,0,0,0,0,0,0,0,0,0,0,0,0,0,0,0,0,0,0,0,0,0,0,0,0,0,0,0,0,0,0,0,0,0,0,0,0,0,0,0,0,0,0,0,0,0,0,0,0,0,0,0,0,0,0,0,0,0,0,0,0,0,0,0,0,0,0,0,0,0,0,0,0,0,0,0,0,0,0,0,0,0,6.218,4.736,0,0,0,0,0,0,0,0,0,0,0,0,0,0,0,0,0,0,0,0,0,0,0,0,0,0,0,0,0,0,0,0,0,4.607,4.607,0,0,0,0,0,0,0,0,0,0,0,0,5.819,5.819,0,0,0,0,0,0,0,0,0,0,0,0,0,0,4.636,4.636,0,0,0,0,0,0,0,0,0,0,0,0,0,4.678,4.678,0,0,0,0,0,0,0,0,0,0,0,0,5.903,4.585,0,0,0,0,0,0,0,0,0,0,0,0,0,0,0,0,0,0,0,0,0,0,0,0,0,0,6.012,6.012,0,0,0,0,0,0,0,0,0,0,0,0,4.698,4.698,0,0,0,0,0,0,0,0,0,0,0,0,0,0,0,0,0,0,0,0,0,0,0,0,0,0,0,0,4.694
MasterOutlets_Re,64.506,67.104,64.56,64.242,64.11,64.421,64.395,64.336,64.181,65.625,64.318,65.284,64.275,73.272,68.249,67.303,64.981,69.162,65.897,65.766,63.868,65.216,66.027,64.132,64.399,68.631,66.088,64.34,64.483,66.601,65.534,66.08,64.326,65.35,65.511,64.182,64.5,64.015,64.377,65.723,70.623,64.963,68.784,64.967,66.026,65.775,68.465,65.804,65.522,64.14,64.419,64.107,64.079,67.113,66.139,65.596,65.561,65.337,67.753,65.67,64.218,65.51,65.203,64.536,65.672,67.108,64.266,65.258,64.166,65.273,64.864,64.072,65.899,64.128,66.774,65.505,63.927,64.669,65.923,65.777,64.245,63.902,64.044,64.12,65.395,65.131,64.419,63.935,65.391,63.813,65.452,65.191,64.026,64.324,63.965,64.859,67.961,66.417,66.695,65.641,69.633,65.511,69.725,65.41,65.308,65.145,64.963,64.448,65.42,64.17,64.774,63.992,66.78,64.019,65.557,64.122,65.501,64.125,64.009,64.121,64.193,74.908,64.509,65.751,66.826,65.224,65.485,63.721,65.757,65.859,65.136,66.546,65.213,64.027,65.647,64.537,64.085,65.556,64,65.017,66.5,63.921,64.614,65.564,66.032,64.014,74.701,64.163,68.02,65.688,67.56,65.307,65.792,64.1,63.869,65.753,64.691,65.293,64.781,64.053,64.924,65.158,65.462,65.377,66.924,65.414,64.138,63.97,64.91,64.005,65.177,72.12,65.213,65.587,64.405,64.293,65.216,65.513,63.901,66.768,65.377,64.726,63.918,65.46,65.249,65.079,63.59,65.524,66.309,64.591,64.092,65.142,64.472,65.103,64.095,64.175,69.21,65.235,67.889,65.61,65.479,65.557,67.379,65.451,65.162,63.962,63.94,63.956,64.925,63.719,63.901,64.129,63.994,63.78,65.433,64.289,65.195,65.582,64.169,66.186,65.481,67.795,63.727,67.835,65.018,63.813,64.118,64.798,65.151,67.755,65.88,65.069,66.069,68.53,64.946,64.962,66.064,65.159,65.674,64.908,64.667,65.497,63.911,65.474,63.972,66.593,66.917,66.185,66.513,64.134,67.887,65.346,66.757,64.134,65.572,63.938,63.879,65.03,67.447,65.639,65.051,65.152,64.141,66.259,64.14,64.521,64.346,63.799,65.06,71.351,65.517,68.451,66.078,67.184,64.888,65.371,66.581,68.961,65.556,65.019,66.079,64.85,64.58,69.132,64.386,66.046,64.572,64.181,65.012,65.262,64.749,65.58,64.541,64.554,64.661,64.558,67.949,65.585,67.133,64.723,65.418,65.709,65.668,65.569,65.539,63.936,66.305,65.518,66.16,66.329,68.931,64.354,64.448,64.752,65.552,65.999,65.814,64.369,65.781,64.164,65.261,67.056,64.175,66.612,65.86,67.544,63.912,68.411,65.02,64.498,64.191,67.255,66.692,67.255,64.271,66.354,64.219,65.101,64.175,66.254,64.467,65.456,64.724,66.119,74.234,65.793,67.255,65.978,68.224,64.348,66.788,64.584,69.828,64.387,69.277,65.876,65.849,66.261,64.023,64.152,66.215,64.826,64.837,64.405,65.365,65.546,64.057,65.016,65.981,67.136,64.068,66.734,64.508,67.83,66.694,66.383,64.264,65.587,63.987,65,65.63,63.983,66.044,65.26,66.224,65.84,66.664,65.029,67.164,64.729,64.86,65.276,64.857,64.074,69.056,65.336,64.419,65.369,66.78,64.872,68.579,64.329,64.432,64.811,65.698,64.264,64.599,66.185,66.135,65.692,64.657,64.911,65.437,65.084,65.865,65.539,66.055,65.667,66.173,68.081,66.55,67.678,64.439,69.812,66.799,67.352,65.332,64.827,66.468,64.524,65.08,64.302,66.122,64.458,65.194,64.687,66.74,64.501,64.471,66.189,66.558,64.904,72.126,64.612,65.389,64.068,65.463,65.588,68.359,66.24,65.994,66.155,67.087,66.161,64.44,65.379,65.955,65.49,64.163,64.697,65.617,64.534,65.795,65.083,64.026,64.059,63.875,75.359,64.276,67.14,64.061,67.281,64.311,67.859,64.927,64.068,64.538,64.039,64.409,67.17,66.181,65.343,65.788,65.8,65.786,65.166,66.39,65.237,64.014,64.316,64.241,65.353,70.617,65.449,67.812,64.299,67.388,65.935,63.983,65.719,65.505,65.564,64.855,64.5,63.806,64.225,64.568,65.258,64.054,64.372,64.243,64.409,64.364,64.14,64.589,64.032,64.089,70.213,65.544,65.344,65.755,65.497,66.137,66.463,64.386,65.327,65.799,65.622,65.77,66.776,66.508,65.236,64.093,64.255,66.333,64.585,66.51,65.272,64.637,64.637,64.35,64.742,70.772,65.501,68.066,66.051,67.018,64.561,64.069,64.737,64.332,64.564,66.315,65.999,65.456,66.224,66.286,66.308,65.864,66.541,64.548,64.667,65.393,65.853,64.7,64.916,65.402,69.329,64.385,66.462,65.93,68.022,66.763,66.265,65.97,68.284,66.936,66.773,65.908,64.946,65.917,65.988,68.229,64.679,64.297,64.545,64.484,64.314,64.564,64.353,67.206,64.564,68.043,64.531,65.873,65.983,64.343,65.493,65.697,66.199,66.154,66.275,68.898,66.194,64.386,64.537,65.604,64.678,65.603,66.215,64.816,64.678,65.854,64.807,65.552,64.806,65.746,67.502,65.991,64.712,65.823,67.576,64.739,67.202,64.522,64.382,64.814,64.387,64.466,65.753,65.71,64.445,64.595,64.531,66.277,64.581,65.846,64.507,64.9,65.828,71.281,66.177,67.387,66.235,66.245,65.962,69.38,66.353,68.038,64.79,64.706,66.524,64.782,64.996,65.012,65.191,64.759,64.965,66.328,64.981,65.923,64.955,66.163,64.856,64.798,69.775,66.526,71.329,64.422,66.561,66.032,68.977,64.616,64.514,66.435,68.319,64.732,64.941,64.698,65.447,64.868,64.767,64.517,65.016,66.258,65.039,64.988,64.917,75.387,64.668,67.525,64.778,69.159,66.491,65.976,65.717,65.618,66.178,66.532,66.393,66.423,65.862,65.955,66.154,65.178,64.788,66.285,68.424,65.053,64.796,64.702,64.786,65.242,65.277,64.911,64.598,65.521,68.827,64.933,66.32,65.295,66.821,64.589,65.159,64.588,68.138,64.187,65.353,63.983,64.277,64.561,64.206,64.441,64.245,65.601,65.148,68.758,64.256,67.256,65.931,66.15,65.632,65.279,65.912,64.54,64.794,64.364,64.176,65.648,67.986,64.482,64.537,65.473,64.78,65.42,64.639,65.383,66.968,65.611,64.531,64.441,68.795,64.471,64.119,65.602,67.342,64.929,64.06,64.238,67.872,64.113,65.966,63.979,63.799,64.354,63.869,64.542,64.31,64.324,65.303,73.767,65.619,67.556,65.738,66.888,65.935,66.588,63.783,69.949,65.262,66.13,64.557,67.593,64.177,64.716,64.13,64.668,64.408,65.53,64.681,64.49,63.987,63.903,63.754,63.886,70.31,63.604,66.854,64.678,62.952,63.515,63.113,64.695,65.182,65.474,64.454,63.339,64.482,63.588,64.168,67.527,65.07,64.948,65.689,64.066,63.193,63.147,63.824,69.897,64.928,67.287,63.33,65.622,64.294,62.868,63.791,64.699,63.304,66.729,64.075,64.337,67.671,63.34,63.254,64.114,63.896,63.229,64.148,64.655,63.512,63.47,64.589,63.381,67.749,65.089,64.539,64.775,67.047,65.223,66.76,65.354,66.658,63.348,63.422,64.685,63.943,64.401,64.64,64.861,64.554,64.83,63.941,65.091,63.838,63.881,65.801,64.162,64.054,68.39,63.871,64.411,65.334,66.538,64.021,63.987,64.696,64.312,64.174,65.608,64.11,63.573,65.565,65.416,65.883,65.414,63.768,64.421,65.375,63.446,63.76,65.043,63.458,64.734,66.68,65.239,67.875,63.221,66.141,64.596,65.338,64.082,63.523,66.093,65.73,64.986,64.169,65.905,66.38,64.912,64.349,64.852,64.24,64.875,65.673,64.894,64.621,65.678,66.115,67.222,65.939,63.967,64.468,68.987,66.399,67.314,65.471,65.299,65.808,66.224,65.684,64.283,64.29,64.485,64.492,66.179,64.805,64.225,69.697,66.096,67.402,65.658,66.88,64.531,68.805,64.516,64.086,65.412,67.673,64.572,65.676
MasterLights_Re,0,0,0,0,0,0,0,0,0,0,0,0,8.798,8.798,0,0,0,0,0,0,0,0,0,0,0,0,0,0,0,0,0,0,0,0,0,0,0,0,0,0,0,0,0,0,0,0,0,0,0,0,0,0,0,0,0,0,0,0,0,0,0,0,0,0,0,0,0,0,0,0,0,0,0,0,0,0,0,0,0,0,0,0,0,0,0,0,0,0,0,0,0,0,0,0,0,0,0,0,0,0,0,0,0,0,0,0,0,0,0,0,0,0,0,0,0,0,0,0,0,0,0,0,0,0,0,0,0,0,0,0,0,0,0,0,0,0,0,0,0,0,0,0,0,0,0,0,0,0,0,0,0,0,0,0,0,0,0,0,0,0,0,0,0,0,0,0,0,0,0,0,0,0,0,0,0,0,0,0,0,0,0,0,0,0,0,0,0,0,0,0,0,0,0,0,0,0,0,0,0,0,0,0,0,0,0,0,0,0,0,0,0,0,0,0,0,0,0,0,0,0,0,0,0,0,0,0,0,0,0,0,0,0,0,0,0,0,0,0,0,0,0,0,0,0,0,0,0,0,0,0,0,0,0,0,0,0,0,0,0,0,0,0,0,0,0,0,0,0,0,0,0,0,0,0,0,0,0,0,0,0,0,0,0,0,0,0,0,0,0,0,0,0,0,0,0,0,0,0,0,0,0,0,0,0,0,0,0,0,0,0,0,0,0,0,0,0,0,0,0,0,0,0,0,0,0,0,0,0,0,0,0,0,0,0,0,0,0,0,0,0,0,0,0,0,0,0,0,0,0,0,0,0,0,0,0,0,0,0,0,0,0,0,0,0,0,0,0,0,0,0,0,0,0,0,0,0,0,0,0,0,0,0,0,0,0,0,0,0,0,0,0,0,0,0,0,0,0,0,0,0,0,0,0,0,0,0,0,0,0,0,0,0,0,0,0,0,0,0,0,0,0,0,0,0,0,0,0,0,0,0,0,0,0,0,0,0,0,0,0,0,0,0,0,0,0,0,0,0,0,0,0,0,0,0,0,0,0,0,0,0,0,0,0,0,0,0,0,0,0,0,0,0,0,0,0,0,0,0,0,0,0,0,0,0,0,0,0,0,0,0,0,0,0,0,0,0,0,0,0,0,0,0,0,0,0,0,0,0,0,0,0,0,0,0,0,0,0,0,0,0,0,0,0,0,0,0,0,0,0,0,0,0,0,0,0,0,0,0,0,0,0,0,0,0,0,0,0,0,0,0,0,0,0,0,0,0,0,0,0,0,0,0,0,0,0,0,0,0,0,0,0,0,0,0,0,0,0,0,0,0,0,0,0,0,0,0,0,0,0,0,0,0,0,0,0,0,0,0,0,0,0,0,0,0,0,0,0,0,0,0,0,0,0,0,0,0,0,0,0,0,0,0,0,0,0,0,0,0,0,0,0,0,0,0,0,0,0,0,0,0,0,0,0,0,0,0,0,0,0,0,0,0,0,0,0,0,0,0,0,0,0,0,0,0,0,0,0,0,0,0,0,0,0,0,0,0,0,0,0,0,0,0,0,0,0,0,0,0,0,0,0,0,0,0,0,0,0,0,0,0,0,0,0,0,0,0,0,0,0,0,0,0,0,0,0,0,0,0,0,0,0,0,0,0,0,0,0,0,0,0,0,0,0,0,0,0,0,0,0,0,0,0,0,0,0,0,0,0,0,0,0,0,0,0,0,0,0,0,0,0,0,0,0,0,0,0,0,0,0,0,0,0,0,0,0,0,0,0,0,0,0,0,0,0,0,0,0,0,0,0,0,0,0,0,0,0,0,0,0,0,0,0,0,0,0,0,0,0,0,0,0,0,0,0,0,0,0,0,0,0,0,0,0,0,0,0,0,0,0,0,0,0,0,0,0,0,0,0,0,0,0,0,0,0,0,0,0,0,0,0,0,0,0,0,0,0,0,0,0,0,0,0,0,0,0,0,0,0,0,0,0,0,0,0,0,0,0,0,0,0,0,0,0,0,0,0,0,0,0,0,0,0,0,0,0,0,0,0,0,0,0,0,0,0,0,0,0,0,0,0,0,0,0,0,0,0,0,0,0,0,0,0,0,0,0,0,0,0,0,0,0,0,0,0,0,0,0,0,0,0,0,0,0,0,0,0,0,0,0,0,0,0,0,0,0,0,0,0,0,0
DuctHeaterHRV_Re,0,0,0,0,0,0,0,0,0,0,0,0,-0.081,-0.081,0,0,0,0,0,0,0,0,0,0,0,0,0,0,0,0,0,0,0,0,0,0,0,0,0,0,0,0,0,0,0,0,0,0,0,0,0,0,0,0,0,0,0,0,0,0,0,0,0,0,0,0,0,0,0,0,0,0,0,0,0,0,0,0,0,0,0,0,0,0,0,0,0,0,0,0,0,0,0,0,0,0,0,0,0,0,0,0,0,0,0,0,0,0,0,0,0,0,0,0,0,0,0,0,0,0,0,0,0,0,0,0,0,0,0,0,0,0,0,0,0,0,0,0,0,0,0,0,0,0,0,0,0,0,0,0,0,0,0,0,0,0,0,0,0,0,0,0,0,0,0,0,0,0,0,0,0,0,0,0,0,0,0,0,0,0,0,0,0,0,0,0,0,0,0,0,0,0,0,0,0,0,0,0,0,0,0,0,0,0,0,0,0,0,0,0,0,0,0,0,0,0,0,0,0,0,0,0,0,0,0,0,0,0,0,0,0,0,0,0,0,0,0,0,0,0,0,0,0,0,0,0,0,0,0,0,0,0,0,0,0,0,0,0,0,0,0,0,0,0,0,0,0,0,0,0,0,0,0,0,0,0,0,0,0,0,0,0,0,0,0,0,0,0,0,0,0,0,0,0,0,0,0,0,0,0,0,0,0,0,0,0,0,0,0,0,0,0,0,0,0,0,0,0,0,0,0,0,0,0,0,0,0,0,0,0,0,0,0,0,0,0,0,0,0,0,0,0,0,0,0,0,0,0,0,0,0,0,0,0,0,0,0,0,0,0,0,0,0,0,0,0,0,0,0,0,0,0,0,0,0,0,0,0,0,0,0,0,0,0,0,0,0,0,0,0,0,0,0,0,0,0,0,0,0,0,0,0,0,0,0,0,0,0,0,0,0,0,0,0,0,0,0,0,0,0,0,0,0,0,0,0,0,0,0,0,0,0,0,0,0,0,0,0,0,0,0,0,0,0,0,0,0,0,0,0,0,0,0,0,0,0,0,0,0,0,0,0,0,0,0,0,0,0,0,0,0,0,0,0,0,0,0,0,0,0,0,0,0,0,0,0,0,0,0,0,0,0,0,0,0,0,0,0,0,0,0,0,0,0,0,0,0,0,0,0,0,0,0,0,0,0,0,0,0,0,0,0,0,0,0,0,0,0,0,0,0,0,0,0,0,0,0,0,0,0,0,0,0,0,0,0,0,0,0,0,0,0,0,0,0,0,0,0,0,0,0,0,0,0,0,0,0,0,0,0,0,0,0,0,0,0,0,0,0,0,0,0,0,0,0,0,0,0,0,0,0,0,0,0,0,0,0,0,0,0,0,0,0,0,0,0,0,0,0,0,0,0,0,0,0,0,0,0,0,0,0,0,0,0,0,0,0,0,0,0,0,0,0,0,0,0,0,0,0,0,0,0,0,0,0,0,0,0,0,0,0,0,0,0,0,0,0,0,0,0,0,0,0,0,0,0,0,0,0,0,0,0,0,0,0,0,0,0,0,0,0,0,0,0,0,0,0,0,0,0,0,0,0,0,0,0,0,0,0,0,0,0,0,0,0,0,0,0,0,0,0,0,0,0,0,0,0,0,0,0,0,0,0,0,0,0,0,0,0,0,0,0,0,0,0,0,0,0,0,0,0,0,0,0,0,0,0,0,0,0,0,0,0,0,0,0,0,0,0,0,0,0,0,0,0,0,0,0,0,0,0,0,0,0,0,0,0,0,0,0,0,0,0,0,0,0,0,0,0,0,0,0,0,0,0,0,0,0,0,0,0,0,0,0,0,0,0,0,0,0,0,0,0,0,0,0,0,0,0,0,0,0,0,0,0,0,0,0,0,0,0,0,0,0,0,0,0,0,0,0,0,0,0,0,0,0,0,0,0,0,0,0,0,0,0,0,0,0,0,0,0,0,0,0,0,0,0,0,0,0,0,0,0,0,0,0,0,0,0,0,0,0,0,0,0,0,0,0,0,0,0,0,0,0,0,0,0,0,0,0,0,0,0,0,0,0,0,0,0,0,0,0,0,0,0,0,0,0,0,0,0,0,0,0,0,0,0,0,0,0,0,0,0,0,0,0,0,0,0,0,0,0,0,0,0,0,0,0,0,0,0,0,0,0,0,0,0,0,0,0
CounterOutlets1_Re,0,0,0,0,0,0,0,0,0,0,0,0,3.456,3.456,0,0,0,0,0,0,0,0,0,0,0,0,0,0,0,0,0,0,0,0,0,0,0,0,0,0,0,0,0,0,0,0,0,0,0,0,0,0,0,0,0,0,0,0,0,0,0,0,0,0,0,0,0,0,0,0,0,0,0,0,0,0,0,0,0,0,0,0,0,0,0,0,0,0,0,0,0,0,0,0,0,0,0,0,0,0,0,0,0,0,0,0,0,0,0,0,0,0,0,0,0,0,0,0,0,0,0,0,0,0,0,0,0,0,0,0,0,0,0,0,0,0,0,0,0,0,0,0,0,0,0,0,0,0,0,0,0,0,0,0,0,0,0,0,0,0,0,0,0,0,0,0,0,0,0,0,0,0,0,0,0,0,0,0,0,0,0,0,0,0,0,0,0,0,0,0,0,0,0,0,0,0,0,0,0,0,0,0,0,0,0,0,0,0,0,0,0,0,0,0,0,0,0,0,0,0,0,0,0,0,0,0,0,0,0,0,0,0,0,0,0,0,0,0,0,0,0,0,0,0,0,0,0,0,0,0,0,0,0,0,0,0,0,0,0,0,0,0,0,0,0,0,0,0,0,0,0,0,0,0,0,0,0,0,0,0,0,0,0,0,0,0,0,0,0,0,0,0,0,0,0,0,0,0,0,0,0,0,0,0,0,0,0,0,0,0,0,0,0,0,0,0,0,0,0,0,0,0,0,0,0,0,0,0,0,0,0,0,0,0,0,0,0,0,0,0,0,0,0,0,0,0,0,0,0,0,0,0,0,0,0,0,0,0,0,0,0,0,0,0,0,0,0,0,0,0,0,0,0,0,0,0,0,0,0,0,0,0,0,0,0,0,0,0,0,0,0,0,0,0,0,0,0,0,0,0,0,0,0,0,0,0,0,0,0,0,0,0,0,0,0,0,0,0,0,0,0,0,0,0,0,0,0,0,0,0,0,0,0,0,0,0,0,0,0,0,0,0,0,0,0,0,0,0,0,0,0,0,0,0,0,0,0,0,0,0,0,0,0,0,0,0,0,0,0,0,0,0,0,0,0,0,0,0,0,0,0,0,0,0,0,0,0,0,0,0,0,0,0,0,0,0,0,0,0,0,0,0,0,0,0,0,0,0,0,0,0,0,0,0,0,0,0,0,0,0,0,0,0,0,0,0,0,0,0,0,0,0,0,0,0,0,0,0,0,0,0,0,0,0,0,0,0,0,0,0,0,0,0,0,0,0,0,0,0,0,0,0,0,0,0,0,0,0,0,0,0,0,0,0,0,0,0,0,0,0,0,0,0,0,0,0,0,0,0,0,0,0,0,0,0,0,0,0,0,0,0,0,0,0,0,0,0,0,0,0,0,0,0,0,0,0,0,0,0,0,0,0,0,0,0,0,0,0,0,0,0,0,0,0,0,0,0,0,0,0,0,0,0,0,0,0,0,0,0,0,0,0,0,0,0,0,0,0,0,0,0,0,0,0,0,0,0,0,0,0,0,0,0,0,0,0,0,0,0,0,0,0,0,0,0,0,0,0,0,0,0,0,0,0,0,0,0,0,0,0,0,0,0,0,0,0,0,0,0,0,0,0,0,0,0,0,0,0,0,0,0,0,0,0,0,0,0,0,0,0,0,0,0,0,0,0,0,0,0,0,0,0,0,0,0,0,0,0,0,0,0,0,0,0,0,0,0,0,0,0,0,0,0,0,0,0,0,0,0,0,0,0,0,0,0,0,0,0,0,0,0,0,0,0,0,0,0,0,0,0,0,0,0,0,0,0,0,0,0,0,0,0,0,0,0,0,0,0,0,0,0,0,0,0,0,0,0,0,0,0,0,0,0,0,0,0,0,0,0,0,0,0,0,0,0,0,0,0,0,0,0,0,0,0,0,0,0,0,0,0,0,0,0,0,0,0,0,0,0,0,0,0,0,0,0,0,0,0,0,0,0,0,0,0,0,0,0,0,0,0,0,0,0,0,0,0,0,0,0,0,0,0,0,0,0,0,0,0,0,0,0,0,0,0,0,0,0,0,0,0,0,0,0,0,0,0,0,0,0,0,0,0,0,0,0,0,0,0,0,0,0,0,0,0,0,0,0,0,0,0,0,0,0,0,0,0,0,0,0,0,0,0,0,0,0,0,0,0,0,0
CounterOutlets2_Re,0,0,0,0,0,0,0,0,0,0,0,0,3.447,3.447,0,0,0,0,0,0,0,0,0,0,0,0,0,0,0,0,0,0,0,0,0,0,0,0,0,0,0,0,0,0,0,0,0,0,0,0,0,0,0,0,0,0,0,0,0,0,0,0,0,0,0,0,0,0,0,0,0,0,0,0,0,0,0,0,0,0,0,0,0,0,0,0,0,0,0,0,0,0,0,0,0,0,0,0,0,0,0,0,0,0,0,0,0,0,0,0,0,0,0,0,0,0,0,0,0,0,0,0,0,0,0,0,0,0,0,0,0,0,0,0,0,0,0,0,0,0,0,0,0,0,0,0,0,0,0,0,0,0,0,0,0,0,0,0,0,0,0,0,0,0,0,0,0,0,0,0,0,0,0,0,0,0,0,0,0,0,0,0,0,0,0,0,0,0,0,0,0,0,0,0,0,0,0,0,0,0,0,0,0,0,0,0,0,0,0,0,0,0,0,0,0,0,0,0,0,0,0,0,0,0,0,0,0,0,0,0,0,0,0,0,0,0,0,0,0,0,0,0,0,0,0,0,0,0,0,0,0,0,0,0,0,0,0,0,0,0,0,0,0,0,0,0,0,0,0,0,0,0,0,0,0,0,0,0,0,0,0,0,0,0,0,0,0,0,0,0,0,0,0,0,0,0,0,0,0,0,0,0,0,0,0,0,0,0,0,0,0,0,0,0,0,0,0,0,0,0,0,0,0,0,0,0,0,0,0,0,0,0,0,0,0,0,0,0,0,0,0,0,0,0,0,0,0,0,0,0,0,0,0,0,0,0,0,0,0,0,0,0,0,0,0,0,0,0,0,0,0,0,0,0,0,0,0,0,0,0,0,0,0,0,0,0,0,0,0,0,0,0,0,0,0,0,0,0,0,0,0,0,0,0,0,0,0,0,0,0,0,0,0,0,0,0,0,0,0,0,0,0,0,0,0,0,0,0,0,0,0,0,0,0,0,0,0,0,0,0,0,0,0,0,0,0,0,0,0,0,0,0,0,0,0,0,0,0,0,0,0,0,0,0,0,0,0,0,0,0,0,0,0,0,0,0,0,0,0,0,0,0,0,0,0,0,0,0,0,0,0,0,0,0,0,0,0,0,0,0,0,0,0,0,0,0,0,0,0,0,0,0,0,0,0,0,0,0,0,0,0,0,0,0,0,0,0,0,0,0,0,0,0,0,0,0,0,0,0,0,0,0,0,0,0,0,0,0,0,0,0,0,0,0,0,0,0,0,0,0,0,0,0,0,0,0,0,0,0,0,0,0,0,0,0,0,0,0,0,0,0,0,0,0,0,0,0,0,0,0,0,0,0,0,0,0,0,0,0,0,0,0,0,0,0,0,0,0,0,0,0,0,0,0,0,0,0,0,0,0,0,0,0,0,0,0,0,0,0,0,0,0,0,0,0,0,0,0,0,0,0,0,0,0,0,0,0,0,0,0,0,0,0,0,0,0,0,0,0,0,0,0,0,0,0,0,0,0,0,0,0,0,0,0,0,0,0,0,0,0,0,0,0,0,0,0,0,0,0,0,0,0,0,0,0,0,0,0,0,0,0,0,0,0,0,0,0,0,0,0,0,0,0,0,0,0,0,0,0,0,0,0,0,0,0,0,0,0,0,0,0,0,0,0,0,0,0,0,0,0,0,0,0,0,0,0,0,0,0,0,0,0,0,0,0,0,0,0,0,0,0,0,0,0,0,0,0,0,0,0,0,0,0,0,0,0,0,0,0,0,0,0,0,0,0,0,0,0,0,0,0,0,0,0,0,0,0,0,0,0,0,0,0,0,0,0,0,0,0,0,0,0,0,0,0,0,0,0,0,0,0,0,0,0,0,0,0,0,0,0,0,0,0,0,0,0,0,0,0,0,0,0,0,0,0,0,0,0,0,0,0,0,0,0,0,0,0,0,0,0,0,0,0,0,0,0,0,0,0,0,0,0,0,0,0,0,0,0,0,0,0,0,0,0,0,0,0,0,0,0,0,0,0,0,0,0,0,0,0,0,0,0,0,0,0,0,0,0,0,0,0,0,0,0,0,0,0,0,0,0,0,0,0,0,0,0,0,0,0,0,0,0,0,0,0,0,0,0,0,0,0,0,0,0,0,0,0,0,0,0,0,0,0,0,0,0,0,0,0,0
KitchenOutlets_Re,0,0,0,0,0,0,0,0,0,0,0,0,6.185,6.185,0,0,0,0,0,0,0,0,0,0,0,0,0,0,0,0,0,0,0,0,0,0,0,0,0,0,0,0,0,0,0,0,0,0,0,0,0,0,0,0,0,0,0,0,0,0,0,0,0,0,0,0,0,0,0,0,0,0,0,0,0,0,0,0,0,0,0,0,0,0,0,0,0,0,0,0,0,0,0,0,0,0,0,0,0,0,0,0,0,0,0,0,0,0,0,0,0,0,0,0,0,0,0,0,0,0,0,0,0,0,0,0,0,0,0,0,0,0,0,0,0,0,0,0,0,0,0,0,0,0,0,0,0,0,0,0,0,0,0,0,0,0,0,0,0,0,0,0,0,0,0,0,0,0,0,0,0,0,0,0,0,0,0,0,0,0,0,0,0,0,0,0,0,0,0,0,0,0,0,0,0,0,0,0,0,0,0,0,0,0,0,0,0,0,0,0,0,0,0,0,0,0,0,0,0,0,0,0,0,0,0,0,0,0,0,0,0,0,0,0,0,0,0,0,0,0,0,0,0,0,0,0,0,0,0,0,0,0,0,0,0,0,0,0,0,0,0,0,0,0,0,0,0,0,0,0,0,0,0,0,0,0,0,0,0,0,0,0,0,0,0,0,0,0,0,0,0,0,0,0,0,0,0,0,0,0,0,0,0,0,0,0,0,0,0,0,0,0,0,0,0,0,0,0,0,0,0,0,0,0,0,0,0,0,0,0,0,0,0,0,0,0,0,0,0,0,0,0,0,0,0,0,0,0,0,0,0,0,0,0,0,0,0,0,0,0,0,0,0,0,0,0,0,0,0,0,0,0,0,0,0,0,0,0,0,0,0,0,0,0,0,0,0,0,0,0,0,0,0,0,0,0,0,0,0,5.934,5.934,0,0,0,0,0,0,0,0,0,0,0,0,0,0,0,0,0,0,0,0,0,0,0,0,0,0,0,0,0,0,0,0,0,0,0,0,0,0,0,0,0,0,0,0,0,0,0,0,0,0,0,0,0,0,0,0,0,0,0,0,0,0,0,0,0,0,0,0,0,0,0,0,0,0,0,0,0,0,0,0,0,0,0,0,0,0,0,0,0,0,0,0,0,0,0,0,0,0,0,0,0,0,0,0,0,0,0,0,0,0,0,0,0,0,0,0,0,0,0,0,0,0,0,0,0,0,0,0,0,0,0,0,0,0,0,0,0,0,6.975,6.975,0,0,0,0,0,0,0,0,0,0,0,0,0,0,0,0,0,0,0,0,0,0,0,0,0,0,0,0,0,0,0,0,0,0,0,0,0,0,0,0,0,0,0,0,0,0,0,0,0,0,0,0,0,0,0,0,0,0,0,0,0,0,0,0,0,0,0,0,0,5.971,5.971,0,0,0,0,0,0,0,0,0,0,0,0,0,0,0,0,0,0,0,0,0,0,0,0,0,0,0,0,0,0,0,0,0,0,0,0,5.958,5.958,0,0,0,0,0,0,0,0,0,0,0,0,0,0,0,0,0,0,0,0,0,0,6.006,6.006,0,0,0,0,0,0,0,0,0,0,0,0,0,0,0,0,0,0,7.056,7.056,0,0,0,0,0,0,0,0,0,0,0,0,0,0,0,0,0,0,0,0,0,0,0,0,0,0,0,0,0,0,0,0,0,0,0,0,0,0,0,0,0,0,0,0,0,0,0,0,0,0,0,0,0,0,0,0,0,0,0,0,0,0,0,0,0,0,0,0,0,0,0,0,0,0,0,0,0,0,0,0,0,0,0,0,0,0,0,0,0,0,0,0,0,0,0,0,0,0,0,0,0,0,0,0,0,0,0,0,0,0,0,0,0,0,0,0,0,0,0,0,0,0,0,0,0,0,0,0,0,0,0,0,0,0,0,0,0,0,0,0,0,0,0,0,0,0,0,0,0,0,0,0,0,0,0,0,0,0,0,0,0,0,0,0,0,0,0,0,0,0,0,0,0,0,0,0,0,0,0,0,0,0,0,0,0,0,0,0,0,0,0,0,0,0,0,0,0,0,0,0,0,0,0,0,0,0,0,0,0,0,0,0,0,0,0,0,0,0,0,0,0,0,0,0,0,0,0,0,0,0,0,0,0,0,0,0,0,0,0,0,0,0,0,0,0,0,0,0,0,0,0,0,0,0,0,0,0,0,0,0,0,0,0,0,0,0
Grid_AP,842.211,845.278,407.592,438.859,839.928,405.351,405.221,834.016,843.274,409.781,833.206,834.356,885.841,892.409,906.076,894.134,889.106,1034.63,1022.309,924.675,922.577,921.749,921.563,922.059,920.123,916.38,916.344,917.453,915.887,912.057,918.506,457.338,456.41,901.542,944.131,940.427,941.849,1058.395,1041.74,1046.297,1058.349,1051.162,1056.747,1050.994,1055.394,1052.137,1052.044,1052.316,1012.872,1005.347,1002.933,1001.05,1003.238,1011.049,1010.315,1008.703,1004.814,1004.648,1003.817,1004.542,1007.021,1008.717,1009.036,1006.819,1003.552,1004.283,1007.415,1009.942,1010.226,1005.323,1000.988,999.001,996.407,998.786,957.275,939.986,935.249,494.762,494.002,927.498,929.758,932.559,931.498,936.06,937.83,933.109,933.574,936.146,933.426,901.08,901.795,900.675,901.012,1025.48,1003.373,1004.091,1012.018,1006.152,1004.422,1005.067,573.551,574.187,993.258,992.476,996.814,993.442,999.386,1111.083,996.608,1002.342,1000.817,1000.22,571.591,1011.866,983.773,1032.201,1028.108,1031.813,1028.738,1026.429,1024.334,921.746,930.312,932.456,933.267,926.974,920.042,921.738,920.003,871.02,861.531,869.427,861.22,864.24,860.874,857.444,857.797,907.77,903.958,901.329,899.27,900.505,899.471,904.155,902.097,897.511,476.703,889.812,1012.709,991.452,1000.685,1001.687,572.784,989.709,986.898,999.405,1033.412,1030.427,1032.844,1030.716,1024.943,1021.16,1019.375,1028.441,1028.362,1032.984,1028.115,1026.667,1027.013,1023.557,996.991,1009.58,1000.008,1003.351,991.584,992.502,988.503,998.087,893.511,458.693,894.242,873.118,874.099,877.708,858.354,855.612,854.096,863.677,862.632,856.046,855.498,855.597,852.835,857.008,909.359,913.891,917.009,507.236,510.057,933.402,933.088,942.487,941.114,1038.968,1040.101,1042.42,1044.783,1044.132,1040.968,1043.806,1043.271,1011.508,1012.21,1013.092,1006.763,1003.268,1004.888,1015.841,1009.633,585.477,997.34,994.413,994.163,990.808,994.103,569.86,989.347,995.4,995.164,997.243,995.361,891.824,470.433,885.602,884.934,883.853,886.371,854.057,890.626,891.114,892.279,892.837,894.089,893.908,893.753,893.399,894.241,884.426,939.542,938.125,931.178,931.799,899.322,898.873,899.136,898.914,898.345,1010.316,573.688,1003.773,989.512,995.837,996.288,1004.438,998.271,570.003,570.965,989.014,988.437,997.195,988.956,663.679,985.599,980.847,989.742,985.898,983.389,556.588,982.582,1021.756,1029.595,1038.358,591.739,480.832,908.391,913.155,924.825,930.641,931.768,925.614,926.161,922.03,921.138,862.285,860.685,859.127,864.161,859.726,860.574,907.282,899.861,899.745,899.315,900.011,466.569,906.38,885.651,889.299,891.887,465.432,465.951,885.088,888.565,994.855,571.589,574.535,991.668,995.398,574.01,997.967,1016.671,1025.41,1028.579,1035.069,588.646,1052.834,1011.881,1018.578,1027.124,1027.027,1031.366,1026.134,1027.636,1027.57,891.084,893.157,895.525,896.216,899.909,889.63,894.591,891.445,899.611,906.08,914.962,902.554,895.207,889.067,894.065,894.016,910.788,480.565,892.808,893.314,902.16,904.652,905.798,911.962,908.448,910.315,474.82,935.93,934.674,940.408,942.129,500.295,962.197,930.107,942.211,938.607,937.405,1060.267,1050.043,1043.501,1048.686,1016.361,1012.287,1014.734,1013.192,575.731,1007.437,1001.114,575.67,571.337,999.728,999.117,474.331,467.884,899.19,889.044,891.14,891.939,890.742,895.87,903.126,904.087,463.833,465.308,890.613,884.983,891.181,464.013,1214.982,1198.229,1197.814,1198.587,1199.261,1205.043,1048.8,1050.062,1045.02,1043.301,1039.787,1039.519,948.314,945.704,474.47,486.127,902.443,908.449,473.1,472.863,901.439,906.247,472.925,474.496,898.947,903.731,911.308,480.445,897.39,902.257,904.881,1243.396,1033.87,1004.114,1012.868,577.721,927.674,894.92,908.777,479.115,479.538,924.952,931.355,932.138,936.938,929.948,930.897,938.936,946.552,938.747,936.416,935.999,-0,617.575,1042.694,1007.6,1013.596,572.721,990.818,994.918,1000.019,1009.55,1013.532,1008.315,1003.901,579.615,558.492,993.298,996.49,571.167,1000.357,989.366,992.485,996.491,997.707,904.636,911.079,462.289,466.125,892.791,465.685,465.606,918.495,922.075,926.246,932.332,935.936,940.384,937.959,940.871,907.522,900.473,904.789,961.801,937.751,937.396,903.41,900.984,907.193,902.783,902.495,902.879,903.159,901.498,902.52,893.825,1010.395,1003.423,1011.85,1005.75,1007.67,1012.19,575.553,1010.669,992.137,1008.89,1007.675,1010.488,1009.739,1008.558,573.217,571.21,992.127,1033.533,1039.297,1035.117,586.076,585.113,1015.703,1023.059,590.476,1055.951,1030.033,1029.85,1034.889,1030.607,942.015,907.346,906.777,907.997,911.832,905.343,908.127,903.459,906.537,905.696,864.147,866.698,864.098,865.29,867.057,866.809,868.57,869.384,930.102,908.391,909.358,917.637,905.222,905.669,905.054,910.147,598.537,1048.224,1040.447,1049.802,1040.773,603.473,1023.461,1029.221,599.985,1058.707,1030.769,1029.188,1032.645,591.505,596.028,1027.795,1004.079,575.443,1004.024,994.905,994.006,1002.183,1001.579,1006.615,1008.989,1000.653,999.684,994.849,1003.658,1005.632,1007.441,1004.752,1001.822,1003.167,560.321,470.3,869.642,861.906,865.033,430.129,860.07,859.801,428.708,771.148,882.616,895.612,900.39,900.953,902.126,906.647,900.614,903.031,962.201,1057.397,1049.732,1052.262,1047.701,1018.625,1018.343,1020.198,1013.065,1018.994,1018.283,1015.405,1011.814,568.871,1022.691,999.86,1004.056,1009.246,572.005,567.498,985.407,995.67,563.218,878.818,996.707,1002.464,1002.784,1003.206,1010.799,1004.69,570.102,1021.912,1032.628,928.995,928.829,929.057,934.817,939.114,936.072,933.54,909.27,-0,912.041,910.267,909.824,910.268,877.458,877.132,877.567,930.31,920.698,922.155,912.138,909.586,912.227,913.069,913.216,1235.854,798.26,1215.363,1210.256,1316.118,904.659,906.179,472.117,918.802,896.682,902.347,915.175,907.617,912.549,910.705,918.663,934.757,938.423,936.539,940.668,1092.675,1072.827,1067.538,1065.125,1060.358,1070.885,1068.781,1066.437,619.125,1045.093,1012.86,1016.256,1019.345,1032.878,1027.104,584.616,1045.302,1004.715,1005.79,1010.98,1025.083,1017.021,577.346,574.636,999.472,1003.118,1007.833,917.609,910.212,455.35,451.682,892.378,896.036,446.745,444.513,888.467,940.557,927.962,-0,936.173,934.53,936.587,934.581,941.208,933.156,933.338,936.72,590.504,1027.241,1026.394,1035.188,1003.551,1009.46,1008.334,1007.66,1007.35,553.855,992.299,993.182,998.519,542.597,983.033,992.55,997.618,1002.07,997.351,991.772,993.688,535.454,1022.478,983.458,992.63,989.791,533.415,530.228,975.502,986.611,1029.614,1026.906,1023.083,1020.226,1023.614,1021.899,562.272,563.961,1019.413,1015.979,916.615,888.793,891.928,887.72,856.609,855.887,855.505,839.693,398.301,848.101,848.597,851.663,852.294,398.359,453.067,893.885,898.381,897.65,900.163,902.284,449.268,980.976,984.511,987.477,994.829,999.388,552.952,553.319,979.786,985.319,986.683,1026.799,1018.366,566.486,1010.361,1004.899,1018.195,1018.099,1014.632,1011.47,1008.98,1006.957,1015.902,1014.209,1015.431,985.994,979.038,531.878,971.465,864.682,861.898,426.015,896.512,852.792,857.808,984.535,868.456,872.884,398.094,877.905,834.1,853.957,844.367,897.221,454.052,882.208,887.185,890.113,889.569,890.242,450.136,881.837,915.168,925.84,922.381,921.531,923.447,474.607,921.753,1027.714,1019.939,1024.234,1024.361,1026.116,1028.291,578.401,1016.514,984.402,550.031,549.675,973.601,980.158,983.222,987.251,881.305,441.515,881.458,876.578,880.048,877.162,875.653,440.061,869.759,876.959,875.974,876.742,438.749,433.599,993.715,990.432,992.44,991.474,548.206,1009.973,1006.317,1015.18,921.918,470.628,937.241,912.411,918.91,923.766,471.355,473.6,906.826,919.975,918.289,886.286,887.531,446.401,443.277,874.784,882.258,888.722,447.751,870.242,841.331,845.669,456.121,446.351,872.871,878.698,881.794,884.775,444.852,893.457,878.019,885.271,879.059,440.322,1009.794,983.358,546.724,557.793,1019.377,1026.38,1024.11,1020.358,576.212,1037.023,1012.257,1022.582,1023.573,576.048,570.256,1008.842,1013.657,1025.322,994.264,551.11,975.805,979.65,980.091,539.845,969.724,882.205,885.475,447.029,874.483,878.417
Dryer_AP,0,1.934,1.934,4.486,2.693,2.693,4.432,4.432,2.652,2.652,0,0,3.131,3.131,0,0,3.533,3.063,0,0,0,0,0,0,0,0,0,0,0,0,2.595,2.595,4.204,4.204,0,0,0,0,0,0,0,0,0,0,0,0,0,0,0,0,0,0,0,0,0,0,0,0,0,0,0,0,0,0,0,0,0,0,0,0,0,0,0,0,0,0,1.947,1.947,2.839,2.839,0,0,0,0,0,0,0,0,0,0,0,0,0,0,0,0,0,0,0,2.627,2.627,3.767,3.767,0,0,0,0,0,0,0,0,2.419,2.419,4.055,0,0,0,0,0,0,0,0,0,0,0,0,0,0,0,0,0,0,0,0,0,0,2.872,3.076,0,0,0,0,0,0,0,2.16,2.16,3.976,0,0,0,2.425,3.79,3.79,0,0,0,0,0,0,0,0,0,0,0,0,0,0,0,0,0,0,0,0,0,0,0,0,2.299,2.299,0,0,0,0,0,0,0,0,0,0,0,0,0,3.243,3.217,0,1.893,1.893,4.025,4.025,0,0,0,0,0,0,0,0,0,0,0,0,0,0,0,0,0,0,2.682,3.957,3.957,0,0,0,2.343,3.937,3.937,0,0,0,0,1.78,4.118,4.118,0,0,0,0,0,0,0,0,0,0,0,0,0,3.435,3.208,0,0,0,0,0,0,0,0,2.009,2.009,4.046,0,0,0,0,2.417,2.417,3.791,3.791,0,0,2.69,2.69,4.045,0,0,0,2.567,3.932,3.932,0,0,1.944,1.944,4.583,4.583,0,0,0,0,0,0,0,0,0,0,0,0,0,3.415,3.303,0,0,0,1.953,1.953,4.162,0,0,2.225,2.225,0,0,0,2.08,2.08,3.813,3.813,2.38,2.38,2.892,0,0,0,1.937,1.937,3.822,0,0,0,0,0,0,0,0,0,0,0,0,0,0,0,0,0,0,0,0,0,0,0,3.521,3.191,4.096,4.096,0,0,0,0,0,0,2.805,4.234,4.234,0,0,2.041,2.041,4.096,0,0,0,0,0,0,0,0,0,0,0,2.729,2.729,0,2.48,2.48,3.998,3.998,1.982,1.982,4.602,4.602,0,0,0,0,0,0,2.441,2.441,0,0,0,2.347,4.223,2.248,0,0,0,0,0,0,0,0,0,0,0,0,1.91,1.91,3.88,3.88,2.624,2.624,4.122,4.122,2.499,2.499,3.87,3.87,0,2.77,4.086,4.086,0,3.185,2.29,4.135,0,2.665,2.665,4.329,0,2.885,2.885,4.14,4.14,0,0,0,0,0,0,0,0,0,3.392,1.985,0,0,0,2.304,3.847,3.847,0,0,0,0,0,2.406,2.406,3.829,3.829,2.719,2.719,0,0,0,0,0,0,2.522,2.522,3.729,3.729,2.373,4.257,4.257,0,0,0,0,0,0,0,0,0,0,0,0,0,0,0,0,0,0,0,0,0,0,2.906,2.906,0,0,0,0,2.013,2.013,4.205,0,0,0,0,0,2.805,2.805,4.087,4.087,0,0,2.609,2.609,0,0,2.648,2.648,0,0,0,0,0,0,0,0,0,0,0,0,0,0,0,0,0,0,0,0,0,0,0,0,0,0,0,0,0,0,1.992,2.102,3.905,0,0,2.364,3.784,3.784,2.365,2.365,0,0,0,1.929,1.929,4.372,4.372,2.466,2.466,4.015,0,0,0,0,0,0,0,0,0,0,0,0,0,0,2.511,2.154,4.261,4.261,0,2.31,2.31,4.069,2.031,2.031,3.98,3.98,0,0,0,0,0,0,3.559,3.559,0,0,0,0,0,0,0,0,0,0,0,2.389,2.389,3.876,0,0,2.395,2.395,4.392,4.392,2.328,2.328,3.676,0,0,0,0,0,2.369,2.369,0,0,0,0,0,0,0,0,0,0,0,0,0,0,0,0,0,3.069,3.069,0,0,0,0,0,0,0,2.679,2.679,3.869,0,3.369,3.369,1.93,1.93,4.392,0,0,0,0,0,0,0,0,0,0,3.607,3.053,0,0,0,0,0,0,2.266,4.388,4.388,0,0,0,0,2.033,2.033,3.761,0,0,0,0,2.579,2.579,3.799,3.799,0,0,0,2.205,2.205,3.931,3.931,1.984,1.984,4.065,4.065,0,0,0,0,0,0,0,0,0,0,2.107,4.049,4.049,0,0,0,0,0,0,2.458,3.889,3.889,0,2.583,3.805,3.805,0,0,0,0,0,2.435,2.435,3.794,0,0,2.486,2.084,4.094,4.094,0,0,0,0,0,0,2.048,2.048,3.957,3.957,0,0,0,0,0,0,0,0,1.869,4.017,4.017,0,0,2.157,2.157,4.355,4.355,0,0,0,2.286,4.037,4.037,0,0,0,2.33,2.33,3.779,3.779,0,0,0,2.41,3.825,3.825,0,0,0,0,0,0,0,0,0,0,0,2.362,4.124,4.124,0,2.203,2.203,4.363,0,0,0,0,2.028,2.028,0,0,0,3.348,2.117,4.004,4.004,0,0,0,1.994,4.237,4.237,0,0,0,0,1.905,1.905,3.977,0,0,0,0,0,2.161,2.161,3.802,2.433,2.433,3.245,3.245,0,0,0,2.807,2.807,4.118,0,0,0,2.155,4.092,4.092,0,0,1.896,1.896,3.478,3.052,0,0,2.356,4.138,4.138,0,0,1.94,1.94,4.105,0,0,2.092,2.092,4.089,4.089,0,0,0,2.039,2.039,4.231,4.231,0,1.89,1.89,4.037,0,1.967,1.967,4.263,4.263,0,0,1.989,1.989,4.28,0,0,1.902,1.902,4.319,2.52,2.52,4.333,4.333,0,0,2.105,2.105,3.663,0,0,1.951,1.951,4.19,4.19,0,0,2.48,3.868,3.868,0,2.863,3.795,3.795,0,2.509,3.831,3.831,0
OfficeOutlets_AP,0,0,0,0,0,0,0,0,0,0,9.454,9.454,7.567,8.81,7.687,8.211,9.843,7.62,9.266,7.653,0,9.118,9.118,0,0,0,0,0,0,0,0,0,0,0,0,7.667,7.667,0,0,0,0,0,0,0,9.298,7.842,0,0,0,0,0,0,0,0,0,0,0,9.67,7.873,0,0,0,0,0,0,9.245,9.245,0,0,0,0,0,0,9.24,7.723,0,0,0,0,0,0,0,9.317,9.79,7.811,0,0,0,9.088,9.088,0,0,7.77,7.77,0,0,9.344,9.141,7.77,0,0,0,0,0,0,0,9.163,7.664,9.197,7.881,0,7.685,7.685,0,0,0,0,9.613,7.924,7.924,7.928,7.928,0,0,0,0,0,0,0,9.413,7.885,0,0,0,7.869,7.869,9.848,7.835,0,0,0,0,0,0,9.527,9.527,9.28,7.915,0,0,0,0,0,0,0,9.044,9.044,7.715,0,0,0,0,0,0,0,7.715,7.715,0,0,9.141,9.003,9.003,0,0,0,9.018,7.67,9.962,7.76,8.913,9.361,9.361,0,0,0,0,0,0,0,0,0,0,0,9.637,8.076,15.862,23.618,20.92,23.458,19.071,17.828,23.762,21.772,23.788,17.292,23.626,22.115,23.712,23.713,18.377,23.766,17.335,23.905,19.192,24.172,24.031,20.044,24.258,22.914,23.636,18.44,24.113,16.945,22.064,24.037,22.184,24.037,17.967,24.004,18.064,24.218,26.284,21.649,22.743,17.127,18.551,16.72,15.822,15.338,11.255,13.74,10.944,12.517,12.205,11.541,11.302,9.913,11.698,11.698,0,0,8.319,8.319,0,10.497,10.497,0,8.878,8.878,9.013,9.013,0,0,0,9.127,7.648,0,0,0,0,0,0,0,0,0,0,0,0,0,9.27,9.27,0,9.736,7.687,0,9.441,9.441,0,0,0,0,0,0,0,0,0,0,9.391,9.391,7.856,0,0,0,0,0,0,0,0,0,0,0,0,0,0,0,0,9.119,9.119,9.094,0,0,0,0,0,0,0,0,0,0,0,0,0,0,9.486,9.486,0,0,0,9.33,9.33,0,9.288,9.288,8.234,0,0,0,0,0,0,9.82,7.632,0,0,0,0,0,0,0,0,0,0,9.353,9.353,0,0,0,0,0,0,0,9.269,9.269,9.424,7.95,7.805,0,0,0,0,9.174,7.776,7.577,7.577,9.423,7.77,0,0,9.77,7.96,0,7.987,7.987,0,0,0,0,9.009,9.009,0,0,7.67,7.67,9.661,7.93,0,0,0,0,0,0,0,0,7.796,7.796,0,0,0,0,0,9.25,7.566,7.922,9.404,0,0,0,0,0,0,0,9.343,9.343,7.565,0,0,0,9.835,7.901,0,0,0,0,0,0,0,0,0,0,0,9.343,9.343,0,10.082,7.775,0,9.373,7.758,0,0,9.463,7.923,7.888,7.888,0,0,9.055,9.055,0,0,0,8.845,8.845,0,0,0,0,7.709,7.709,0,0,0,0,0,0,0,0,0,0,0,0,7.881,7.881,0,0,9.5,8.143,0,0,0,0,0,0,0,0,0,0,9.978,7.85,7.702,9.134,7.713,9.248,0,0,9.348,9.348,0,0,0,0,0,0,7.585,7.585,0,0,0,0,0,0,0,0,0,0,0,0,0,0,0,0,0,0,0,9.088,7.71,0,7.946,7.946,0,7.808,7.808,0,0,0,0,9.532,9.532,9.373,9.373,0,0,0,9.615,7.79,9.197,7.821,0,9.425,7.869,9.203,7.676,0,0,0,0,0,10.054,7.836,9.895,9.089,9.089,0,0,0,7.723,9.118,7.774,0,0,0,0,0,0,0,0,0,0,9.057,9.057,0,0,0,0,0,9.802,8.121,0,9.404,9.404,0,0,0,0,0,7.856,7.856,0,0,0,0,0,0,0,0,0,0,0,0,0,0,0,0,0,0,7.82,7.82,0,0,0,0,0,0,9.259,9.259,7.677,7.677,0,10.127,7.929,9.235,7.895,0,9.311,9.311,0,0,0,7.943,7.943,0,0,0,0,8.002,8.002,7.892,0,9.275,9.275,0,0,9.479,7.57,8.645,8.645,0,9.987,8.207,8.983,8.983,7.658,7.982,0,9.308,9.308,0,9.411,8.008,0,0,0,9.725,7.962,0,0,0,0,0,0,0,0,9.185,7.869,0,9.501,9.501,9.131,7.718,7.719,0,0,0,0,0,0,0,0,0,0,0,0,0,0,0,0,0,0,7.494,7.494,0,0,9.752,7.656,0,0,0,0,7.626,7.626,0,0,0,0,0,0,0,0,0,0,0,0,0,0,0,0,0,0,0,0,0,0,0,0,0,0,0,0,0,0,0,0,0,0,0,0,0,0,0,7.723,7.723,9.21,9.21,0,0,0,0,0,0,0,0,0,0,9.966,7.314,0,0,0,0,0,8.945,8.945,0,0,0,0,0,0,0,0,9.64,7.608,0,0,0,0,0,0,0,0,0,0,0,0,0,0,0,8.762,7.494,9.419,7.511,0,0,8.979,7.603,0,0,0,0,0,0,9.17,9.414,9.414,0,0,0,0,0,9.162,7.773,0,9.625,8.077,0,0,0,0,0,0,0,0,0,0,0,9.528,9.528,0,0,0,0,0,0,7.799,9.298,0,0,9.466,9.253,7.873,0,0,0,0,0,0,0,10.002,7.801,0,0,0,0,0,0,0,8.783,8.783,7.788,0,0,0,0,0,0,7.608,7.608,0,0,9.021,9.021,0,0,0,0,9.826,9.569,9.168,7.817,0,7.928,7.928,0,0,0,0,0,0,0,7.545,7.545,0,0,0,0,0,9.104,9.104,0,0,0,0,0,0,0,0,0,0,0,0,9.279,9.279,0,0,0,0,0,0,0,7.797
LivingRoomOutlets_AP,91.898,92.515,92.515,0,0,92.805,92.805,92.556,0,0,0,0,91.446,92.627,93.856,91.449,93.253,92.159,91.513,91.288,91.322,91.528,0,92.13,92.13,0,91.726,91.726,92.552,91.309,91.309,0,0,91.69,92.298,92.132,92.132,0,0,0,93.432,91.78,0,0,99.138,98.266,0,96.891,98.236,97.522,97.522,0,98.065,98.367,99.438,98.98,0,105.409,104.62,0,104.165,104.165,0,0,0,105.568,105.568,104.581,0,104.578,103.582,0,0,0,0,104.237,104.237,0,0,0,0,0,102.505,102.86,103.593,0,0,0,0,102.55,102.55,0,0,0,0,0,0,103.366,102.815,0,0,102.677,102.677,0,0,0,0,0,0,0,103.137,102.631,103.578,0,0,102.801,102.801,0,0,0,103.498,102.004,0,102.603,102.603,0,102.408,102.408,101.703,0,0,102.089,102.089,0,103.881,102.671,102.329,100.934,0,0,0,0,0,100.254,100.066,99.332,0,0,0,101.558,100.434,0,0,0,0,0,100.633,99.795,0,99.451,100.051,101.016,0,0,0,0,0,101.478,101.478,101.035,0,0,0,0,0,0,0,102.171,102.171,0,103.319,102.469,0,0,0,0,0,100.474,100.474,101.603,101.603,0,101.292,101.292,102.455,0,0,0,0,0,0,101.798,101.798,0,0,0,0,0,0,102.005,101.887,103.871,103.871,104.085,104.085,101.658,102.432,103.499,101.769,0,102.236,101.277,102.868,102.868,0,0,0,0,0,0,100.742,100.742,102.097,101.405,101.615,100.672,0,0,100.976,100.976,102.729,102.729,0,0,0,103.809,102.691,102.489,102.182,101.818,101.818,0,0,0,0,102.649,102.622,101.547,0,0,0,0,102.719,101.927,101.82,0,0,0,0,0,0,0,0,0,0,0,0,0,0,0,104.177,104.177,102.153,102.157,0,103.017,103.017,0,0,0,0,102.397,102.397,102.855,101.512,101.512,0,102.175,102.175,101.397,0,0,0,0,0,0,100.117,100.117,0,0,0,0,0,101.697,102.387,101.647,0,0,99.826,99.826,100.378,100.378,0,103.194,102.904,0,0,0,0,0,102.95,102.95,102.467,103.157,102.138,0,0,103.168,102.201,102.201,0,0,104.743,104.743,103.94,104.04,104.04,0,0,103.083,102.284,103.932,0,104.458,104.458,0,0,102.497,102.497,0,104.879,104.879,104.487,103.507,0,104.951,104.234,0,0,0,0,0,0,103.684,102.866,104.492,0,103.941,102.821,104.454,105.782,103.146,105.15,103.227,104.533,104.109,104.109,102.94,104.002,102.754,104.006,103.066,103.436,103.436,102.56,103.037,104.948,0,103.32,103.506,104.061,104.168,102.814,102.524,102.804,102.804,103.369,0,0,104.776,102.909,0,0,103.695,103.695,0,0,104.067,103.177,0,0,104.277,103.154,104.189,105.246,0,0,0,0,104.124,102.887,104.465,102.864,0,0,0,104.673,104.673,104.563,103.556,103.378,0,104.508,104.508,0,0,103.559,103.559,103.66,104.359,104.387,103.037,0,104.985,104.204,0,104.025,103.712,102.188,0,0,102.149,102.149,0,0,0,0,0,0,100.853,100.853,101.351,102.04,101.627,0,100.952,100.952,0,101.058,101.058,0,0,0,0,0,0,0,100.87,103.06,101.999,0,104.601,102.522,103.873,0,0,0,104.383,104.383,0,0,102.071,102.071,0,0,102.527,101.497,101.757,101.334,101.249,101.249,0,100.683,100.699,100.985,0,102.465,102.465,102.645,102.604,0,0,103.306,103.306,101.947,102.227,102.227,102.71,102.71,101.8,100.623,0,102.088,102.088,101.903,102.397,101.61,101.61,99.891,100.044,100.058,101.577,100.701,101.795,101.379,101.379,100.884,102.172,100.356,0,101.95,100.726,100.856,100.856,101.019,101.019,0,104.001,101.312,103.039,103.56,102.525,102.785,102.734,102.418,102.627,0,0,103.73,103.834,102.851,102.851,0,0,0,102.535,102.535,103.179,102.03,102.03,0,104.33,102.594,103.781,102.186,0,0,0,102.415,102.387,101.104,101.08,101.08,101.388,0,102.73,103.771,103.663,103.663,102.661,102.661,103.612,104.363,103.2,103.2,0,0,0,0,0,102.636,102.566,102.593,0,0,103.862,104.04,0,0,0,0,101.582,101.673,0,0,0,0,0,101.579,101.579,0,101.455,101.455,0,0,102.036,100.951,101.002,100.547,0,0,0,0,102.86,102.86,101.586,0,101.276,102.191,101.783,0,0,0,103.038,103.038,102.413,103.412,102.305,103.657,101.734,0,104.032,102.719,0,102.909,102.89,103.892,0,0,0,0,0,0,0,103.801,102.985,0,104.224,102.846,0,0,0,0,0,102.759,102.759,0,103.341,102.923,0,103.375,103.375,103.367,102.634,102.833,102.699,104.143,0,0,104.038,102.874,103.509,104.915,104.915,0,0,104.591,103.44,103.689,103.501,0,0,104.016,104.016,103.724,103.246,103.246,0,0,0,0,0,0,0,0,0,0,0,0,0,90.589,90.589,90.144,89.432,0,0,0,0,92.447,91.002,92.515,0,0,0,0,91.514,91.514,0,0,0,0,0,91.884,91.099,0,0,90.901,90.901,0,0,0,0,0,0,0,0,0,86.727,86.727,0,0,0,86.202,86.202,0,0,0,0,0,87.761,86.165,86.026,86.026,86.041,85.218,85.218,0,0,0,0,0,0,88.508,88.508,87.871,0,0,89.659,89.082,0,0,0,0,0,0,0,0,0,92.669,92.387,92.387,0,0,0,0,0,94.353,92.378,0,0,0,0,0,0,0,0,0,92.183,91.111,90.08,0,0,90.805,90.181,90.014,0,89.754,89.754,0,0,93.912,91.17,91.407,94.047,92.529,0,93.258,93.258,0,0,0,92.589,92.589,92.134,91.463,91.926,90.844,91.352,91.836,90.806,91.788,0,91.986,91.986,92.241,93.187,92.618,92.468,94.757,93.002,93.432,92.99,0,93.357,93.357,94.407,0,0,95.593,95.593,94.655,96.15,96.15,95.121,95.121,95.064,95.544,95.458,94.589,94.589,0,0,0,92.947,91.061,91.495,90.365,89.188,89.856,0,0,91.511,91.511,90.114,90.114,90.475,90.475,0,0,93.377,92.624,90.574,90.682,92.213,92.213,94.057,92.962,92.817,93.109,0,92.083,92.083,92.207,94.236,0,93.051,94.012,94.458,94.849,96.481,94.493,0,0,0,0,94.09,94.09,95.409,94.77,92.969,93.157,95.264,92.88,92.024,92.117,92.117,92.274,91.68,92.819,93.82,93.794,92.909,92.295,93.548,91.354,90.826,90.743,0,93.248,92.695
GuestBathOutlets_AP,0,0,0,0,0,0,0,0,0,0,0,0,1.587,1.587,0,0,0,0,0,0,0,0,0,0,0,0,0,0,0,0,0,0,0,0,0,0,0,0,0,0,0,0,0,0,0,0,0,0,0,0,0,0,0,0,0,0,0,0,0,0,0,0,0,0,0,0,0,0,0,0,0,0,0,0,0,0,0,0,0,0,0,0,0,0,0,0,0,0,0,0,0,0,0,0,0,0,0,0,0,0,0,0,0,0,0,0,0,0,0,0,0,0,0,0,0,0,0,0,0,0,0,0,0,0,0,0,0,0,0,0,0,0,0,0,0,0,0,0,0,0,0,0,0,0,0,0,0,0,0,0,0,0,0,0,0,0,0,0,0,0,0,0,0,0,0,0,0,0,0,0,0,0,0,0,0,0,0,0,0,0,0,0,0,0,0,0,0,0,0,0,0,0,0,0,0,0,0,0,0,0,0,0,0,0,0,0,0,0,0,0,0,0,0,0,0,0,0,0,0,0,0,0,0,0,0,0,0,0,0,0,0,0,0,0,0,0,0,0,0,0,0,0,0,0,0,0,0,0,0,0,0,0,0,0,0,0,0,0,0,0,0,0,0,0,0,0,0,0,0,0,0,0,0,0,0,0,0,0,0,0,0,0,0,0,0,0,0,0,0,0,0,0,0,0,0,0,0,0,0,0,0,0,0,0,0,0,0,0,0,0,0,0,0,0,0,0,0,0,0,0,0,0,0,0,0,0,0,0,0,0,0,0,0,0,0,0,0,0,0,0,0,0,0,0,0,0,0,0,0,0,0,0,0,0,0,0,0,0,0,0,0,0,0,0,0,0,0,0,0,0,0,0,0,0,0,0,0,0,0,0,0,0,0,0,0,0,0,0,0,0,0,0,0,0,0,0,0,0,0,0,0,0,0,0,0,0,0,0,0,0,0,0,0,0,0,0,0,0,0,0,0,0,0,0,0,0,0,0,0,0,0,0,0,0,0,0,0,0,0,0,0,0,0,0,0,0,0,0,0,0,0,0,0,0,0,0,0,0,0,0,0,0,0,0,0,0,0,0,0,0,0,0,0,0,0,0,0,0,0,0,0,0,0,0,0,0,0,0,0,0,0,0,0,0,0,0,0,0,0,0,0,0,0,0,0,0,0,0,0,0,0,0,0,0,0,0,0,0,0,0,0,0,0,0,0,0,0,0,0,0,0,0,0,0,0,0,0,0,0,0,0,0,0,0,0,0,0,0,0,0,0,0,0,0,0,0,0,0,0,0,0,0,0,0,0,0,0,0,0,0,0,0,0,0,0,0,0,0,0,0,0,0,0,0,0,0,0,0,0,0,0,0,0,0,0,0,0,0,0,0,0,0,0,0,0,0,0,0,0,0,0,0,0,0,0,0,0,0,0,0,0,0,0,0,0,0,0,0,0,0,0,0,0,0,0,0,0,0,0,0,0,0,0,0,0,0,0,0,0,0,0,0,0,0,0,0,0,0,0,0,0,0,0,0,0,0,0,0,0,0,0,0,0,0,0,0,0,0,0,0,0,0,0,0,0,0,0,0,0,0,0,0,0,0,0,0,0,0,0,0,0,0,0,0,0,0,0,0,0,0,0,0,0,0,0,0,0,0,0,0,0,0,0,0,0,0,0,0,0,0,0,0,0,0,0,0,0,0,0,0,0,0,0,0,0,0,0,0,0,0,0,0,0,0,0,0,0,0,0,0,0,0,0,0,0,0,0,0,0,0,0,0,0,0,0,0,0,0,0,0,0,0,0,0,0,0,0,0,0,0,0,0,0,0,0,0,0,0,0,0,0,0,0,0,0,0,0,0,0,0,0,0,0,0,0,0,0,0,0,0,0,0,0,0,0,0,0,0,0,0,0,0,0,0,0,0,0,0,0,0,0,0,0,0,0,0,0,0,0,0,0,0,0,0,0,0,0,0,0,0,0,0,0,0,0,0,0,0,0,0,0,0,0,0,0,0,0,0,0,0,0,0,0,0,0,0,0,0,0,0,0,0,0,0,0,0,0,0,0,0,0,0,0,0,0,0,0,0,0,0,0,0,0,0,0,0,0,0,0,0,0,0,0,0,0,0,0,0,0,0,0,0,0,0,0,0,0,0,0,0,0,0,0,0,0,0,0,0,0,0,0,0,0,0,0,0,0,0,0,0
MasterBathOutlets_AP,0,0,0,0,0,0,0,0,0,0,0,0,3.126,3.126,0,0,4.074,4.074,0,0,0,0,0,0,0,0,0,0,0,0,0,0,0,0,0,0,0,0,0,0,0,0,0,0,0,0,0,0,0,0,0,0,0,0,0,0,0,0,0,0,0,0,0,0,0,0,0,0,0,0,0,0,0,0,0,0,0,0,0,0,0,0,0,0,0,0,0,0,0,0,0,0,0,0,0,0,0,0,0,0,0,0,0,0,0,0,0,0,0,0,0,0,0,0,0,0,0,0,0,0,0,0,0,0,0,0,0,0,0,0,0,0,0,0,0,0,0,0,0,0,0,0,0,0,0,0,0,0,0,0,0,0,0,0,0,0,0,0,0,0,0,0,0,0,0,0,0,0,0,0,0,0,0,0,0,0,0,0,0,0,0,0,0,0,0,0,0,0,0,0,0,0,0,0,0,0,0,0,0,0,0,0,0,0,0,0,0,0,0,0,0,0,0,0,0,0,0,0,0,0,0,0,0,0,0,0,0,0,0,0,0,0,0,0,0,0,0,0,0,0,0,0,0,0,0,0,0,4.336,4.336,0,0,0,0,0,0,0,0,0,0,0,0,0,0,0,0,0,0,0,0,0,0,0,0,0,0,0,0,0,0,0,0,0,0,0,0,0,0,0,0,0,0,0,0,0,0,0,0,0,0,0,0,0,0,0,0,0,0,0,0,0,0,0,0,0,0,0,0,0,0,0,0,0,0,0,0,0,0,0,0,0,0,0,0,0,0,0,0,0,0,0,0,0,0,0,0,0,0,0,0,4.543,4.543,0,0,0,0,0,0,0,0,0,0,0,0,0,0,0,0,0,0,0,0,0,0,0,0,0,0,0,0,0,0,0,0,0,0,0,0,0,0,0,0,0,0,0,0,0,0,0,0,0,0,4.856,4.856,0,0,0,0,0,0,0,0,0,0,0,0,0,0,0,0,0,0,0,0,0,0,0,0,0,0,0,0,0,0,0,0,0,0,0,0,0,0,0,0,0,0,0,0,0,0,0,0,0,0,0,0,0,0,0,0,0,0,0,0,0,0,0,0,0,0,0,0,0,0,0,0,0,0,0,0,0,0,0,0,0,0,0,0,0,0,0,0,0,0,0,0,0,0,0,0,0,0,0,0,0,0,0,0,0,0,0,0,0,0,0,0,0,0,0,0,0,0,0,0,0,0,0,0,0,0,0,0,0,0,0,0,0,0,0,0,0,0,0,0,0,0,0,0,0,0,0,0,0,0,0,0,0,0,0,0,0,0,0,0,0,0,0,0,0,0,0,0,0,0,0,0,0,0,0,0,0,0,0,0,0,0,0,0,0,0,0,0,0,0,0,0,0,0,0,0,0,0,0,0,0,0,0,0,0,0,0,0,0,0,0,0,0,0,0,0,0,0,0,0,0,0,0,0,0,0,0,0,0,0,0,0,0,0,0,0,0,0,0,0,0,0,0,0,0,0,0,0,0,0,0,0,0,0,0,0,0,0,0,0,0,0,0,0,0,0,0,0,0,0,0,0,0,0,0,0,0,0,0,0,0,0,0,0,0,0,0,0,0,4.418,4.418,0,0,0,0,0,0,0,0,0,0,0,0,0,0,0,0,0,0,0,0,0,0,0,0,0,0,0,0,0,0,0,0,0,0,0,0,0,0,0,0,0,0,0,0,0,0,0,0,0,0,0,0,0,0,0,0,0,0,0,0,0,0,0,0,0,0,0,0,0,0,0,0,0,0,0,0,0,0,0,0,0,4.121,4.121,0,0,0,0,0,0,0,0,0,0,0,0,0,0,0,0,0,0,0,0,0,0,0,0,0,0,0,0,0,0,0,0,0,0,0,0,0,0,0,0,0,0,0,0,0,0,0,0,0,0,0,0,0,0,0,0,0,0,0,0,0,0,0,0,0,0,0,0,0,0,0,0,0,0,0,0,0,0,0,0,0,0,0,0,0,0,0,0,0,0,0,0,0,0,0,0,0,0,0,0,0,0,0,0,0,0,0,0,0,0,0,0,0,0,0,0,0,0,0,0,0,0,0,0,0,0,0,0,0,0,0,0,0,0,0,0,0,0,0,0,0,0,0,0,0,0,0,0,0,0,0,0,4.378,4.378,0,0,0,0,0,0,0,0,0,0,0,0,0,0,0,0,0,0,0,0,0,0,0,0,0,0,0,0,0
LivingRoomPatioLights_AP,0,0,0,0,0,0,0,0,0,0,0,0,9.553,9.553,0,0,9.728,9.645,0,0,0,0,0,0,0,0,0,0,0,0,0,0,0,0,0,0,0,0,0,0,0,0,0,0,0,0,0,0,0,0,0,0,0,0,0,0,0,0,0,0,0,0,0,0,0,0,0,0,0,0,0,0,0,0,0,0,9.493,9.493,0,0,0,0,0,0,0,0,0,0,0,0,0,0,0,0,0,0,0,0,0,0,0,0,0,0,0,0,0,0,0,0,0,0,0,0,0,0,0,0,0,0,0,0,0,0,0,0,0,0,0,0,0,0,0,0,0,0,0,0,0,0,0,0,0,0,0,9.362,9.362,0,0,0,0,9.431,9.431,0,0,0,0,0,0,0,0,0,0,0,0,0,0,0,0,0,0,0,0,0,0,0,0,0,9.43,9.43,0,0,0,0,0,0,0,0,0,0,0,0,0,0,0,0,0,0,0,0,0,0,0,0,0,0,0,0,0,0,0,0,0,0,0,0,0,0,0,0,0,0,0,0,0,0,0,0,0,0,0,0,0,0,0,0,0,0,0,0,0,0,0,0,0,0,0,9.646,9.646,0,0,0,0,0,0,0,0,0,0,0,0,0,0,0,0,0,0,0,0,0,0,0,0,0,0,0,0,0,0,0,0,9.534,9.534,0,0,0,0,0,0,0,0,0,0,0,0,0,0,0,9.719,9.719,0,0,0,9.461,9.461,0,0,0,0,0,0,0,0,9.371,9.371,0,0,0,0,0,0,0,0,0,0,0,0,0,0,0,0,0,0,0,0,0,0,0,0,0,0,0,0,0,0,0,0,0,0,9.926,9.926,9.683,0,0,0,0,0,0,0,0,0,0,0,0,0,0,0,0,0,0,0,0,0,0,0,0,0,0,0,0,0,0,0,0,0,0,0,0,0,0,0,0,0,0,0,0,0,0,0,0,0,9.975,9.975,0,0,0,0,0,0,0,0,0,0,0,0,0,0,0,0,0,0,0,0,0,0,0,0,0,0,0,0,0,0,0,0,0,0,0,0,0,0,0,0,0,0,0,0,0,0,0,0,0,0,9.906,9.906,0,0,0,0,0,0,0,0,0,0,0,0,0,0,0,0,0,0,0,0,0,0,0,0,0,0,0,0,0,0,0,0,0,0,0,0,9.792,9.792,0,0,0,0,0,0,0,0,0,0,0,0,0,0,0,0,0,0,0,0,0,9.678,9.678,0,0,0,0,0,0,0,0,0,0,0,0,0,0,0,0,0,0,0,0,0,0,0,0,0,0,0,0,0,0,0,0,0,0,0,0,0,0,0,0,0,0,0,0,0,0,0,0,0,0,0,0,0,0,0,0,0,0,0,0,0,0,0,0,0,0,0,0,0,0,0,0,0,0,0,0,0,0,0,0,0,0,0,0,0,0,0,0,0,0,0,0,0,0,0,0,0,0,0,0,0,0,0,0,0,0,0,0,0,0,0,0,0,0,0,0,0,0,0,0,0,0,0,0,0,0,0,0,0,0,0,0,0,0,0,0,0,0,0,0,0,0,0,0,0,0,0,0,0,0,0,0,0,0,0,0,0,0,0,0,0,0,0,0,0,0,0,0,0,0,0,0,0,0,0,0,10.057,10.057,0,0,0,0,0,0,0,0,0,0,0,0,0,0,0,0,0,0,0,0,0,0,0,0,0,0,0,0,0,0,0,0,0,0,0,0,0,0,0,0,0,0,0,0,0,0,0,0,0,0,0,0,0,0,9.571,9.571,0,0,0,0,0,0,0,0,0,0,0,0,0,0,0,0,0,0,0,0,0,0,0,0,0,0,0,0,0,0,0,0,0,0,0,0,0,0,0,0,0,0,0,9.795,9.795,0,0,0,0,0,0,0,0,0,0,0,0,0,0,0,0,0,0,0,0,0,0,0,0,0,0,0,0,0,0,0,0,0,0,0,0,0,0,0,0,0,0,9.264,9.264,0,0,0,9.578,9.578,0,0,0,0,0,0,0,0,0,0,0,0,0,0,0,0,0,0,0,0,9.423,9.423,0,0,0,0,0,0,0,0,0,0,0,0,0,0,0,0,0,0,0,0,0,9.775,9.775,0,0,0,0,0,0,0,0,0,0,0,0,0,0,0,0,0,0,0,0,0,0,0,0,0,0,0,0,9.592,9.592,0,0,0,0,9.51,9.51,0,0,0,9.515,9.515,9.824,0,0,9.737,9.737,0,0,9.525,9.525,0,0,0,0,0,0,0,0,0,9.596,9.596,0,0,0,0,0,0,0,0,0,0
GuestBathHallLights_AP,0,0,0,0,0,0,0,0,0,0,0,0,14.334,16.34,14.312,16.406,0,0,14.415,14.415,0,0,0,0,0,0,0,0,0,0,0,0,0,0,0,0,0,0,0,0,0,0,0,0,0,0,0,0,0,0,0,0,0,0,0,0,0,0,0,0,0,0,0,0,0,0,0,0,0,0,0,0,0,0,0,0,0,0,0,0,0,0,0,0,0,0,0,0,0,0,0,0,0,0,0,0,0,0,0,0,0,0,0,0,0,0,0,0,0,0,0,0,0,0,0,0,0,0,0,0,0,0,0,0,0,0,0,0,0,0,0,0,0,0,0,0,15.848,15.848,0,0,0,0,0,0,15.4,15.4,0,0,0,0,0,0,0,0,0,0,0,0,0,15.89,15.89,0,0,0,0,0,0,0,0,0,0,0,0,0,0,15.402,14.248,0,0,0,15.761,15.761,0,0,0,0,0,0,0,0,0,0,0,0,0,0,0,0,0,0,0,0,0,0,0,0,0,0,0,0,0,0,0,0,0,0,0,0,0,0,0,0,0,0,0,0,0,0,0,0,0,0,0,0,0,0,0,0,0,0,0,0,0,0,0,0,0,0,0,0,0,0,0,0,0,0,0,0,0,0,0,0,15.781,15.781,0,0,0,0,0,0,0,0,0,0,0,0,0,0,0,0,0,0,0,0,0,0,0,0,0,0,0,0,0,0,0,0,0,0,0,0,0,0,0,0,0,0,0,0,0,0,0,0,0,15.677,15.677,0,0,0,0,0,0,0,0,0,0,0,0,0,0,0,0,0,0,0,0,0,0,0,0,0,0,0,0,0,0,0,0,0,0,0,0,0,0,0,0,0,0,0,0,0,0,0,0,0,0,0,0,0,0,0,0,0,0,0,0,0,0,0,0,0,15.945,15.945,0,0,16.243,14.576,0,0,0,0,0,0,0,0,0,0,0,0,0,0,0,0,0,0,0,0,0,0,0,0,0,0,0,0,0,0,0,0,0,0,0,0,0,0,0,0,0,0,0,14.827,14.827,0,0,0,0,0,0,0,0,0,0,0,0,0,0,0,0,0,0,0,0,0,0,16.239,16.239,0,0,15.929,14.525,0,15.971,15.971,0,0,0,0,0,0,0,0,0,0,0,0,0,0,0,0,0,0,0,0,0,0,0,0,15.651,15.651,0,0,0,0,0,0,0,0,0,0,0,0,0,0,0,0,0,0,0,0,0,14.356,14.356,0,0,0,0,0,0,0,0,0,0,0,0,0,0,0,0,0,0,0,0,0,0,0,0,0,0,0,0,0,0,0,0,0,0,0,0,0,0,0,0,0,0,0,0,0,0,0,16.48,14.694,0,0,0,0,0,0,0,0,16.485,14.877,0,0,0,0,0,0,16.083,16.083,0,0,0,0,0,0,0,0,0,0,0,0,0,0,0,0,0,0,0,0,0,0,0,0,0,0,0,0,0,0,0,0,15.884,14.906,0,0,0,0,0,0,0,0,0,0,0,0,0,0,0,0,0,0,0,0,0,0,0,0,0,0,0,0,0,0,0,0,0,0,0,0,0,0,0,0,0,16.162,16.162,0,0,0,14.81,14.81,0,0,0,0,0,16.003,16.003,0,0,0,0,0,0,0,0,0,0,0,0,0,0,0,0,0,0,0,0,0,0,0,0,0,16.408,14.909,0,0,0,0,0,0,0,0,0,0,0,0,0,0,0,0,0,0,0,0,0,0,0,0,0,0,0,0,0,0,0,0,0,0,0,0,0,0,15.829,14.35,0,0,0,0,14.306,14.306,0,0,0,0,0,0,0,0,0,0,0,0,0,0,0,0,0,0,0,0,0,0,0,0,0,0,0,0,0,0,0,0,0,0,0,0,0,0,0,0,0,0,0,0,0,0,0,0,0,0,0,0,0,0,0,0,0,0,0,0,0,0,0,0,0,0,0,0,0,0,0,0,0,0,0,0,0,0,0,0,0,0,0,0,0,0,0,0,0,0,0,0,0,15.128,13.989,0,0,0,0,0,0,0,0,0,0,0,0,0,0,0,0,0,0,0,0,0,0,0,0,0,0,0,0,0,0,0,0,0,0,14.197,14.197,0,0,0,0,0,0,0,0,0,0,0,0,0,0,0,0,15.986,14.58,0,0,0,0,0,0,0,0,0,0,0,0,0,0,0,0,0,0,0,0,15.494,15.494,0,0,0,0,0,0,0,0,0,0,0,0,0,0,0,0,0,0,0,0,0,0,0,0,0,0,0,0,0,0,0,0,0,15.721,15.721,0,0,0,0,0,0,0,0,0,0,0,0,0,15.622
DiningRoomOutlets_AP,24.814,24.514,24.514,0,0,0,0,24.441,24.441,0,0,0,23.736,25.901,25.996,24.701,0,0,0,0,0,0,0,0,0,26.464,25.265,0,0,0,0,0,0,0,26.268,26.268,0,0,0,0,0,0,0,27.238,27.472,26.383,0,0,0,0,0,0,26.871,25.939,27.147,0,0,28.972,27.698,0,0,0,0,0,0,26.754,26.754,26.536,0,27.657,26.443,0,0,27.749,26.595,26.581,26.581,0,0,0,27.518,27.518,0,27.412,27.412,0,0,27.561,27.561,27.435,27.949,27.547,27.645,27.56,27.712,25.836,0,26.143,25.971,0,0,0,0,27.139,27.139,0,27.503,26.035,25.995,27.281,26.159,0,0,0,0,0,0,26.034,26.034,0,25.832,25.832,0,27.271,27.559,26.03,0,0,0,0,0,0,0,0,0,0,25.629,25.539,0,0,0,25.476,25.476,0,26.484,26.484,0,26.722,26.722,0,0,0,26.778,26.778,0,26.573,26.573,26.44,0,25.257,26.82,26.82,0,0,0,25.405,25.405,25.779,25.779,0,0,27.045,27.045,0,0,0,26.789,25.893,26.054,27.152,27.087,27.087,0,0,0,26.072,26.882,26.871,27.512,27.512,26.588,27.071,25.77,25.911,26.221,0,27.159,26.117,0,0,27.127,27.127,0,0,0,0,0,0,26.63,26.63,26.795,26.92,0,0,0,0,26.331,26.331,0,0,0,27.084,25.723,0,26.948,25.588,0,0,27.013,27.013,0,0,25.87,25.87,0,0,26.144,26.144,28.231,25.831,25.831,27.839,26.373,0,27.5,26.276,0,25.72,25.925,0,0,0,0,26.699,25.641,0,0,25.648,25.521,27.124,27.124,0,26.802,26.802,26.67,26.67,0,0,0,0,25.961,25.961,0,26.754,25.882,27.22,27.22,0,0,26.3,26.3,0,0,27.295,27.295,26.247,27.654,27.654,0,27.127,27.127,0,26.419,26.221,28.058,0,27.772,26.059,25.593,25.457,27.064,27.064,0,0,0,0,0,0,0,0,0,0,0,0,25.599,25.599,26.501,27.006,25.948,27.229,26.67,26.67,25.748,25.748,27.596,27.117,27.256,28.106,25.972,26.99,27.502,27.358,26.093,27.926,26.301,27.923,26.711,0,0,26.18,26.18,27.726,27.726,27.684,0,28.089,28.089,0,0,0,26.552,26.552,0,0,0,0,0,27.946,26.81,26.568,26.568,0,0,0,0,27.572,26.534,0,27.81,26.55,0,0,0,27.523,26.431,26.319,26.319,0,27.533,27.849,27.849,0,0,27.804,28.072,26.533,26.533,0,28.249,28.249,27.882,27.882,26.414,27.837,26.602,0,0,26.7,26.7,28.004,0,0,0,27.474,27.648,26.564,0,0,0,0,0,0,0,27.971,26.704,0,0,28.055,26.668,26.48,27.892,26.475,0,0,0,0,0,0,0,26.678,26.678,27.908,27.963,0,0,0,26.604,28.365,26.833,27.72,27.72,27.621,27.619,27.619,0,0,0,0,0,28.34,28.366,26.592,0,0,27.733,27.733,26.311,26.311,0,27.022,25.995,25.783,25.783,26.849,26.825,26.825,26.658,26.658,0,0,0,0,0,0,27.441,27.441,27.792,26.024,25.857,27.052,25.614,0,0,0,0,0,0,0,0,0,0,26.397,26.397,0,0,27.273,27.273,28.093,0,0,0,0,27.77,26.055,0,27.292,25.672,0,0,0,27.307,25.826,25.703,25.715,25.715,27.326,27.326,27.501,26.287,27.349,27.349,26.595,26.595,0,0,27.576,27.576,26.18,0,0,0,0,0,0,0,26.961,26.961,26.998,25.999,25.999,25.863,27.218,27.218,26.852,26.852,26.088,26.088,0,0,0,0,0,0,0,27.358,27.358,0,27.466,27.466,26.037,27.89,27.89,0,0,0,27.758,26.462,0,27.607,27.98,27.98,0,27.909,26.241,26.214,26.214,27.505,27.505,26.186,0,28.063,28.189,26.852,26.634,0,0,0,0,25.983,25.983,26.935,27.194,27.194,0,0,26.375,26.375,26.104,0,0,27.044,27.044,0,0,0,27.269,27.269,27.359,25.836,0,27.847,27.722,27.722,0,0,0,0,0,0,0,0,0,0,0,25.971,25.971,0,0,0,27.237,25.958,0,0,0,0,25.96,27.259,26.035,0,0,0,0,26.977,26.977,0,0,0,0,26.011,26.011,27.648,26.021,0,27.548,26.286,26.363,0,27.559,27.559,0,0,27.936,26.648,0,26.635,27.827,26.504,0,27.326,27.326,27.473,27.473,0,0,26.355,26.355,27.042,27.042,0,27.456,26.47,0,0,26.247,27.662,27.662,0,27.346,26.269,0,27.459,26.11,26.11,26.302,27.095,27.095,0,0,27.244,27.643,0,0,0,0,0,27.158,27.158,26.546,26.277,26.31,26.371,26.371,0,0,0,0,0,0,0,0,0,25.249,25.249,0,0,0,0,0,23.222,24.895,23.324,0,24.553,23.342,0,0,24.615,24.615,0,23.496,23.496,0,0,0,0,0,24.507,24.507,0,0,0,0,0,0,0,0,0,0,0,0,0,0,0,0,0,0,0,0,0,0,0,0,24.548,23.254,22.993,22.993,24.887,24.887,0,23.132,23.132,0,0,0,0,24.543,23.272,24.206,0,0,0,0,0,22.968,22.968,0,0,0,0,0,0,0,0,0,0,0,0,0,24.822,24.822,0,0,0,25.064,23.518,24.61,0,0,23.69,23.69,0,0,0,0,0,0,0,24.218,23.2,24.773,24.349,0,0,0,0,0,0,0,0,0,23.586,23.628,24.381,24.381,0,0,23.492,23.492,0,23.639,23.639,0,24.49,24.49,0,24.328,23.396,0,0,0,0,0,0,0,25.127,23.906,24.72,23.587,0,0,0,0,0,23.645,23.645,0,24.052,24.052,0,0,0,0,0,0,25.326,25.326,0,0,24.989,23.83,0,0,24.503,24.503,0,0,23.282,23.282,0,0,0,0,23.002,23.002,0,0,0,22.922,22.922,23.166,23.166,0,0,24.404,23.15,23.654,24.865,24.508,23.545,0,0,0,0,0,0,0,23.755,23.755,0,0,0,0,0,0,0,24.524,24.524,0,23.758,23.675,23.675,0,0,0,0,24.248,23.067,24.396,24.265,0,0,0,0,0,0,0,24.602,23.302,24.238,24.701
OutsideOutlets_AP,0,0,0,0,0,0,0,0,0,0,0,0,1.252,1.252,0,0,2.901,2.049,0,0,0,0,0,0,0,0,0,0,0,0,0,0,0,0,0,0,0,0,0,0,0,0,0,0,0,0,0,0,0,0,0,0,0,0,0,0,0,0,0,0,0,0,0,0,0,0,0,0,0,0,0,0,0,0,0,0,1.975,1.975,0,0,0,0,0,0,0,0,0,0,0,0,0,0,0,0,0,0,0,0,0,0,0,0,0,0,0,0,0,0,0,0,0,0,0,0,0,0,0,0,0,0,0,0,0,0,0,0,0,0,0,0,0,0,0,0,0,0,0,0,0,0,0,0,0,0,0,0,0,0,0,0,0,0,0,0,0,0,0,0,0,0,0,0,0,0,0,0,0,0,0,0,0,0,0,0,0,0,0,0,0,0,0,0,0,0,0,0,0,0,0,0,0,0,0,0,0,0,0,0,0,0,0,0,0,0,0,0,0,0,0,0,0,0,0,0,0,0,0,0,0,0,0,0,0,0,0,0,0,0,0,0,0,0,0,0,0,0,0,0,0,0,0,0,0,0,0,0,0,2.814,1.915,0,0,0,0,0,0,0,0,0,0,0,0,0,0,0,0,0,0,0,0,0,0,0,0,0,0,0,0,0,0,0,0,0,0,0,0,0,0,0,0,0,0,0,0,0,0,0,0,0,2.799,2.192,0,0,0,0,0,0,0,0,0,0,0,0,0,0,0,0,0,0,0,0,0,0,0,0,0,0,0,0,0,0,0,0,0,0,0,0,0,0,0,0,0,0,0,0,0,0,0,0,0,2.883,2.326,0,0,0,0,0,0,0,0,0,0,0,0,0,0,0,0,0,0,0,0,0,0,0,0,0,0,0,0,0,0,0,0,0,0,0,0,0,0,0,0,0,0,0,0,0,0,0,0,0,0,3.456,3.456,0,0,0,0,0,0,0,0,0,0,0,0,0,0,0,0,0,0,0,0,0,0,0,0,0,0,0,0,0,0,0,0,0,0,0,0,0,0,0,0,0,0,0,0,0,0,0,0,0,0,2.832,1.546,0,0,0,0,0,0,0,0,0,0,0,0,0,0,0,0,0,0,0,0,0,0,0,0,0,0,0,0,0,0,0,0,0,0,0,0,0,0,0,0,0,0,0,0,0,0,0,0,0,0,0,0,0,0,0,0,0,0,0,0,0,0,0,0,0,0,0,0,0,0,0,0,0,0,0,0,0,0,0,0,0,0,0,0,0,0,0,0,0,0,0,0,0,0,0,0,0,0,0,0,0,0,0,0,0,0,0,0,0,0,0,0,0,0,0,0,0,0,0,0,0,0,0,0,0,0,0,0,0,0,0,0,0,0,0,0,0,0,0,0,0,0,0,0,0,0,0,0,0,0,0,0,0,0,0,0,0,0,0,0,0,0,0,0,0,0,0,0,0,0,0,0,0,0,0,0,0,0,0,0,0,0,0,0,0,0,0,0,0,0,0,0,0,0,0,0,0,0,0,0,0,0,0,0,0,0,0,0,0,0,0,0,0,0,0,0,0,0,0,0,0,0,0,0,0,0,0,0,0,0,0,0,0,0,0,0,0,2.855,1.951,0,0,0,0,0,0,0,0,0,0,0,0,0,0,0,0,0,0,0,0,0,0,0,0,0,0,0,0,0,0,0,0,0,0,0,0,0,0,0,0,0,0,0,0,0,0,0,0,0,0,0,0,0,0,0,0,0,0,0,0,0,0,0,0,0,0,0,0,0,0,0,0,0,0,0,0,0,0,0,0,0,0,0,0,0,0,0,0,0,0,0,0,0,0,0,0,0,0,0,3.464,2.009,0,0,0,0,0,0,0,0,0,0,0,0,0,0,0,0,0,0,0,0,0,0,0,0,0,0,0,0,0,0,0,0,0,0,0,0,0,0,0,0,0,0,0,0,0,0,0,2.451,2.451,0,0,0,0,0,0,0,0,0,0,0,0,0,0,0,0,0,0,0,0,0,0,0,0,0,0,0,0,0,0,0,0,0,0,0,0,0,0,0,0,0,0,0,2.904,1.983,0,0,0,0,0,0,0,0,0,0,0,0,0,0,0,0,0,0,0,0,0,0,0,0,0,0,0,0,0,0,0,0,0,0,0,0,0,0,0,0,3.183,2.469,0,0,0,0,0,0,0,0,0,0,0,0,0,0,0,0,0,0,0,0,0,0,0,0,0,0,0,0,0
CellarLights_AP,0,0,0,0,0,0,0,0,0,0,0,0,3.925,3.925,0,0,0,0,0,0,0,0,0,0,0,0,0,0,0,0,0,0,0,0,0,0,0,0,0,0,0,0,0,0,0,0,0,0,0,0,0,0,0,0,0,0,0,0,0,0,0,0,0,0,0,0,0,0,0,0,0,0,0,0,0,0,0,0,0,0,0,0,0,0,0,0,0,0,0,0,0,0,0,0,0,0,0,0,0,0,0,0,0,0,0,0,0,0,0,0,0,0,0,0,0,0,0,0,0,0,0,0,0,0,0,0,0,0,0,0,0,0,0,0,0,0,0,0,0,0,0,0,0,0,0,0,0,0,0,0,0,0,0,0,0,0,0,0,0,0,0,0,0,0,0,0,0,0,0,0,0,0,0,0,0,0,0,0,0,0,0,0,0,0,0,0,0,0,0,0,0,0,0,0,0,0,0,0,0,0,0,0,0,0,0,0,0,0,0,0,0,0,0,0,0,0,0,0,0,0,0,0,0,0,0,0,0,0,0,0,0,0,0,0,0,0,0,0,0,0,0,0,0,0,0,0,0,0,0,0,0,0,0,0,0,0,0,0,0,0,0,0,0,0,0,0,0,0,0,0,0,0,0,0,0,0,0,0,0,0,0,0,0,0,0,0,0,0,0,0,0,0,0,0,0,0,0,0,0,0,0,0,0,0,0,0,0,0,0,0,0,0,0,0,0,0,0,0,0,0,0,0,0,0,0,0,0,0,0,0,0,0,0,0,0,0,0,0,0,0,0,0,0,0,0,0,0,0,0,0,0,0,0,0,0,0,0,0,0,0,0,0,0,0,0,0,0,0,0,0,0,0,0,0,0,0,0,0,0,0,0,0,0,0,0,0,0,0,0,0,0,0,0,0,0,0,0,0,0,0,0,0,0,0,0,0,0,0,0,0,0,0,0,0,0,0,0,0,0,0,0,0,0,0,0,0,0,0,0,0,0,0,0,0,0,0,0,0,0,0,0,0,0,0,0,0,0,0,0,0,0,0,0,0,0,0,0,0,0,0,0,0,0,0,0,0,0,0,0,0,0,0,0,0,0,0,0,0,0,0,0,0,0,0,0,0,0,0,0,0,0,0,0,0,0,0,0,0,0,0,0,0,0,0,0,0,0,0,0,0,0,0,0,0,0,0,0,0,0,0,0,0,0,0,0,0,0,0,0,0,0,0,0,0,0,0,0,0,0,0,0,0,0,0,0,0,0,0,0,0,0,0,0,0,0,0,0,0,0,0,0,0,0,0,0,0,0,0,0,0,0,0,0,0,0,0,0,0,0,0,0,0,0,0,0,0,0,0,0,0,0,0,0,0,0,0,0,0,0,0,0,0,0,0,0,0,0,0,0,0,0,0,0,0,0,0,0,0,0,0,0,0,0,0,0,0,0,0,0,0,0,0,0,0,0,0,0,0,0,0,0,0,0,0,0,0,0,0,0,0,0,0,0,0,0,0,0,0,0,0,0,0,0,0,0,0,0,0,0,0,0,0,0,0,0,0,0,0,0,0,0,0,0,0,0,0,0,0,0,0,0,0,0,0,0,0,0,0,0,0,0,0,0,0,0,0,0,0,0,0,0,0,0,0,0,0,0,0,0,0,0,0,0,0,0,0,0,0,0,0,0,0,0,0,0,0,0,0,0,0,0,0,0,0,0,0,0,0,0,0,0,0,0,0,0,0,0,0,0,0,0,0,0,0,0,0,0,0,0,0,0,0,0,0,0,0,0,0,0,0,0,0,0,0,0,0,0,0,0,0,0,0,0,0,0,0,0,0,0,0,0,0,0,0,0,0,0,0,0,0,0,0,0,0,0,0,0,0,0,0,0,0,0,0,0,0,0,0,0,0,0,0,0,0,0,0,0,0,0,0,0,0,0,0,0,0,0,0,0,0,0,0,0,0,0,0,0,0,0,0,0,0,0,0,0,0,0,0,0,0,0,0,0,0,0,0,0,0,0,0,0,0,0,0,0,0,0,0,0,0,0,0,0,0,0,0,0,0,0,0,0,0,0,0,0,0,0,0,0,0,0,0,0,0,0,0,0,0,0,0,0,0,0,0,0,0,0,0,0,0,0,0,0,0,0,0,0,0,0,0,0,0,0,0,0,0,0,0,0,0,0,0,0,0,0,0,0,0,0,0
FurnaceHRV_AP,0,413.118,36.098,70.246,525.168,36.573,56.789,519.18,457.523,41.477,518.662,0,540.026,540.487,539.601,540.177,545.806,542.132,542.132,0,0,0,0,0,540.381,540.381,539.898,541.998,0,0,539.518,36.801,64.634,545.348,566.561,571.542,572.763,574.638,0,0,0,0,576.886,578.46,577.066,0,574.813,542.611,538.821,0,0,0,536.901,538.671,537.072,0,0,0,0,531.698,531.698,0,533.303,533.303,644.472,531.047,0,0,529.709,533.636,533.636,0,527.181,527.181,581.17,560.611,560.611,66.51,117.011,556.943,0,0,0,0,0,563.881,563.881,0,540.005,529.171,530.096,528.044,528.044,530.313,526.391,530.076,530.076,528.879,528.879,529.749,36.312,51.059,527.703,517.537,0,0,664.097,669.296,528.017,0,0,289.528,34.854,547.26,521.979,566.989,561.284,558.541,560.727,0,565.441,564.686,568.162,567.755,565.624,564.217,564.909,564.909,553.786,532.995,532.494,0,0,528.224,528.224,0,531.474,528.849,0,526.247,526.247,0,0,524.257,524.257,528.051,35.237,521.241,521.241,519.023,520.755,484.815,84.01,516.477,514.416,537.418,561.762,559.488,0,0,0,713.779,562.453,563.195,0,564.067,561.934,0,0,530.269,530.269,0,0,529.968,525.956,0,0,524.819,528.357,34.689,532.853,523.937,0,524.893,524.893,522.742,522.742,0,0,0,0,522.662,522.482,522.482,525.866,526.561,575.492,72.917,93.028,551.997,0,557.253,558.943,557.129,557.129,557.968,0,558.961,558.433,0,539.262,524.397,620.392,525.197,0,527.764,527.764,524.042,273.64,58.889,518.323,510.826,0,519.219,229.318,72.54,518.368,0,0,0,520.329,499.376,56.078,516.42,514.386,514.386,517.871,520.581,557.64,555.97,0,0,559.77,557.244,558.972,558.628,555.436,559.372,558.057,559.26,558.352,556.473,524.796,524.557,524.557,521.034,524.052,472.46,34.985,519.763,518.209,518.47,518.47,0,295.632,35.496,39.308,514.549,516.418,520.682,292.121,223.589,518.832,508.426,0,519.83,294.581,72.06,519.451,555.056,555.93,538.877,68.728,118.753,555.327,556.449,556.449,0,563.977,563.713,0,564.072,563.799,527.98,525.712,525.712,0,525.248,525.248,525.788,656.223,526.148,0,481.482,36.65,534.001,514.473,0,445.193,35.544,45.743,517.584,515.019,520.242,36.339,56.245,517.301,326.99,36.086,523.217,548.225,547.977,0,521,67.368,587.492,547.541,550.388,558.275,635.092,558.592,558.592,562.163,563.658,530.727,0,0,0,0,0,527.708,527.708,0,0,0,0,527.977,527.977,0,526.993,527.212,71.268,528.154,0,0,0,527.178,530.284,0,374.788,75.398,559.346,561.753,564.266,529.409,69.101,587.606,556.295,560.709,563.152,560.989,0,568.87,568.87,568.802,537.552,534.455,534.831,335.377,37.262,529.633,260.115,37.242,83.177,522.943,476.015,37.453,79.438,517.966,0,623.996,529.776,527.103,0,0,129.228,36.408,44.411,517.33,517.33,421.925,39.808,730.77,720.044,723.035,727.489,729.366,722.759,572.084,572.598,572.598,573.713,0,0,570.159,569.772,38.412,75.532,535.019,323.115,38.25,72.651,527.663,328.424,38.207,66.375,527.953,529.497,220.432,66.645,523.294,523.294,408.431,37.544,556.69,523.271,285.938,38.129,553.776,521.366,341.927,37.754,60.381,554.109,0,0,0,0,566.003,569.26,570.966,0,0,574.082,68.009,87.767,545.25,525.172,511.226,57.374,519.851,0,532.133,532.133,0,531.69,533.678,36.418,56.474,533.047,342.674,36.684,529.327,523.609,531.934,531.934,0,0,290.13,36.578,40.039,526.173,36.385,75.66,552.202,553.638,560.347,0,564.523,566.326,567.834,569.693,569.394,569.438,569.427,569.427,0,564.106,536.108,0,0,0,0,0,0,613.851,533.778,531.348,530.85,0,530.108,530.108,529.913,499.855,36.177,537.669,528.723,0,0,0,533.202,534.579,37.658,81.586,520.1,565.842,565.156,565.156,68.345,82.602,552.383,356.935,67.383,587.25,554.971,0,565.465,565.465,539.345,533.579,536.899,0,0,534.985,533.499,537.701,537.701,533.19,0,532.731,532.743,535.744,535.744,0,533.439,534.928,535.134,539.139,531.552,534.755,534.092,536.253,534.393,533.029,37.182,559.57,554.787,0,146.184,97.458,558.772,361.316,68.228,583.984,552.426,560.385,561.245,68.915,98.005,558.076,243.323,55.389,527.276,528.803,528.803,533.078,535.886,535.886,534.455,537.443,537.443,533.967,533.312,0,534.385,536.777,536.777,371.863,37.45,56.327,527.221,526.707,392.741,37.398,527.408,517.907,80.221,506.17,550.4,569.186,569.186,570.171,570.111,570.463,570.407,571.838,575.327,569.836,568.17,569.685,568.736,537.548,540.635,0,540.388,540.388,0,536.479,638.928,37.202,553.557,532.623,535.838,535.838,37.376,66.457,524.716,533.004,37.568,405.047,519.733,0,0,0,535.253,535.253,38.009,549.64,563.677,0,571.338,572.996,572.967,575.278,0,0,573.167,573.167,0,574.555,574.105,569.268,542.252,0,544.989,540.246,542.984,544.84,536.612,536.521,0,0,535.819,537.948,70.188,533.14,0,532.843,532.843,454.642,37.188,546.766,524.388,0,0,534.993,539.31,539.31,550.051,574.494,576.064,572.77,577.372,574.513,0,0,0,570.679,572.562,0,571.891,107.913,528.884,529.599,536.257,538.063,0,431.973,39.317,570.116,534.178,532.691,0,0,534.414,37.764,175.101,527.136,527.136,0,542.684,539.3,37.446,74.216,529.404,500.406,37.084,68.716,526.703,579.757,569.692,569.692,0,0,573.16,573.16,573.693,572.447,0,193.992,103.028,570.512,564.262,544.123,537.055,594.227,540.369,540.369,541.007,73.632,541.618,0,277.181,71.264,529.691,534.672,534.672,0,0,535.417,358.648,37.13,566.396,526.935,0,394.876,37.103,76.096,535.89,528.948,576.024,0,568.462,568.462,0,570.978,68.36,69.856,570.506,561.987,569.525,0,571.161,571.161,539.102,537.128,537.128,524.27,69.277,526.045,523.693,533.113,533.113,37.125,84.537,529.116,0,0,536.063,221.176,59.375,527.695,515.666,0,0,324.558,35.156,78.508,516.615,0,566.294,561.842,500.199,87.392,552.663,552.663,0,0,0,0,0,0,562.881,562.881,543.592,527.152,469.225,64.873,521.41,0,520.131,33.462,551.708,515.453,517.1,667.235,525.74,525.74,34.721,572.271,516.184,0,529.223,491.332,60.198,528.127,523.688,523.688,0,412.248,77.408,525.78,556.83,558.2,0,0,410.733,66.929,561.058,553.147,553.147,0,0,651.619,565.815,67.748,544.509,481.368,35.995,40.559,518.867,0,0,527.131,367.822,68.571,530.777,0,0,0,217.432,81.763,520.383,0,0,527.377,36.266,48.006,525.753,0,0,467.7,60.213,554.965,558.555,558.555,500.546,67.592,575.928,557.339,0,193.949,67.029,112.11,558.42,0,545.853,526.584,525.017,35.606,62.764,520.422,0,488.868,36.274,507.979,522.39,518.966,36.739,68.102,523.195,521.259,524.448,502.883,36.336,537.488,526.983,523.947,37.419,37.419,537.581,517.112,36.747,77.184,556.423,0,561.566,561.566,68.664,582.681,552.479,554.242,432.379,69.035,85.275,558.372,0,549.991,506.33,65.023,521.553,0,372.491,60.671,515.885,0,297.522,56.714,519.387,516.471
CellarOutlets_AP,0,0,0,0,0,0,0,0,0,0,0,0,19.895,19.895,0,0,1063.318,172.329,155.952,0,0,150.423,149.315,149.602,149.262,146.897,144.557,142.795,142.795,141.355,141.355,141.166,140.43,140.51,140.376,0,137.912,138.22,0,136.411,135.492,135.492,0,0,132.588,131.1,0,131.634,131.634,132.159,0,0,0,0,129.267,129.267,126.557,126.144,126.144,0,125.856,125.856,0,0,0,0,0,0,0,0,0,0,0,0,0,0,0,0,0,0,0,0,0,0,0,0,0,0,0,0,122.384,123.834,122.41,122.41,0,0,0,122.013,122.013,0,0,0,0,0,0,0,0,0,0,0,0,0,0,0,0,0,0,0,0,0,89.956,19.724,0,0,0,0,0,0,0,0,0,0,0,0,0,0,521.812,139.629,127.954,129.43,0,0,0,0,126.595,126.595,0,0,0,0,0,0,0,0,0,0,122.02,122.02,0,0,122.181,122.181,0,0,0,0,0,0,0,0,0,0,0,0,0,0,0,105.975,19.277,0,0,0,0,0,0,0,0,0,0,0,0,0,0,523.858,136.921,131.491,129.29,128.238,127.647,126.346,0,0,0,0,0,0,0,0,0,0,0,0,0,0,122.149,122.149,0,0,0,0,0,0,0,0,0,0,0,0,0,0,86.676,19.293,0,0,0,0,0,0,0,0,0,0,0,0,0,0,0,983.594,138.006,128.199,128.617,128.214,127.133,0,0,0,0,0,0,0,0,0,0,123.123,124.543,0,0,0,0,0,0,0,0,0,0,0,0,0,0,0,0,0,109.488,19.746,0,0,0,0,0,0,0,0,0,0,0,0,0,0,991.556,138.537,0,0,0,0,0,0,0,0,0,0,0,0,0,0,123.562,123.562,125.22,125.22,0,0,0,0,0,0,0,0,0,0,0,0,0,0,0,87.333,19.878,0,0,0,0,0,0,0,0,0,0,0,0,0,0,995.64,137.258,133.361,133.361,129.583,128.188,0,0,0,0,0,0,0,0,0,0,0,0,0,0,0,0,0,0,0,0,0,0,123.03,123.03,0,0,0,122.387,122.387,0,53.443,19.919,0,0,0,0,0,0,0,0,0,0,0,0,0,0,1004.205,142.191,129.305,129.305,130.372,130.372,0,0,0,0,127.281,127.281,0,0,0,0,0,0,0,0,0,0,0,0,0,0,0,0,0,0,0,0,0,0,0,0,20.102,20.102,0,0,0,0,0,0,0,0,0,0,0,0,0,0,998.221,137.506,130.561,130.425,128.37,128.659,0,0,0,0,0,0,0,0,0,0,0,0,0,0,0,0,0,0,0,0,0,0,0,0,0,0,0,0,0,0,0,0,81.116,19.959,0,0,0,0,0,0,0,0,0,0,0,0,0,0,688.909,141.886,129.2,128.175,129.976,0,0,0,0,0,0,0,0,0,0,0,0,0,0,0,0,0,0,0,0,0,0,0,0,0,0,124.597,124.597,0,0,0,0,0,0,0,31.375,19.766,0,0,0,0,0,0,0,0,0,0,0,0,0,0,577.639,142.398,0,130.363,130.363,0,0,0,0,0,0,0,0,0,0,0,0,126.159,126.159,0,0,0,0,0,0,0,0,0,0,0,0,0,0,0,0,0,120.853,20.289,0,0,0,0,0,0,0,0,0,0,0,0,0,0,853.689,140.777,134.76,130.608,0,0,0,0,0,0,0,0,0,0,0,0,0,0,0,0,0,0,0,0,0,0,0,0,0,0,0,0,0,122.717,20.178,0,0,0,0,0,0,0,0,0,0,0,0,0,0,686.86,143.753,131.966,131.768,131.768,0,0,128.911,313.614,458.156,443.994,440.38,435.442,441.007,20.135,0,0,0,0,0,0,0,0,0,0,0,0,0,1055.799,167.31,150.532,0,147.32,147.32,145.451,143.509,143.509,0,140.075,140.075,138.758,136.931,137.099,136.385,135.465,133.533,133.288,133.288,134.439,132.839,132.839,132.054,133.473,131.081,132.753,132.753,131.357,0,135.764,135.98,0,0,0,0,0,0,0,0,0,0,134.29,134.29,133.273,133.273,0,0,0,0,0,0,0,0,0,0,0,0,0,0,0,0,0,0,0,0,0,0,0,0,0,0,0,0,0,0,0,0,0,0,0,0,0,0,0,0,0,61.775,20.181,0,0,0,0,0,0,0,0,0,0,0,0,241.507,145.314,145.314,0,135.772,135.92,135.92,0,0,0,0,0,0,0,0,0,0,0,0,0,0,0,0,0,0,0,0,0,0,0,0,0,0,0,0,68.533,19.466,0,0,0,0,0,0,0,0,0,0,0,0,977.254,146.346,0,136.626,136.626,0,0,0,0,0,0,0,0,0,0,0,0,0,0,0,0,0,0,0,0,0,0,0,0,0,0,112.216,19.983,0,0,0,0,0,0,0,0,0,0,0,0,996.006,147.156,136.396,136.136,136.136,134.343,0,0,133.736,133.736,0,0,0,0,0,0,0,0,0,0,0,0,0,130.958,130.958,0,0,0,106.521,20.202,0,0,0,0,0,0,0,0,0,0,0,0,992.674,144.4,136.277,137.76,136.425,0,0,0,0,0,0,0,0,0,0,0,0,0,0,0,0,0,0,0,0,0,0,0,0,0,90.902
WashingMachine_AP,0,0,0,0,0,0,0,0,0,0,0,0,2.117,2.117,0,0,0,0,0,0,0,0,0,0,0,0,0,0,0,0,0,0,0,0,0,0,0,0,0,0,0,0,0,0,0,0,0,0,0,0,0,0,0,0,0,0,0,0,0,0,0,0,0,0,0,0,0,0,0,0,0,0,0,0,0,0,0,0,0,0,0,0,0,0,0,0,0,0,0,0,0,0,0,0,0,0,0,0,0,0,0,0,0,0,0,0,0,0,0,0,0,0,0,0,0,0,0,0,0,0,0,0,0,0,0,0,0,0,0,0,0,0,0,0,0,0,0,0,0,0,0,0,0,0,0,0,0,0,0,0,0,0,0,0,0,0,0,0,0,0,0,0,0,0,0,0,0,0,0,0,0,0,0,0,0,0,0,0,0,0,0,0,0,0,0,0,0,0,0,0,0,0,0,0,0,0,0,0,0,0,0,0,0,0,0,0,0,0,0,0,0,0,0,0,0,0,0,0,0,0,0,0,0,0,0,0,0,0,0,0,0,0,0,0,0,0,0,0,0,0,0,0,0,0,0,0,0,0,0,0,0,0,0,0,0,0,0,0,0,0,0,0,0,0,0,0,0,0,0,0,0,0,0,0,0,0,0,0,0,0,0,0,0,0,0,0,0,0,0,0,0,0,0,0,0,0,0,0,0,0,0,0,0,0,0,0,0,0,0,0,0,0,0,0,0,0,0,0,0,0,0,0,0,0,0,0,0,0,0,0,0,0,0,0,0,0,0,0,0,0,0,0,0,0,0,0,0,0,0,0,0,0,0,0,0,0,0,0,0,0,0,0,0,0,0,0,0,0,0,0,0,0,0,0,0,0,0,0,0,0,0,0,0,0,0,0,0,0,0,0,0,0,0,0,0,0,0,0,0,0,0,0,0,0,0,0,0,0,0,0,0,0,0,0,0,0,0,0,0,0,0,0,0,0,0,0,0,0,0,0,0,0,0,0,0,0,0,0,0,0,0,0,0,0,0,0,0,0,0,0,0,0,0,0,0,0,0,0,0,0,0,0,0,0,0,0,0,0,0,0,0,0,0,0,0,0,0,0,0,0,0,0,0,0,0,0,0,0,0,0,0,0,0,0,0,0,0,0,0,0,0,0,0,0,0,0,0,0,0,0,0,0,0,0,0,0,0,0,0,0,0,0,0,0,0,0,0,0,0,0,0,0,0,0,0,0,0,0,0,0,0,0,0,0,0,0,0,0,0,0,0,0,0,0,0,0,0,0,0,0,0,0,0,0,0,0,0,0,0,0,0,0,0,0,0,0,0,0,0,0,0,0,0,0,0,0,0,0,0,0,0,0,0,0,0,0,0,0,0,0,0,0,0,0,0,0,0,0,0,0,0,0,0,0,0,0,0,0,0,0,0,0,0,0,0,0,0,0,0,0,0,0,0,0,0,0,0,0,0,0,0,0,0,0,0,0,0,0,0,0,0,0,0,0,0,0,0,0,0,0,0,0,0,0,0,0,0,0,0,0,0,0,0,0,0,0,0,0,0,0,0,0,0,0,0,0,0,0,0,0,0,0,0,0,0,0,0,0,0,0,0,0,0,0,0,0,0,0,0,0,0,0,0,0,0,0,0,0,0,0,0,0,0,0,0,0,0,0,0,0,0,0,0,0,0,0,0,0,0,0,0,0,0,0,0,0,0,0,0,0,0,0,0,0,0,0,0,0,0,0,0,0,0,0,0,0,0,0,0,0,0,0,0,0,0,0,0,0,0,0,0,0,0,0,0,0,0,0,0,0,0,0,0,0,0,0,0,0,0,0,0,0,0,0,0,0,0,0,0,0,0,0,0,0,0,0,0,0,0,0,0,0,0,0,0,0,0,0,0,0,0,0,0,0,0,0,0,0,0,0,0,0,0,0,0,0,0,0,0,0,0,0,0,0,0,0,0,0,0,0,0,0,0,0,0,0,0,0,0,0,0,0,0,0,0,0,0,0,0,0,0,0,0,0,0,0,0,0,0,0,0,0,0,0,0,0,0,0,0,0,0,0,0,0,0,0,0,0,0,0,0,0,0,0,0,0,0,0,0,0,0,0,0,0,0,0,0,0,0,0,0,0,0,0,0,0,0,0,0,0,0,0,0,0,0,0,0,0,0,0,0,0,0,0,0,0,0,0,0,0
FridgeRange_AP,0,0,0,0,0,0,0,0,0,0,0,0,200.035,200.035,202.488,202.376,0,0,125.785,9.009,0,0,0,0,0,0,0,0,0,0,0,0,0,0,0,0,1346.882,215.936,219.417,0,0,0,0,0,0,0,0,205.375,205.186,0,0,197.348,197.188,0,204.34,201.759,0,0,194.548,193.688,0,198.893,199.101,0,0,194.741,194.241,0,199.592,199.429,0,0,193.092,175.802,12.4,0,0,0,0,0,0,0,0,0,0,0,0,0,0,0,0,0,1327.259,215.18,199.58,0,0,0,0,0,0,0,0,201.685,201.791,0,0,195.613,195.864,0,200.953,199.356,0,0,192.72,193.206,0,199.383,199.533,0,0,196.969,197.444,0,202.236,200.29,0,0,196.411,9.309,0,0,0,0,0,0,0,0,0,0,0,0,0,0,0,0,0,1232.945,217.665,200.396,0,0,0,0,0,0,0,0,201.316,200.629,0,0,192.685,193.23,0,198.827,198.06,0,0,193.464,192.43,0,199.417,198.022,0,0,191.732,191.732,0,197.318,198.193,0,0,131.516,8.974,0,0,0,0,0,0,0,0,0,0,0,0,0,0,0,0,0,1324.861,200.031,0,0,0,0,0,0,0,0,200.855,200.736,200.736,0,196.469,195.798,0,200.822,199.038,199.038,0,193.898,193.374,0,198.178,198.031,198.031,0,191.189,193.696,0,198.128,198.471,0,124.377,8.922,0,0,0,0,0,0,0,0,0,0,0,0,0,0,0,0,0,0,1120.158,214.096,0,0,0,0,0,0,0,0,0,203.533,202.489,0,194.769,194.769,0,200.24,197.747,198.656,0,0,196.608,195.724,202.822,202.822,203.05,0,0,198.538,198.538,0,204.717,201.953,0,0,195.715,9.165,0,0,0,0,0,0,0,0,0,0,0,0,0,0,0,0,0,0,1057.295,202.622,0,0,0,0,0,0,0,0,0,203.166,202.185,0,197.168,197.168,0,199.652,199.652,201.504,0,0,197.404,197.241,201.757,201.757,199.721,0,198.502,198.502,0,205.17,205.17,202.568,0,198.011,197.984,42.51,9.07,0,0,0,0,0,0,0,0,0,0,0,0,0,0,0,0,0,0,0,318.637,215.503,206.078,0,0,0,0,0,0,0,0,205.167,204.195,0,0,200.791,200.791,0,205.425,205.484,0,0,199.216,200.056,0,205.091,202.304,0,0,199.404,198.53,0,205.153,203.445,0,198.899,200.197,200.197,0,205.722,205.362,0,0,198.362,9.762,0,0,0,0,0,0,0,0,0,0,0,0,0,0,0,0,0,902.765,902.765,222.498,0,0,0,0,0,0,0,0,0,206.324,204.853,0,200.935,200.422,0,204.956,203.615,205.842,0,197.562,197.904,197.904,0,203.742,200.515,0,0,198.473,196.644,0,201.516,201.536,0,0,195.015,195.015,0,202.868,203.363,0,196.78,195.936,9.312,0,0,0,0,0,0,0,0,0,0,0,0,0,0,0,0,522.655,219.04,204.592,0,0,0,0,0,0,0,0,204.828,204.828,203.201,0,198.923,198.923,0,202.667,203.306,201.008,0,197.138,197.138,0,205.191,202.56,0,0,198.77,199.122,0,204.806,201.427,0,0,198.075,198.075,0,204.182,201.417,0,0,197.825,9.899,0,0,0,0,0,0,0,0,0,0,0,0,0,0,0,0,1322.169,223.13,212.142,0,0,0,0,0,0,0,0,0,205.04,205.04,0,200.031,199.432,0,204.508,205.264,204.783,0,198.049,198.049,0,205.153,204.942,0,0,198.448,198.772,0,205.372,203.567,0,0,198.186,196.926,0,203.65,201.448,0,0,198.241,9.222,0,0,0,0,0,0,0,0,0,0,0,0,0,0,0,0,599.571,204.143,0,0,0,0,0,0,0,0,0,206.38,204.337,0,200.268,200.268,0,204.343,201.597,203.559,0,197.309,197.309,0,203.697,203.697,203.634,0,198.171,196.652,0,206.34,206.34,0,0,199.272,199.272,0,206.231,171.442,9.885,0,0,0,0,0,0,0,0,0,0,0,0,0,0,0,0,0,0,0,1133.486,221.29,0,0,0,0,0,0,0,0,0,207.96,206.678,0,204.377,203.014,0,0,205.724,206.634,0,201.037,200.151,0,206.616,204.221,204.221,0,200.394,200.394,0,207.284,206.699,0,0,199.275,199.275,0,205.727,202.923,0,0,200.213,199.986,9.575,0,0,0,0,0,0,0,0,0,0,0,0,0,0,0,0,0,0,1343.87,204.811,204.811,0,0,0,0,0,0,0,0,207.27,206.703,0,0,201.283,201.979,0,205.771,206.095,0,0,198.458,198.458,0,206.578,205.612,0,0,198.859,199.242,0,204.615,203.726,0,198.637,198.469,0,204.308,203.422,203.422,109.208,9.104,0,0,0,0,0,0,0,0,0,0,0,0,0,0,0,0,0,0,1171.558,222.842,0,0,0,0,0,0,0,0,0,203.746,202.711,0,197.39,197.302,0,201.298,199.277,200.026,0,193.504,193.184,0,199.688,200.016,199.444,0,193.266,193.145,0,196.756,197.28,196.495,0,194.911,194.911,192.795,8.337,0,0,0,0,0,0,0,0,0,0,0,0,0,0,0,0,0,0,0,1058.848,218.049,203.312,0,0,0,0,0,0,0,0,205.424,204.058,0,199.097,199.097,0,0,205.783,203.372,0,0,198.245,196.604,0,202.177,203.273,0,0,196.809,196.809,201.994,201.994,202.442,0,0,195.362,49.134,8.551,0,0,0,0,0,0,0,0,0,0,0,0,0,0,0,0,0,0,0,0,1185.512,206.096,206.096,0,0,0,0,0,0,0,0,207.46,206.043,0,0,199.505,199.505,0,203.862,204.95,0,0,199.944,199.112,0,204.221,204.032,0,0,200.537,200.058,0,204.304,203.418,0,0,198.362,12.57,8.841,0,0,0,0
DisposalDishwasher_AP,0,0,0,0,0,0,0,0,0,0,0,0,32.514,32.514,0,0,0,0,0,0,0,0,0,0,0,0,0,0,0,0,0,0,0,0,0,0,0,0,0,0,0,0,0,0,0,0,0,0,0,0,0,0,0,0,0,0,0,0,0,0,0,0,0,0,0,0,0,0,0,0,0,0,0,0,0,0,0,0,0,0,0,0,0,0,0,0,0,0,0,0,0,0,0,0,0,0,0,0,0,0,0,0,0,0,0,0,0,0,0,0,0,0,0,0,0,0,0,0,0,0,0,0,0,0,0,0,0,0,0,0,0,0,0,0,0,0,0,0,0,0,0,0,0,0,0,0,0,0,0,0,0,0,0,0,0,0,0,0,0,0,0,0,0,0,0,0,0,0,0,0,0,0,0,0,0,0,0,0,0,0,0,0,0,0,0,0,0,0,0,0,0,0,0,0,0,0,0,0,0,0,0,0,0,0,0,0,0,0,0,0,0,0,0,0,0,0,0,0,0,0,0,0,0,0,0,0,0,0,0,0,0,0,0,0,0,0,0,0,0,0,0,0,0,0,0,0,0,0,0,0,0,0,0,0,0,0,0,0,0,0,0,0,0,0,0,0,0,0,0,0,0,0,0,0,0,0,0,0,0,0,0,0,0,0,0,0,0,0,0,0,0,0,0,0,0,0,0,0,0,0,0,0,0,0,0,0,0,0,0,0,0,0,0,0,0,0,0,0,0,0,0,0,0,0,0,0,0,0,0,0,0,0,0,0,0,0,0,0,0,0,0,0,0,0,0,0,0,0,0,0,0,0,0,0,0,0,0,0,0,0,0,0,0,0,0,0,0,0,0,0,0,0,0,0,0,0,0,0,0,0,0,0,0,0,0,0,0,0,0,0,0,0,0,0,0,0,0,0,0,0,0,0,0,0,0,0,0,0,0,0,0,0,0,0,0,0,0,0,0,0,0,0,0,0,0,0,0,0,0,0,0,0,0,0,0,0,0,0,0,0,0,0,0,0,0,0,0,0,0,0,0,0,0,0,0,0,0,0,0,0,0,0,0,0,0,0,0,0,0,0,0,0,0,0,0,0,0,0,0,0,0,0,0,0,0,0,0,0,0,0,0,0,0,0,0,0,0,0,0,0,0,0,0,0,0,0,0,0,0,0,0,0,0,0,0,0,0,0,0,0,0,0,0,0,0,0,0,0,0,0,0,0,0,0,0,0,0,0,0,0,0,0,0,0,0,0,0,0,0,0,0,0,0,0,0,0,0,0,0,0,0,0,0,0,0,0,0,0,0,0,0,0,0,0,0,0,0,0,0,0,0,0,0,0,0,0,0,0,0,0,0,0,0,0,0,0,0,0,0,0,0,0,0,0,0,0,0,0,0,0,0,0,0,0,0,0,0,0,0,0,0,0,0,0,0,0,0,0,0,0,0,0,0,0,0,0,0,0,0,0,0,0,0,0,0,0,0,0,0,0,0,0,0,0,0,0,0,0,0,0,0,0,0,0,0,0,0,0,0,0,0,0,0,0,0,0,0,0,0,0,0,0,0,0,0,0,0,0,0,0,0,0,0,0,0,0,0,0,0,0,0,0,0,0,0,0,0,0,0,0,0,0,0,0,0,0,0,0,0,0,0,0,0,0,0,0,0,0,0,0,0,0,0,0,0,0,0,0,0,0,0,0,0,0,0,0,0,0,0,0,0,0,0,0,0,0,0,0,0,0,0,0,0,0,0,0,0,0,0,0,0,0,0,0,0,0,0,0,0,0,0,0,0,0,0,0,0,0,0,0,0,0,0,0,0,0,0,0,0,0,0,0,0,0,0,0,0,0,0,0,0,0,0,0,0,0,0,0,0,0,0,0,0,0,0,0,0,0,0,0,0,0,0,0,0,0,0,0,0,0,0,0,0,0,0,0,0,0,0,0,0,0,0,0,0,0,0,0,0,0,0,0,0,0,0,0,0,0,0,0,0,0,0,0,0,0,0,0,0,0,0,0,0,0,0,0,0,0,0,0,0,0,0,0,0,0,0,0,0,0,0,0,0,0,0,0,0,0,0,0,0,0,0,0,0,0,0,0,0,0,0,0,0,0,0,0,0,0,0,0,0,0,0,0,0,0,0,0,0,0,0,0,0,0,0,0,0,0,0,0,0,0,0,0,0,0,0,0,0,0
Microwave_AP,0,0,0,0,0,0,0,0,0,0,0,0,4.471,4.471,0,0,0,0,0,0,0,0,0,0,0,0,0,0,0,0,0,0,0,0,0,0,0,0,0,0,0,0,0,0,0,0,0,0,0,0,0,0,0,0,0,0,0,0,0,0,0,0,0,0,0,0,0,0,0,0,0,0,0,0,0,0,0,0,0,0,0,0,0,0,0,0,0,0,0,0,0,0,0,0,0,0,0,0,0,0,0,0,0,0,0,0,0,0,0,0,0,0,0,0,0,0,0,0,0,0,0,0,0,0,0,0,0,0,0,0,0,0,0,0,0,0,0,0,0,0,0,0,0,0,0,0,0,0,0,0,0,0,0,0,0,0,0,0,0,0,0,0,0,0,0,0,0,0,0,0,0,0,0,0,0,0,0,0,0,0,0,0,0,0,0,0,0,0,0,0,0,0,0,0,0,0,0,0,0,0,0,0,0,0,0,0,0,0,0,0,0,0,0,0,0,0,0,0,0,0,0,0,0,0,0,0,0,0,0,0,0,0,0,0,0,0,0,0,0,0,0,0,0,0,0,0,0,0,0,0,0,0,0,0,0,0,0,0,0,0,0,0,0,0,0,0,0,0,0,0,0,0,0,0,0,0,0,0,0,0,0,0,0,0,0,0,0,0,0,0,0,0,0,0,0,0,0,0,0,0,0,0,0,0,0,0,0,0,0,0,0,0,0,0,0,0,0,0,0,0,0,0,0,0,0,0,0,0,0,0,0,0,0,0,0,0,0,0,0,0,0,0,0,0,0,0,0,0,0,0,0,0,0,0,0,0,0,0,0,0,0,0,0,0,0,0,0,0,0,0,0,0,0,0,0,0,0,0,0,0,0,0,0,0,0,0,0,0,0,0,0,0,0,0,0,0,0,0,0,0,0,0,0,0,0,0,0,0,0,0,0,0,0,0,0,0,0,0,0,0,0,0,0,0,0,0,0,0,0,0,0,0,0,0,0,0,0,0,0,0,0,0,0,0,0,0,0,0,0,0,0,0,0,0,0,0,0,0,0,0,0,0,0,0,0,0,0,0,0,0,0,0,0,0,0,0,0,0,0,0,0,0,0,0,0,0,0,0,0,0,0,0,0,0,0,0,0,0,0,0,0,0,0,0,0,0,0,0,0,0,0,0,0,0,0,0,0,0,0,0,0,0,0,0,0,0,0,0,0,0,0,0,0,0,0,0,0,0,0,0,0,0,0,0,0,0,0,0,0,0,0,0,0,0,0,0,0,0,0,0,0,0,0,0,0,0,0,0,0,0,0,0,0,0,0,0,0,0,0,0,0,0,0,0,0,0,0,0,0,0,0,0,0,0,0,0,0,0,0,0,0,0,0,0,0,0,0,0,0,0,0,0,0,0,0,0,0,0,0,0,0,0,0,0,0,0,0,0,0,0,0,0,0,0,0,0,0,0,0,0,0,0,0,0,0,0,0,0,0,0,0,0,0,0,0,0,0,0,0,0,0,0,0,0,0,0,0,0,0,0,0,0,0,0,0,0,0,0,0,0,0,0,0,0,0,0,0,0,0,0,0,0,0,0,0,0,0,0,0,0,0,0,0,0,0,0,0,0,0,0,0,0,0,0,0,0,0,0,0,0,0,0,0,0,0,0,0,0,0,0,0,0,0,0,0,0,0,0,0,0,0,0,0,0,0,0,0,0,0,0,0,0,0,0,0,0,0,0,0,0,0,0,0,0,0,0,0,0,0,0,0,0,0,0,0,0,0,0,0,0,0,0,0,0,0,0,0,0,0,0,0,0,0,0,0,0,0,0,0,0,0,0,0,0,0,0,0,0,0,0,0,0,0,0,0,0,0,0,0,0,0,0,0,0,0,0,0,0,0,0,0,0,0,0,0,0,0,0,0,0,0,0,0,0,0,0,0,0,0,0,0,0,0,0,0,0,0,0,0,0,0,0,0,0,0,0,0,0,0,0,0,0,0,0,0,0,0,0,0,0,0,0,0,0,0,0,0,0,0,0,0,0,0,0,0,0,0,0,0,0,0,0,0,0,0,0,0,0,0,0,0,0,0,0,0,0,0,0,0,0,0,0,0,0,0,0,0,0,0,0,0,0,0,0,0,0,0,0,0,0,0,0,0,0,0,0,0,0,0,0,0,0,0,0,0,0,0,0,0,0
KitchenLights_AP,0,0,0,0,0,0,0,0,0,0,0,0,8.493,8.493,0,0,0,0,0,0,0,0,0,0,0,0,0,0,0,0,0,0,0,0,0,0,8.933,8.535,0,0,0,0,0,0,0,0,0,0,0,0,0,0,0,0,0,0,0,0,0,0,0,0,0,0,0,0,0,0,0,0,0,0,0,0,0,0,0,0,0,0,0,0,0,0,0,0,0,0,0,0,0,0,8.645,8.609,0,0,0,0,0,0,0,0,0,0,0,0,0,0,0,0,0,0,0,0,0,0,0,0,0,0,0,0,0,0,0,0,0,0,0,0,0,0,0,0,0,0,0,0,0,0,0,0,0,0,0,0,0,8.565,8.565,0,0,0,0,0,0,0,0,0,0,0,0,0,0,0,0,0,0,0,0,0,0,0,0,0,0,0,0,0,0,0,0,0,0,0,0,0,0,0,0,0,0,0,0,0,0,0,0,0,0,0,0,0,8.842,9.169,0,0,0,0,0,0,0,0,0,0,0,0,0,0,0,0,0,0,0,0,0,0,0,0,0,0,0,0,0,0,0,0,0,0,0,0,0,0,0,0,0,0,0,0,0,0,0,0,0,0,0,0,8.876,8.876,0,0,0,0,0,0,0,0,0,0,0,0,0,0,0,0,0,0,0,0,0,0,0,0,0,0,0,0,0,0,0,0,0,0,0,0,0,0,0,0,0,0,0,0,0,0,0,0,0,0,0,0,0,0,8.725,8.725,0,0,0,0,0,0,0,0,0,0,0,0,0,0,0,0,0,0,0,0,0,0,0,0,0,0,0,0,0,0,0,0,0,0,0,0,0,0,0,0,0,0,0,0,0,0,0,0,0,0,0,0,0,0,0,0,8.832,8.755,0,0,0,0,0,0,0,0,0,0,0,0,0,0,0,0,0,0,0,0,0,0,0,0,0,0,0,0,0,0,0,0,0,0,0,0,0,0,0,0,0,0,0,0,0,0,0,0,0,0,0,0,0,0,0,0,0,0,0,0,0,8.909,8.909,0,0,0,0,0,0,0,0,0,0,0,0,0,0,0,0,0,0,0,0,0,0,0,0,0,0,0,0,0,0,0,0,0,0,0,0,0,0,0,0,0,0,0,0,0,0,0,0,0,0,0,0,0,0,0,0,0,0,0,8.984,8.93,0,0,0,0,0,0,0,0,0,0,0,0,0,0,0,0,0,0,0,0,0,0,0,0,0,0,0,0,0,0,0,0,0,0,0,0,0,0,0,0,0,0,0,0,0,0,0,0,0,0,0,0,0,0,0,0,0,0,0,8.846,8.729,0,0,0,0,0,0,0,0,0,0,0,0,0,0,0,0,0,0,0,0,0,0,0,0,0,0,0,0,0,0,0,0,0,0,0,0,0,0,0,0,0,0,0,0,0,0,0,0,0,0,0,0,0,0,0,0,0,0,0,8.735,8.809,0,0,0,0,0,0,0,0,0,0,0,0,0,0,0,0,0,0,0,0,0,0,0,0,0,0,0,0,0,0,0,0,0,0,0,0,0,0,0,0,0,0,0,0,0,0,0,0,0,0,0,0,0,0,0,0,0,0,8.798,8.798,0,0,0,0,0,0,0,0,0,0,0,0,0,0,0,0,0,0,0,0,0,0,0,0,0,0,0,0,0,0,0,0,0,0,0,0,0,0,0,0,0,0,0,0,0,0,0,0,0,0,0,0,0,0,0,0,0,0,0,0,0,8.709,9.065,0,0,0,0,0,0,0,0,0,0,0,0,0,0,0,0,0,0,0,0,0,0,0,0,0,0,0,0,0,0,0,0,0,0,0,0,0,0,0,0,0,0,0,0,0,0,0,0,0,0,0,0,0,0,0,0,0,0,0,8.749,8.749,0,0,0,0,0,0,0,0,0,0,0,0,0,0,0,0,0,0,0,0,0,0,0,0,0,0,0,0,0,0,0,0,0,0,0,0,0,0,0,0,0,0,0,0,0,0,0,0,0,0,0,0,0,0,0,0,0,0,0,0,0,0,0,0,0,0,0,0,0,0,0,0,0,0,0,0,0,0,0,0,0,0,0,0,0,0,0,0,0,0,0,0,0,0,0,0,0,0,0,0,0,0,0,0,0,0,0,0,0,0,0,0,0,0,0,8.948,8.948,0,0,0,0,0,0,0,0,0,0,0,0,0,0,0,0,0,0,0,0,0,0,0,0,0,0,0,0,0,0,0,0,0,0,0,0,0,0,0,0,0
BedroomOutlets_AP,0,0,19.602,19.602,0,19.689,19.689,0,0,0,0,0,19.698,21.702,23.347,19.653,23.418,19.868,0,0,19.799,19.799,0,0,0,21.757,19.726,0,0,0,0,0,0,0,0,0,0,0,0,0,0,0,0,23.667,23.608,20.249,20.249,23.097,20.4,0,0,0,24.059,22.652,23.39,20.435,0,0,0,0,0,0,0,0,0,0,0,0,0,0,0,21.785,21.785,0,0,0,0,23.095,20.55,0,0,0,22.396,23.146,20.626,0,0,0,22.515,22.515,0,0,0,0,0,0,0,20.898,20.898,0,0,20.336,20.336,0,0,0,0,0,0,0,0,23.64,20.231,0,0,0,0,0,0,0,23.262,20.526,0,0,0,0,0,20.391,20.391,0,0,0,0,0,20.495,20.495,23.469,20.494,0,0,0,0,0,20.013,22.054,19.98,0,0,0,0,0,0,0,0,0,0,0,0,0,23.495,20.14,20.373,0,20.095,20.156,20.156,0,23.429,20.07,20.039,0,0,0,0,0,22.889,20.068,23.422,20.12,22.928,24.04,21.264,0,0,0,0,20.271,20.271,23.49,20.087,20.087,0,0,23.361,20.29,0,0,20.572,20.381,0,0,20.333,20.333,0,0,20.154,20.154,0,0,0,0,0,0,20.368,20.484,0,22.378,20.314,0,0,0,21.901,21.901,0,0,0,0,0,0,0,22.644,20.199,0,0,22.358,20.206,0,0,23.195,20.238,0,0,0,0,0,23.869,20.351,22.253,20.414,20.414,0,0,0,0,22.678,22.678,0,0,0,20.212,20.212,0,23.404,20.549,22.384,0,0,0,0,0,0,23.171,20.282,0,0,0,0,23.041,20.436,20.628,20.628,0,22.84,22.84,0,0,22.663,20.554,0,20.632,20.632,0,0,23.209,23.479,20.345,0,22.349,22.349,20.189,0,0,0,0,0,0,0,0,0,0,0,0,0,24.266,20.153,20.325,20.314,20.482,20.482,0,0,0,0,20.428,20.428,0,0,0,0,0,0,0,0,22.967,20.49,0,0,0,0,0,0,0,22.843,22.843,0,20.819,20.819,0,0,0,24.147,20.937,0,0,0,0,23.575,23.432,20.748,0,0,0,0,0,0,0,0,0,0,20.642,20.642,20.614,20.614,24.875,20.758,22.778,22.778,20.713,20.713,0,24.514,22.663,23.518,20.767,23.042,23.533,22.937,20.832,22.771,20.85,24.171,20.806,20.914,20.914,22.503,20.702,0,0,23.989,20.781,20.92,23.821,20.859,0,20.76,20.76,0,0,0,0,0,23.561,20.834,0,0,0,0,0,0,0,0,0,23.028,20.987,0,0,0,0,0,0,0,0,0,0,0,0,0,24.182,20.785,23.105,20.832,0,0,0,0,20.58,20.58,0,0,0,0,0,0,24.149,21.549,0,23.166,21.371,20.453,0,0,20.328,23.017,20.587,0,0,20.302,20.302,0,23.58,20.325,0,0,0,0,22.652,20.481,0,22.872,20.554,0,0,0,0,0,0,22.666,20.376,0,0,0,22.61,20.868,0,0,0,0,0,0,0,0,0,0,0,0,0,0,23.516,20.262,24.169,20.388,0,0,23.107,23.107,0,23.442,20.533,20.519,20.704,0,0,0,0,0,0,0,0,0,0,0,0,0,0,0,0,0,0,23.762,22.908,20.256,23.186,20.246,0,0,23.099,20.353,23.548,20.231,0,22.363,20.284,0,0,0,0,0,0,23.423,20.58,23.217,20.481,23.936,20.631,20.598,0,0,0,24.596,20.906,0,0,0,0,0,0,23.409,22.498,0,0,0,23.834,22.76,20.89,0,0,0,0,0,0,0,0,0,0,0,0,0,0,0,20.676,20.676,0,0,0,0,22.748,20.599,0,22.458,22.458,23.335,23.833,20.629,0,20.677,20.677,23.31,20.788,0,0,0,0,0,0,0,0,0,22.905,22.905,20.63,0,0,0,0,0,22.645,20.874,20.351,0,0,0,0,0,22.709,20.51,0,0,0,23.956,20.682,0,0,24.354,20.713,21.102,20.635,0,0,25.8,20.739,0,23.61,20.821,0,23.718,20.835,20.761,22.97,20.6,0,0,0,0,0,0,0,0,24.054,21.382,0,20.717,20.717,0,0,0,0,0,0,0,0,0,0,25.859,20.728,20.669,20.669,0,0,0,23.332,20.793,0,0,0,23.114,20.62,0,23.425,20.872,20.622,0,0,0,0,0,0,0,0,0,0,22.077,22.077,0,19.421,19.421,0,0,0,0,0,0,0,22.012,19.617,0,0,0,0,23.328,19.509,20.085,0,0,0,0,0,0,0,0,0,0,0,0,0,0,22.928,19.615,0,0,0,0,0,0,0,0,0,0,0,0,0,0,0,0,0,0,0,0,0,0,24.593,20.383,0,0,0,19.319,19.319,0,0,0,0,0,0,0,23.797,19.446,0,0,0,0,0,0,0,0,0,0,0,0,0,0,22.435,19.471,0,19.496,19.496,0,0,0,0,0,0,0,0,0,0,0,0,0,0,22.202,19.249,18.928,0,0,22.227,19.073,0,22.807,19.397,0,0,22.948,23.13,22.209,19.583,0,0,0,0,0,0,0,0,0,22.146,19.348,19.361,19.289,0,19.259,19.259,0,0,0,0,0,22.39,19.392,19.572,0,22.227,19.542,0,0,22.488,19.568,0,0,0,21.724,19.727,0,0,0,0,0,19.805,19.805,19.801,19.806,0,0,0,0,0,0,0,22.42,19.215,0,0,0,0,0,20.997,20.997,0,0,0,0,23.52,19.644,0,21.247,21.247,0,23.06,19.792,0,0,0,0,0,0,21.739,21.739,0,0,23.229,22.913,23.372,20,0,0,0,0,19.712,19.712,0,0,0,0,0,0,22.096,19.713,20.5,23.002,19.543,0,0,0,0,0,0,0,0,0,0,0,22.353
BedroomLights_AP,0,0,0,0,0,0,0,0,0,0,0,0,11.366,13.63,11.312,0,11.556,11.556,0,0,0,0,0,0,0,0,0,0,0,0,0,0,0,0,0,0,0,0,0,0,0,0,0,0,0,0,0,0,0,0,0,0,0,0,0,0,0,0,0,0,0,0,0,0,0,0,0,0,0,0,0,0,0,0,0,0,0,0,0,0,0,0,0,0,0,0,0,0,0,0,0,0,0,0,0,0,0,0,0,0,0,0,0,0,0,0,0,0,0,0,0,0,0,0,0,0,0,0,0,0,0,0,0,0,0,0,0,0,0,0,0,0,0,0,0,0,13.643,11.317,0,0,0,0,0,0,0,0,0,0,0,0,0,0,0,0,0,0,0,0,0,0,0,0,0,0,0,0,0,0,0,0,0,0,0,0,0,0,0,13.736,11.403,0,0,0,0,0,0,0,0,0,0,0,0,0,0,13.632,11.683,0,0,0,0,0,0,0,0,0,0,0,0,0,0,0,0,0,0,12.76,12.76,0,0,0,0,0,0,0,0,0,0,0,0,0,0,0,13.474,11.65,0,0,0,0,0,0,0,0,0,0,0,0,0,0,0,0,0,0,0,0,0,0,0,0,0,0,0,0,0,0,0,0,0,0,0,0,0,0,0,0,0,0,0,0,0,0,0,0,0,0,13.604,13.604,0,0,0,0,0,0,0,0,0,0,0,0,0,0,13.344,11.359,0,0,0,0,0,0,0,0,0,0,0,0,0,0,0,0,0,0,0,0,0,0,0,0,0,0,0,0,0,0,0,0,0,0,0,0,0,0,13.004,13.004,0,0,0,0,0,0,0,0,0,0,11.84,11.84,0,0,0,0,0,0,0,0,0,0,0,0,0,0,0,0,0,0,0,0,0,0,0,0,0,0,0,0,0,0,0,0,0,0,0,0,0,0,0,12.083,12.083,0,0,0,0,0,0,0,0,0,0,0,0,0,0,0,0,0,0,0,0,0,0,0,0,0,0,0,0,0,0,0,0,0,0,0,0,0,0,0,0,0,0,0,0,13.817,11.906,0,0,0,0,0,0,0,0,0,0,0,0,0,0,13.85,11.593,0,0,0,0,0,0,0,13.157,13.157,0,0,0,0,0,0,0,0,0,0,0,0,0,0,0,0,0,0,0,0,0,0,0,0,0,0,0,11.897,11.897,0,0,0,0,0,0,0,0,0,0,0,0,0,0,13.332,11.396,0,0,0,0,0,0,0,0,0,0,0,0,0,0,0,0,0,0,0,0,0,0,0,0,0,0,0,0,0,0,0,0,0,0,0,0,0,0,0,0,0,0,0,0,0,0,0,0,0,0,0,0,0,0,13.283,13.283,0,0,0,0,0,0,0,0,0,0,0,0,0,0,0,0,0,0,0,0,0,0,0,0,0,0,0,0,0,0,0,0,0,0,0,0,0,0,0,0,0,0,0,0,0,0,0,0,0,0,0,0,0,0,0,0,0,0,13.383,11.565,0,0,0,0,0,0,0,0,0,0,0,0,0,0,0,0,0,0,0,0,0,0,0,13.731,11.618,0,0,0,0,0,0,0,0,0,0,0,0,0,0,0,0,0,0,0,0,0,0,13.568,11.922,0,0,0,14.008,11.681,0,0,0,0,0,0,0,0,0,0,0,0,0,13.641,11.951,0,0,0,0,0,0,0,0,0,0,0,0,0,0,0,0,0,0,0,0,0,0,0,0,0,0,0,0,0,0,0,0,0,0,0,0,0,0,0,0,0,0,0,0,0,0,0,0,0,0,0,0,0,0,0,0,0,0,0,0,0,0,0,0,0,0,0,0,0,0,0,0,0,0,0,0,0,0,0,0,0,0,0,0,0,0,0,0,0,0,0,0,0,0,0,0,0,0,0,13.82,11.289,0,0,0,0,0,0,0,0,0,0,0,0,0,0,0,0,0,0,0,0,0,0,0,0,0,0,0,0,0,0,0,0,0,11.232,11.232,0,0,0,0,0,0,0,0,0,0,0,0,12.904,12.904,0,0,0,0,0,0,0,0,0,0,0,0,0,0,11.258,11.258,0,0,0,0,0,0,0,0,0,0,0,0,0,11.377,11.377,0,0,0,0,0,0,0,0,0,0,0,0,13.417,11.702,0,0,0,0,0,0,0,0,0,0,0,0,0,0,0,0,0,0,0,0,0,0,0,0,0,0,13.179,13.179,0,0,0,0,0,0,0,0,0,0,0,0,11.732,11.732,0,0,0,0,0,0,0,0,0,0,0,0,0,0,0,0,0,0,0,0,0,0,0,0,0,0,0,0,11.49
MasterOutlets_AP,86.392,88.938,86.835,86.684,85.411,85.54,85.926,85.899,85.93,87.535,86.162,87.832,86.4,96.527,89.931,89.906,87.42,92.834,88.713,87.371,86.019,88.251,89.287,86.053,86.132,91.856,88.671,86.821,86.676,89.371,87.568,88.319,86.549,88.563,87.4,85.687,86.46,85.251,85.592,88.802,95.972,88.965,95.879,92.814,94.758,95.012,98.091,95.098,94.61,90.634,91.001,90.649,90.485,94.963,95.278,95.666,96.773,99.44,102.441,99.941,97.909,99.651,99.332,98.31,100.107,101.674,98.357,99.739,97.396,99.034,98.736,97.611,99.443,97.634,101.699,99.087,97.258,98.307,99.401,100.172,97.414,96.643,96.528,96.637,98.686,98.156,97.084,96.321,98.727,96.191,98.828,98.433,96.509,96.844,96.324,97.445,102.061,99.518,99.991,98.911,104.607,98.377,104.926,98.447,98.273,98.078,97.278,97.266,98.541,96.91,97.739,96.546,99.952,96.49,97.949,96.662,99.076,96.809,96.444,96.579,96.773,109.883,96.044,96.993,99.364,97.282,97.659,95.195,98.516,97.492,97.459,98.835,98.046,95.79,97.423,95.505,95.293,95.641,94.33,95.704,97.165,94.26,95.254,95.109,95.925,93.793,107.978,94.354,99.571,96.146,99.18,96.307,95.757,94.618,94.278,96.03,95.012,96.139,95.258,94.197,96.375,97.068,97.585,97.295,98.413,96.72,94.514,95.178,96.027,94.914,96.773,105.809,97.061,96.59,96.327,95.581,97.794,97.159,95.858,99.735,97.017,96.84,96.168,97.385,98.661,98.639,95.509,96.73,97.078,95.916,95.426,96.456,96.183,96.626,96.504,96.434,103.052,97.869,101.619,97.578,97.662,97.666,100.251,96.7,96.241,94.424,94.537,94.659,96.182,94.083,94.534,96.147,96.297,95.883,97.473,96.754,98.147,97.222,96.034,97.986,97.81,100.83,95.067,100.658,96.23,94.058,94.405,96.109,96.776,100.704,97.636,96.477,98.316,102.078,96.521,96.795,98.916,97.793,97.337,96.873,96.871,98.919,96.413,99.029,96.339,99.223,100.907,98.034,99.166,95.805,100.894,96.252,98.969,95.374,97.854,95.381,95.347,96.774,100.093,97.596,97.585,97.976,95.859,99.089,95.537,96.176,96.122,95.224,97.043,105.489,98.236,101.245,96.915,100.98,97.058,96.494,99.595,103.614,99.476,97.775,99.322,96.849,95.891,103.11,96.153,97.586,96.672,96.557,97.423,97.505,96.515,97.502,96.214,96.912,97.07,96.111,101.734,97.52,98.6,95.855,97.095,97.359,96.321,96.351,96.525,94.38,97.342,96.828,97.618,98.287,101.32,94.758,94.885,95.224,96.433,97.082,96.421,95.423,97.681,95.072,96.624,99.651,95.371,99.225,97.45,101.192,95.784,102.436,96.613,96.13,95.295,101.198,99.228,101.016,96.577,98.925,96.851,97.526,96.01,98.702,96.596,98.969,98.107,100.1,111.47,98.686,101.722,98.909,103.015,97.074,100.42,97.63,105.042,96.772,104.589,99.78,99.34,99.248,96.349,96.987,100.246,98.334,98.023,97.365,99.168,99.062,96.482,97.792,98.89,101.196,96.628,100.489,97.47,102.533,100.699,99.381,96.673,98.919,96.512,97.393,98.873,96.437,99.657,97.791,98.602,98.012,99.639,97.865,99.762,97.936,98.001,98.376,97.881,96.718,104.227,98.483,96.936,97.757,100.202,98.147,102.162,96.333,96.726,97.672,98.239,96.587,97.008,99.047,99.773,98.903,97.278,97.629,98.168,97.807,98.954,98.489,99.336,98.814,100.158,102.483,100.463,102.084,97.245,105.868,101.469,101.764,98.29,97.795,100.035,96.566,98.23,96.815,100.169,96.696,98.236,97.983,100.233,97.311,97.314,99.597,100.058,97.828,107.077,97.412,98.629,96.464,98.363,98.723,103.274,100.225,98.895,-0,101.534,100.511,97.192,98.608,98.405,98.088,95.876,96.816,97.854,95.334,98.292,96.621,94.853,95.024,94.406,108.987,94.745,98.775,94.651,99.409,94.93,100.187,96.468,94.728,95.629,94.579,95.287,98.46,96.916,96.456,97.274,96.351,97.407,96.529,98.06,96.522,95.682,96.048,95.661,98.215,105.969,98.732,101.354,96.256,100.865,97.836,95.706,98.773,97.237,97.355,97.241,96.648,95.495,95.272,95.548,96.165,95.008,95.849,95.395,95.736,95.478,94.633,95.831,95.957,95.854,105.099,98.709,97.916,98.816,98.445,98.289,97.946,96.123,97.112,98.071,96.887,96.288,98.626,99.133,96.347,95.049,94.381,97.296,95.298,96.976,96.595,94.841,94.596,93.968,94.507,102.955,95.367,100.497,96.464,98.292,94.767,93.996,94.946,95.258,95.987,97.258,98.071,97.041,98.148,98.085,99.224,97.264,98.407,96.448,96.509,97.434,97.645,96.528,97.722,97.931,104.067,96.446,98.924,98.293,102.519,100.501,99.435,99.071,102.18,99.42,99.419,98.077,97.23,98.731,98.767,100.026,96.795,96.262,95.39,95.332,94.953,95.583,95.301,99.656,95.844,100.756,95.86,97.808,98.709,95.901,97.515,98.082,99.213,98.035,99.153,103.005,97.998,96.004,96.267,97.073,95.574,97.552,96.89,97.234,96.844,98.815,96.854,98.159,96.881,98.391,100.745,98.834,96.753,98.546,100.368,95.782,99.54,96.189,95.426,96.556,94.704,94.966,97.061,97.337,95.899,95.964,95.554,97.854,95.232,97.106,94.625,95.887,97.789,105.122,98.309,99.307,98.081,96.995,97.801,102.52,98.257,100.115,96.006,96.15,99.02,96.174,96.793,96.831,96.893,96.559,96.417,97.581,96.531,98.846,97.267,98.982,97.476,97.176,104.512,100.174,105.19,96.408,99.538,99.118,102.992,96.472,96.32,97.92,101.529,97.034,97.158,96.874,97.96,97.227,96.997,96.434,97.473,98.537,97.116,96.838,96.884,109.923,96.368,100.119,96.697,102.822,98.512,98.297,98.392,98.31,99.033,98.22,99.18,99.853,98.027,98.72,99.117,97.461,97.093,99.006,100.305,97.308,97.119,96.848,97.244,98.063,97.905,97.446,96.836,97.456,102.754,97.182,98.303,97.553,89.953,87.51,87.306,84.813,88.269,82.779,84.472,83.48,83.447,85.012,84.45,83.977,83.564,84.683,84.026,90.44,85.515,89.252,87.432,87.96,87.608,86.934,87.422,85.979,85.494,84.815,84.247,86.37,89.653,85.792,85.627,86.187,85.39,86.118,85.125,86.003,88.363,86.974,86.432,85.604,90.274,83.653,83.285,85.049,86.875,82.447,81.385,81.915,87.516,81.581,83.772,81.654,81.245,81.865,81.244,81.93,81.251,81.777,83.364,94.263,83.619,86.263,83.553,85.062,83.657,84.504,80.699,89.213,83.795,84.737,83.243,86.581,82.138,81.874,81.46,82.384,83.493,85.655,84.064,84.013,86.068,86.689,86.669,86.783,93.867,86.575,90.303,88.048,86.128,86.444,86.248,87.652,86.892,88.243,87.12,85.934,88.069,86.289,85.655,90.052,87.334,86.782,87.008,86.104,84.599,84.482,84.375,92.234,85.902,87.364,82.885,86.818,84.112,83.146,84.067,84.891,83.767,87.269,84.846,86.512,88.43,84.646,84.668,85.017,85.107,84.686,85.876,86.629,85.32,85.665,86.314,85.151,89.78,86.8,84.865,86.152,87.751,86.564,88.49,86.675,87.425,84.541,85.445,87.055,85.468,86.71,86.767,87.599,87.178,87.96,86.934,88.454,86.87,86.353,88.066,88.545,88.027,93.214,88.781,89.342,90.737,91.385,88.41,88.799,89.574,88.837,88.863,87.683,87.476,86.133,88.395,87.824,87.47,87.247,85.308,84.707,84.664,82.715,83.619,84.66,82.572,84.074,86.603,85.081,88.038,82.391,85.588,84.81,85.493,84.611,83.658,87.122,86.501,85.644,86.144,87.732,88.01,87.664,86.932,87.643,86.789,86.788,87.934,88.097,87.698,89.009,89.127,90.548,88.66,88.204,86.619,91.312,89.036,89.811,88.043,88.413,89.072,88.9,88.716,87.308,87.638,87.125,86.332,87.512,86.18,84.458,91.286,87.121,89.767,88.43,89.094,85.244,91.455,85.633,84.356,86.255,89.295,85.771,86.362
MasterLights_AP,0,0,0,0,0,0,0,0,0,0,0,0,46.165,46.165,0,0,0,0,0,0,0,0,0,0,0,0,0,0,0,0,0,0,0,0,0,0,0,0,0,0,0,0,0,0,0,0,0,0,0,0,0,0,0,0,0,0,0,0,0,0,0,0,0,0,0,0,0,0,0,0,0,0,0,0,0,0,0,0,0,0,0,0,0,0,0,0,0,0,0,0,0,0,0,0,0,0,0,0,0,0,0,0,0,0,0,0,0,0,0,0,0,0,0,0,0,0,0,0,0,0,0,0,0,0,0,0,0,0,0,0,0,0,0,0,0,0,0,0,0,0,0,0,0,0,0,0,0,0,0,0,0,0,0,0,0,0,0,0,0,0,0,0,0,0,0,0,0,0,0,0,0,0,0,0,0,0,0,0,0,0,0,0,0,0,0,0,0,0,0,0,0,0,0,0,0,0,0,0,0,0,0,0,0,0,0,0,0,0,0,0,0,0,0,0,0,0,0,0,0,0,0,0,0,0,0,0,0,0,0,0,0,0,0,0,0,0,0,0,0,0,0,0,0,0,0,0,0,0,0,0,0,0,0,0,0,0,0,0,0,0,0,0,0,0,0,0,0,0,0,0,0,0,0,0,0,0,0,0,0,0,0,0,0,0,0,0,0,0,0,0,0,0,0,0,0,0,0,0,0,0,0,0,0,0,0,0,0,0,0,0,0,0,0,0,0,0,0,0,0,0,0,0,0,0,0,0,0,0,0,0,0,0,0,0,0,0,0,0,0,0,0,0,0,0,0,0,0,0,0,0,0,0,0,0,0,0,0,0,0,0,0,0,0,0,0,0,0,0,0,0,0,0,0,0,0,0,0,0,0,0,0,0,0,0,0,0,0,0,0,0,0,0,0,0,0,0,0,0,0,0,0,0,0,0,0,0,0,0,0,0,0,0,0,0,0,0,0,0,0,0,0,0,0,0,0,0,0,0,0,0,0,0,0,0,0,0,0,0,0,0,0,0,0,0,0,0,0,0,0,0,0,0,0,0,0,0,0,0,0,0,0,0,0,0,0,0,0,0,0,0,0,0,0,0,0,0,0,0,0,0,0,0,0,0,0,0,0,0,0,0,0,0,0,0,0,0,0,0,0,0,0,0,0,0,0,0,0,0,0,0,0,0,0,0,0,0,0,0,0,0,0,0,0,0,0,0,0,0,0,0,0,0,0,0,0,0,0,0,0,0,0,0,0,0,0,0,0,0,0,0,0,0,0,0,0,0,0,0,0,0,0,0,0,0,0,0,0,0,0,0,0,0,0,0,0,0,0,0,0,0,0,0,0,0,0,0,0,0,0,0,0,0,0,0,0,0,0,0,0,0,0,0,0,0,0,0,0,0,0,0,0,0,0,0,0,0,0,0,0,0,0,0,0,0,0,0,0,0,0,0,0,0,0,0,0,0,0,0,0,0,0,0,0,0,0,0,0,0,0,0,0,0,0,0,0,0,0,0,0,0,0,0,0,0,0,0,0,0,0,0,0,0,0,0,0,0,0,0,0,0,0,0,0,0,0,0,0,0,0,0,0,0,0,0,0,0,0,0,0,0,0,0,0,0,0,0,0,0,0,0,0,0,0,0,0,0,0,0,0,0,0,0,0,0,0,0,0,0,0,0,0,0,0,0,0,0,0,0,0,0,0,0,0,0,0,0,0,0,0,0,0,0,0,0,0,0,0,0,0,0,0,0,0,0,0,0,0,0,0,0,0,0,0,0,0,0,0,0,0,0,0,0,0,0,0,0,0,0,0,0,0,0,0,0,0,0,0,0,0,0,0,0,0,0,0,0,0,0,0,0,0,0,0,0,0,0,0,0,0,0,0,0,0,0,0,0,0,0,0,0,0,0,0,0,0,0,0,0,0,0,0,0,0,0,0,0,0,0,0,0,0,0,0,0,0,0,0,0,0,0,0,0,0,0,0,0,0,0,0,0,0,0,0,0,0,0,0,0,0,0,0,0,0,0,0,0,0,0,0,0,0,0,0,0,0,0,0,0,0,0,0,0,0,0,0,0,0,0,0,0,0,0,0,0,0,0,0,0,0,0,0,0,0,0,0,0,0,0,0,0,0,0,0,0,0,0,0,0,0,0,0,0,0,0,0,0,0,0,0,0,0,0,0,0,0,0,0,0,0,0
DuctHeaterHRV_AP,0,0,0,0,0,0,0,0,0,0,0,0,1.995,1.995,0,0,0,0,0,0,0,0,0,0,0,0,0,0,0,0,0,0,0,0,0,0,0,0,0,0,0,0,0,0,0,0,0,0,0,0,0,0,0,0,0,0,0,0,0,0,0,0,0,0,0,0,0,0,0,0,0,0,0,0,0,0,0,0,0,0,0,0,0,0,0,0,0,0,0,0,0,0,0,0,0,0,0,0,0,0,0,0,0,0,0,0,0,0,0,0,0,0,0,0,0,0,0,0,0,0,0,0,0,0,0,0,0,0,0,0,0,0,0,0,0,0,0,0,0,0,0,0,0,0,0,0,0,0,0,0,0,0,0,0,0,0,0,0,0,0,0,0,0,0,0,0,0,0,0,0,0,0,0,0,0,0,0,0,0,0,0,0,0,0,0,0,0,0,0,0,0,0,0,0,0,0,0,0,0,0,0,0,0,0,0,0,0,0,0,0,0,0,0,0,0,0,0,0,0,0,0,0,0,0,0,0,0,0,0,0,0,0,0,0,0,0,0,0,0,0,0,0,0,0,0,0,0,0,0,0,0,0,0,0,0,0,0,0,0,0,0,0,0,0,0,0,0,0,0,0,0,0,0,0,0,0,0,0,0,0,0,0,0,0,0,0,0,0,0,0,0,0,0,0,0,0,0,0,0,0,0,0,0,0,0,0,0,0,0,0,0,0,0,0,0,0,0,0,0,0,0,0,0,0,0,0,0,0,0,0,0,0,0,0,0,0,0,0,0,0,0,0,0,0,0,0,0,0,0,0,0,0,0,0,0,0,0,0,0,0,0,0,0,0,0,0,0,0,0,0,0,0,0,0,0,0,0,0,0,0,0,0,0,0,0,0,0,0,0,0,0,0,0,0,0,0,0,0,0,0,0,0,0,0,0,0,0,0,0,0,0,0,0,0,0,0,0,0,0,0,0,0,0,0,0,0,0,0,0,0,0,0,0,0,0,0,0,0,0,0,0,0,0,0,0,0,0,0,0,0,0,0,0,0,0,0,0,0,0,0,0,0,0,0,0,0,0,0,0,0,0,0,0,0,0,0,0,0,0,0,0,0,0,0,0,0,0,0,0,0,0,0,0,0,0,0,0,0,0,0,0,0,0,0,0,0,0,0,0,0,0,0,0,0,0,0,0,0,0,0,0,0,0,0,0,0,0,0,0,0,0,0,0,0,0,0,0,0,0,0,0,0,0,0,0,0,0,0,0,0,0,0,0,0,0,0,0,0,0,0,0,0,0,0,0,0,0,0,0,0,0,0,0,0,0,0,0,0,0,0,0,0,0,0,0,0,0,0,0,0,0,0,0,0,0,0,0,0,0,0,0,0,0,0,0,0,0,0,0,0,0,0,0,0,0,0,0,0,0,0,0,0,0,0,0,0,0,0,0,0,0,0,0,0,0,0,0,0,0,0,0,0,0,0,0,0,0,0,0,0,0,0,0,0,0,0,0,0,0,0,0,0,0,0,0,0,0,0,0,0,0,0,0,0,0,0,0,0,0,0,0,0,0,0,0,0,0,0,0,0,0,0,0,0,0,0,0,0,0,0,0,0,0,0,0,0,0,0,0,0,0,0,0,0,0,0,0,0,0,0,0,0,0,0,0,0,0,0,0,0,0,0,0,0,0,0,0,0,0,0,0,0,0,0,0,0,0,0,0,0,0,0,0,0,0,0,0,0,0,0,0,0,0,0,0,0,0,0,0,0,0,0,0,0,0,0,0,0,0,0,0,0,0,0,0,0,0,0,0,0,0,0,0,0,0,0,0,0,0,0,0,0,0,0,0,0,0,0,0,0,0,0,0,0,0,0,0,0,0,0,0,0,0,0,0,0,0,0,0,0,0,0,0,0,0,0,0,0,0,0,0,0,0,0,0,0,0,0,0,0,0,0,0,0,0,0,0,0,0,0,0,0,0,0,0,0,0,0,0,0,0,0,0,0,0,0,0,0,0,0,0,0,0,0,0,0,0,0,0,0,0,0,0,0,0,0,0,0,0,0,0,0,0,0,0,0,0,0,0,0,0,0,0,0,0,0,0,0,0,0,0,0,0,0,0,0,0,0,0,0,0,0,0,0,0,0,0,0,0,0,0,0,0,0,0,0,0,0,0,0,0,0,0,0,0,0,0,0,0,0
CounterOutlets1_AP,0,0,0,0,0,0,0,0,0,0,0,0,6.273,6.273,0,0,0,0,0,0,0,0,0,0,0,0,0,0,0,0,0,0,0,0,0,0,0,0,0,0,0,0,0,0,0,0,0,0,0,0,0,0,0,0,0,0,0,0,0,0,0,0,0,0,0,0,0,0,0,0,0,0,0,0,0,0,0,0,0,0,0,0,0,0,0,0,0,0,0,0,0,0,0,0,0,0,0,0,0,0,0,0,0,0,0,0,0,0,0,0,0,0,0,0,0,0,0,0,0,0,0,0,0,0,0,0,0,0,0,0,0,0,0,0,0,0,0,0,0,0,0,0,0,0,0,0,0,0,0,0,0,0,0,0,0,0,0,0,0,0,0,0,0,0,0,0,0,0,0,0,0,0,0,0,0,0,0,0,0,0,0,0,0,0,0,0,0,0,0,0,0,0,0,0,0,0,0,0,0,0,0,0,0,0,0,0,0,0,0,0,0,0,0,0,0,0,0,0,0,0,0,0,0,0,0,0,0,0,0,0,0,0,0,0,0,0,0,0,0,0,0,0,0,0,0,0,0,0,0,0,0,0,0,0,0,0,0,0,0,0,0,0,0,0,0,0,0,0,0,0,0,0,0,0,0,0,0,0,0,0,0,0,0,0,0,0,0,0,0,0,0,0,0,0,0,0,0,0,0,0,0,0,0,0,0,0,0,0,0,0,0,0,0,0,0,0,0,0,0,0,0,0,0,0,0,0,0,0,0,0,0,0,0,0,0,0,0,0,0,0,0,0,0,0,0,0,0,0,0,0,0,0,0,0,0,0,0,0,0,0,0,0,0,0,0,0,0,0,0,0,0,0,0,0,0,0,0,0,0,0,0,0,0,0,0,0,0,0,0,0,0,0,0,0,0,0,0,0,0,0,0,0,0,0,0,0,0,0,0,0,0,0,0,0,0,0,0,0,0,0,0,0,0,0,0,0,0,0,0,0,0,0,0,0,0,0,0,0,0,0,0,0,0,0,0,0,0,0,0,0,0,0,0,0,0,0,0,0,0,0,0,0,0,0,0,0,0,0,0,0,0,0,0,0,0,0,0,0,0,0,0,0,0,0,0,0,0,0,0,0,0,0,0,0,0,0,0,0,0,0,0,0,0,0,0,0,0,0,0,0,0,0,0,0,0,0,0,0,0,0,0,0,0,0,0,0,0,0,0,0,0,0,0,0,0,0,0,0,0,0,0,0,0,0,0,0,0,0,0,0,0,0,0,0,0,0,0,0,0,0,0,0,0,0,0,0,0,0,0,0,0,0,0,0,0,0,0,0,0,0,0,0,0,0,0,0,0,0,0,0,0,0,0,0,0,0,0,0,0,0,0,0,0,0,0,0,0,0,0,0,0,0,0,0,0,0,0,0,0,0,0,0,0,0,0,0,0,0,0,0,0,0,0,0,0,0,0,0,0,0,0,0,0,0,0,0,0,0,0,0,0,0,0,0,0,0,0,0,0,0,0,0,0,0,0,0,0,0,0,0,0,0,0,0,0,0,0,0,0,0,0,0,0,0,0,0,0,0,0,0,0,0,0,0,0,0,0,0,0,0,0,0,0,0,0,0,0,0,0,0,0,0,0,0,0,0,0,0,0,0,0,0,0,0,0,0,0,0,0,0,0,0,0,0,0,0,0,0,0,0,0,0,0,0,0,0,0,0,0,0,0,0,0,0,0,0,0,0,0,0,0,0,0,0,0,0,0,0,0,0,0,0,0,0,0,0,0,0,0,0,0,0,0,0,0,0,0,0,0,0,0,0,0,0,0,0,0,0,0,0,0,0,0,0,0,0,0,0,0,0,0,0,0,0,0,0,0,0,0,0,0,0,0,0,0,0,0,0,0,0,0,0,0,0,0,0,0,0,0,0,0,0,0,0,0,0,0,0,0,0,0,0,0,0,0,0,0,0,0,0,0,0,0,0,0,0,0,0,0,0,0,0,0,0,0,0,0,0,0,0,0,0,0,0,0,0,0,0,0,0,0,0,0,0,0,0,0,0,0,0,0,0,0,0,0,0,0,0,0,0,0,0,0,0,0,0,0,0,0,0,0,0,0,0,0,0,0,0,0,0,0,0,0,0,0,0,0,0,0,0,0,0,0,0,0,0,0,0,0,0,0,0,0,0,0,0,0,0,0,0
CounterOutlets2_AP,0,0,0,0,0,0,0,0,0,0,0,0,13.194,13.194,0,0,0,0,0,0,0,0,0,0,0,0,0,0,0,0,0,0,0,0,0,0,0,0,0,0,0,0,0,0,0,0,0,0,0,0,0,0,0,0,0,0,0,0,0,0,0,0,0,0,0,0,0,0,0,0,0,0,0,0,0,0,0,0,0,0,0,0,0,0,0,0,0,0,0,0,0,0,0,0,0,0,0,0,0,0,0,0,0,0,0,0,0,0,0,0,0,0,0,0,0,0,0,0,0,0,0,0,0,0,0,0,0,0,0,0,0,0,0,0,0,0,0,0,0,0,0,0,0,0,0,0,0,0,0,0,0,0,0,0,0,0,0,0,0,0,0,0,0,0,0,0,0,0,0,0,0,0,0,0,0,0,0,0,0,0,0,0,0,0,0,0,0,0,0,0,0,0,0,0,0,0,0,0,0,0,0,0,0,0,0,0,0,0,0,0,0,0,0,0,0,0,0,0,0,0,0,0,0,0,0,0,0,0,0,0,0,0,0,0,0,0,0,0,0,0,0,0,0,0,0,0,0,0,0,0,0,0,0,0,0,0,0,0,0,0,0,0,0,0,0,0,0,0,0,0,0,0,0,0,0,0,0,0,0,0,0,0,0,0,0,0,0,0,0,0,0,0,0,0,0,0,0,0,0,0,0,0,0,0,0,0,0,0,0,0,0,0,0,0,0,0,0,0,0,0,0,0,0,0,0,0,0,0,0,0,0,0,0,0,0,0,0,0,0,0,0,0,0,0,0,0,0,0,0,0,0,0,0,0,0,0,0,0,0,0,0,0,0,0,0,0,0,0,0,0,0,0,0,0,0,0,0,0,0,0,0,0,0,0,0,0,0,0,0,0,0,0,0,0,0,0,0,0,0,0,0,0,0,0,0,0,0,0,0,0,0,0,0,0,0,0,0,0,0,0,0,0,0,0,0,0,0,0,0,0,0,0,0,0,0,0,0,0,0,0,0,0,0,0,0,0,0,0,0,0,0,0,0,0,0,0,0,0,0,0,0,0,0,0,0,0,0,0,0,0,0,0,0,0,0,0,0,0,0,0,0,0,0,0,0,0,0,0,0,0,0,0,0,0,0,0,0,0,0,0,0,0,0,0,0,0,0,0,0,0,0,0,0,0,0,0,0,0,0,0,0,0,0,0,0,0,0,0,0,0,0,0,0,0,0,0,0,0,0,0,0,0,0,0,0,0,0,0,0,0,0,0,0,0,0,0,0,0,0,0,0,0,0,0,0,0,0,0,0,0,0,0,0,0,0,0,0,0,0,0,0,0,0,0,0,0,0,0,0,0,0,0,0,0,0,0,0,0,0,0,0,0,0,0,0,0,0,0,0,0,0,0,0,0,0,0,0,0,0,0,0,0,0,0,0,0,0,0,0,0,0,0,0,0,0,0,0,0,0,0,0,0,0,0,0,0,0,0,0,0,0,0,0,0,0,0,0,0,0,0,0,0,0,0,0,0,0,0,0,0,0,0,0,0,0,0,0,0,0,0,0,0,0,0,0,0,0,0,0,0,0,0,0,0,0,0,0,0,0,0,0,0,0,0,0,0,0,0,0,0,0,0,0,0,0,0,0,0,0,0,0,0,0,0,0,0,0,0,0,0,0,0,0,0,0,0,0,0,0,0,0,0,0,0,0,0,0,0,0,0,0,0,0,0,0,0,0,0,0,0,0,0,0,0,0,0,0,0,0,0,0,0,0,0,0,0,0,0,0,0,0,0,0,0,0,0,0,0,0,0,0,0,0,0,0,0,0,0,0,0,0,0,0,0,0,0,0,0,0,0,0,0,0,0,0,0,0,0,0,0,0,0,0,0,0,0,0,0,0,0,0,0,0,0,0,0,0,0,0,0,0,0,0,0,0,0,0,0,0,0,0,0,0,0,0,0,0,0,0,0,0,0,0,0,0,0,0,0,0,0,0,0,0,0,0,0,0,0,0,0,0,0,0,0,0,0,0,0,0,0,0,0,0,0,0,0,0,0,0,0,0,0,0,0,0,0,0,0,0,0,0,0,0,0,0,0,0,0,0,0,0,0,0,0,0,0,0,0,0,0,0,0,0,0,0,0,0,0,0,0,0,0,0,0,0,0,0,0,0,0,0,0,0,0,0,0,0,0,0,0
KitchenOutlets_AP,0,0,0,0,0,0,0,0,0,0,0,0,7.314,7.314,0,0,0,0,0,0,0,0,0,0,0,0,0,0,0,0,0,0,0,0,0,0,0,0,0,0,0,0,0,0,0,0,0,0,0,0,0,0,0,0,0,0,0,0,0,0,0,0,0,0,0,0,0,0,0,0,0,0,0,0,0,0,0,0,0,0,0,0,0,0,0,0,0,0,0,0,0,0,0,0,0,0,0,0,0,0,0,0,0,0,0,0,0,0,0,0,0,0,0,0,0,0,0,0,0,0,0,0,0,0,0,0,0,0,0,0,0,0,0,0,0,0,0,0,0,0,0,0,0,0,0,0,0,0,0,0,0,0,0,0,0,0,0,0,0,0,0,0,0,0,0,0,0,0,0,0,0,0,0,0,0,0,0,0,0,0,0,0,0,0,0,0,0,0,0,0,0,0,0,0,0,0,0,0,0,0,0,0,0,0,0,0,0,0,0,0,0,0,0,0,0,0,0,0,0,0,0,0,0,0,0,0,0,0,0,0,0,0,0,0,0,0,0,0,0,0,0,0,0,0,0,0,0,0,0,0,0,0,0,0,0,0,0,0,0,0,0,0,0,0,0,0,0,0,0,0,0,0,0,0,0,0,0,0,0,0,0,0,0,0,0,0,0,0,0,0,0,0,0,0,0,0,0,0,0,0,0,0,0,0,0,0,0,0,0,0,0,0,0,0,0,0,0,0,0,0,0,0,0,0,0,0,0,0,0,0,0,0,0,0,0,0,0,0,0,0,0,0,0,0,0,0,0,0,0,0,0,0,0,0,0,0,0,0,0,0,0,0,0,0,0,0,0,0,0,0,0,0,0,0,0,0,0,0,0,0,0,0,0,0,0,0,0,0,0,0,0,0,0,0,0,0,0,0,0,7.294,7.294,0,0,0,0,0,0,0,0,0,0,0,0,0,0,0,0,0,0,0,0,0,0,0,0,0,0,0,0,0,0,0,0,0,0,0,0,0,0,0,0,0,0,0,0,0,0,0,0,0,0,0,0,0,0,0,0,0,0,0,0,0,0,0,0,0,0,0,0,0,0,0,0,0,0,0,0,0,0,0,0,0,0,0,0,0,0,0,0,0,0,0,0,0,0,0,0,0,0,0,0,0,0,0,0,0,0,0,0,0,0,0,0,0,0,0,0,0,0,0,0,0,0,0,0,0,0,0,0,0,0,0,0,0,0,0,0,0,0,8.431,8.431,0,0,0,0,0,0,0,0,0,0,0,0,0,0,0,0,0,0,0,0,0,0,0,0,0,0,0,0,0,0,0,0,0,0,0,0,0,0,0,0,0,0,0,0,0,0,0,0,0,0,0,0,0,0,0,0,0,0,0,0,0,0,0,0,0,0,0,0,0,7.321,7.321,0,0,0,0,0,0,0,0,0,0,0,0,0,0,0,0,0,0,0,0,0,0,0,0,0,0,0,0,0,0,0,0,0,0,0,0,7.315,7.315,0,0,0,0,0,0,0,0,0,0,0,0,0,0,0,0,0,0,0,0,0,0,7.341,7.341,0,0,0,0,0,0,0,0,0,0,0,0,0,0,0,0,0,0,8.51,8.51,0,0,0,0,0,0,0,0,0,0,0,0,0,0,0,0,0,0,0,0,0,0,0,0,0,0,0,0,0,0,0,0,0,0,0,0,0,0,0,0,0,0,0,0,0,0,0,0,0,0,0,0,0,0,0,0,0,0,0,0,0,0,0,0,0,0,0,0,0,0,0,0,0,0,0,0,0,0,0,0,0,0,0,0,0,0,0,0,0,0,0,0,0,0,0,0,0,0,0,0,0,0,0,0,0,0,0,0,0,0,0,0,0,0,0,0,0,0,0,0,0,0,0,0,0,0,0,0,0,0,0,0,0,0,0,0,0,0,0,0,0,0,0,0,0,0,0,0,0,0,0,0,0,0,0,0,0,0,0,0,0,0,0,0,0,0,0,0,0,0,0,0,0,0,0,0,0,0,0,0,0,0,0,0,0,0,0,0,0,0,0,0,0,0,0,0,0,0,0,0,0,0,0,0,0,0,0,0,0,0,0,0,0,0,0,0,0,0,0,0,0,0,0,0,0,0,0,0,0,0,0,0,0,0,0,0,0,0,0,0,0,0,0,0,0,0,0,0,0,0,0,0,0,0,0,0,0,0,0,0,0,0,0,0,0,0
