Var1,Var2,Var3,Var4,Var5,Var6,Var7,Var8,Var9,Var10,Var11,Var12,Var13,Var14,Var15,Var16,Var17,Var18,Var19,Var20,Var21,Var22,Var23,Var24,Var25,Var26,Var27,Var28,Var29,Var30,Var31,Var32,Var33,Var34,Var35,Var36,Var37,Var38,Var39,Var40,Var41,Var42,Var43,Var44,Var45,Var46,Var47,Var48,Var49,Var50,Var51,Var52,Var53,Var54,Var55,Var56,Var57,Var58,Var59,Var60,Var61,Var62,Var63,Var64,Var65,Var66,Var67,Var68,Var69,Var70,Var71,Var72,Var73,Var74,Var75,Var76,Var77,Var78,Var79,Var80,Var81,Var82,Var83,Var84,Var85,Var86,Var87,Var88,Var89,Var90,Var91,Var92,Var93,Var94,Var95,Var96,Var97,Var98,Var99,Var100,Var101,Var102,Var103,Var104,Var105,Var106,Var107,Var108,Var109,Var110,Var111,Var112,Var113,Var114,Var115,Var116,Var117,Var118,Var119,Var120,Var121,Var122,Var123,Var124,Var125,Var126,Var127,Var128,Var129,Var130,Var131,Var132,Var133,Var134,Var135,Var136,Var137,Var138,Var139,Var140,Var141,Var142,Var143,Var144,Var145,Var146,Var147,Var148,Var149,Var150,Var151,Var152,Var153,Var154,Var155,Var156,Var157,Var158,Var159,Var160,Var161,Var162,Var163,Var164,Var165,Var166,Var167,Var168,Var169,Var170,Var171,Var172,Var173,Var174,Var175,Var176,Var177,Var178,Var179,Var180,Var181,Var182,Var183,Var184,Var185,Var186,Var187,Var188,Var189,Var190,Var191,Var192,Var193,Var194,Var195,Var196,Var197,Var198,Var199,Var200,Var201,Var202,Var203,Var204,Var205,Var206,Var207,Var208,Var209,Var210,Var211,Var212,Var213,Var214,Var215,Var216,Var217,Var218,Var219,Var220,Var221,Var222,Var223,Var224,Var225,Var226,Var227,Var228,Var229,Var230,Var231,Var232,Var233,Var234,Var235,Var236,Var237,Var238,Var239,Var240,Var241,Var242,Var243,Var244,Var245,Var246,Var247,Var248,Var249,Var250,Var251,Var252,Var253,Var254,Var255,Var256,Var257,Var258,Var259,Var260,Var261,Var262,Var263,Var264,Var265,Var266,Var267,Var268,Var269,Var270,Var271,Var272,Var273,Var274,Var275,Var276,Var277,Var278,Var279,Var280,Var281,Var282,Var283,Var284,Var285,Var286,Var287,Var288,Var289,Var290,Var291,Var292,Var293,Var294,Var295,Var296,Var297,Var298,Var299,Var300,Var301,Var302,Var303,Var304,Var305,Var306,Var307,Var308,Var309,Var310,Var311,Var312,Var313,Var314,Var315,Var316,Var317,Var318,Var319,Var320,Var321,Var322,Var323,Var324,Var325,Var326,Var327,Var328,Var329,Var330,Var331,Var332,Var333,Var334,Var335,Var336,Var337,Var338,Var339,Var340,Var341,Var342,Var343,Var344,Var345,Var346,Var347,Var348,Var349,Var350,Var351,Var352,Var353,Var354,Var355,Var356,Var357,Var358,Var359,Var360,Var361,Var362,Var363,Var364,Var365,Var366,Var367,Var368,Var369,Var370,Var371,Var372,Var373,Var374,Var375,Var376,Var377,Var378,Var379,Var380,Var381,Var382,Var383,Var384,Var385,Var386,Var387,Var388,Var389,Var390,Var391,Var392,Var393,Var394,Var395,Var396,Var397,Var398,Var399,Var400,Var401,Var402,Var403,Var404,Var405,Var406,Var407,Var408,Var409,Var410,Var411,Var412,Var413,Var414,Var415,Var416,Var417,Var418,Var419,Var420,Var421,Var422,Var423,Var424,Var425,Var426,Var427,Var428,Var429,Var430,Var431,Var432,Var433,Var434,Var435,Var436,Var437,Var438,Var439,Var440,Var441,Var442,Var443,Var444,Var445,Var446,Var447,Var448,Var449,Var450,Var451,Var452,Var453,Var454,Var455,Var456,Var457,Var458,Var459,Var460,Var461,Var462,Var463,Var464,Var465,Var466,Var467,Var468,Var469,Var470,Var471,Var472,Var473,Var474,Var475,Var476,Var477,Var478,Var479,Var480,Var481,Var482,Var483,Var484,Var485,Var486,Var487,Var488,Var489,Var490,Var491,Var492,Var493,Var494,Var495,Var496,Var497,Var498,Var499,Var500,Var501,Var502,Var503,Var504,Var505,Var506,Var507,Var508,Var509,Var510,Var511,Var512,Var513,Var514,Var515,Var516,Var517,Var518,Var519,Var520,Var521,Var522,Var523,Var524,Var525,Var526,Var527,Var528,Var529,Var530,Var531,Var532,Var533,Var534,Var535,Var536,Var537,Var538,Var539,Var540,Var541,Var542,Var543,Var544,Var545,Var546,Var547,Var548,Var549,Var550,Var551,Var552,Var553,Var554,Var555,Var556,Var557,Var558,Var559,Var560,Var561,Var562,Var563,Var564,Var565,Var566,Var567,Var568,Var569,Var570,Var571,Var572,Var573,Var574,Var575,Var576,Var577,Var578,Var579,Var580,Var581,Var582,Var583,Var584,Var585,Var586,Var587,Var588,Var589,Var590,Var591,Var592,Var593,Var594,Var595,Var596,Var597,Var598,Var599,Var600,Var601,Var602,Var603,Var604,Var605,Var606,Var607,Var608,Var609,Var610,Var611,Var612,Var613,Var614,Var615,Var616,Var617,Var618,Var619,Var620,Var621,Var622,Var623,Var624,Var625,Var626,Var627,Var628,Var629,Var630,Var631,Var632,Var633,Var634,Var635,Var636,Var637,Var638,Var639,Var640,Var641,Var642,Var643,Var644,Var645,Var646,Var647,Var648,Var649,Var650,Var651,Var652,Var653,Var654,Var655,Var656,Var657,Var658,Var659,Var660,Var661,Var662,Var663,Var664,Var665,Var666,Var667,Var668,Var669,Var670,Var671,Var672,Var673,Var674,Var675,Var676,Var677,Var678,Var679,Var680,Var681,Var682,Var683,Var684,Var685,Var686,Var687,Var688,Var689,Var690,Var691,Var692,Var693,Var694,Var695,Var696,Var697,Var698,Var699,Var700,Var701,Var702,Var703,Var704,Var705,Var706,Var707,Var708,Var709,Var710,Var711,Var712,Var713,Var714,Var715,Var716,Var717,Var718,Var719,Var720,Var721,Var722,Var723,Var724,Var725,Var726,Var727,Var728,Var729,Var730,Var731,Var732,Var733,Var734,Var735,Var736,Var737,Var738,Var739,Var740,Var741,Var742,Var743,Var744,Var745,Var746,Var747,Var748,Var749,Var750,Var751,Var752,Var753,Var754,Var755,Var756,Var757,Var758,Var759,Var760,Var761,Var762,Var763,Var764,Var765,Var766,Var767,Var768,Var769,Var770,Var771,Var772,Var773,Var774,Var775,Var776,Var777,Var778,Var779,Var780,Var781,Var782,Var783,Var784,Var785,Var786,Var787,Var788,Var789,Var790,Var791,Var792,Var793,Var794,Var795,Var796,Var797,Var798,Var799,Var800,Var801,Var802,Var803,Var804,Var805,Var806,Var807,Var808,Var809,Var810,Var811,Var812,Var813,Var814,Var815,Var816,Var817,Var818,Var819,Var820,Var821,Var822,Var823,Var824,Var825,Var826,Var827,Var828,Var829,Var830,Var831,Var832,Var833,Var834,Var835,Var836,Var837,Var838,Var839,Var840,Var841,Var842,Var843,Var844,Var845,Var846,Var847,Var848,Var849,Var850,Var851,Var852,Var853,Var854,Var855,Var856,Var857,Var858,Var859,Var860,Var861,Var862,Var863,Var864,Var865,Var866,Var867,Var868,Var869,Var870,Var871,Var872,Var873,Var874,Var875,Var876,Var877,Var878,Var879,Var880,Var881,Var882,Var883,Var884,Var885,Var886,Var887,Var888,Var889,Var890,Var891,Var892,Var893,Var894,Var895,Var896,Var897,Var898,Var899,Var900,Var901,Var902,Var903,Var904,Var905,Var906,Var907,Var908,Var909,Var910,Var911,Var912,Var913,Var914,Var915,Var916,Var917,Var918,Var919,Var920,Var921,Var922,Var923,Var924,Var925,Var926,Var927,Var928,Var929,Var930,Var931,Var932,Var933,Var934,Var935,Var936,Var937,Var938,Var939,Var940,Var941,Var942,Var943,Var944,Var945,Var946,Var947,Var948,Var949,Var950,Var951,Var952,Var953,Var954,Var955,Var956,Var957,Var958,Var959,Var960,Var961
Time,0,0.025,0.05,0.075,0.1,0.125,0.15,0.175,0.2,0.225,0.25,0.275,0.3,0.325,0.35,0.375,0.4,0.425,0.45,0.475,0.5,0.525,0.55,0.575,0.6,0.625,0.65,0.675,0.7,0.725,0.75,0.775,0.8,0.825,0.85,0.875,0.9,0.925,0.95,0.975,1,1.025,1.05,1.075,1.1,1.125,1.15,1.175,1.2,1.225,1.25,1.275,1.3,1.325,1.35,1.375,1.4,1.425,1.45,1.475,1.5,1.525,1.55,1.575,1.6,1.625,1.65,1.675,1.7,1.725,1.75,1.775,1.8,1.825,1.85,1.875,1.9,1.925,1.95,1.975,2,2.025,2.05,2.075,2.1,2.125,2.15,2.175,2.2,2.225,2.25,2.275,2.3,2.325,2.35,2.375,2.4,2.425,2.45,2.475,2.5,2.525,2.55,2.575,2.6,2.625,2.65,2.675,2.7,2.725,2.75,2.775,2.8,2.825,2.85,2.875,2.9,2.925,2.95,2.975,3,3.025,3.05,3.075,3.1,3.125,3.15,3.175,3.2,3.225,3.25,3.275,3.3,3.325,3.35,3.375,3.4,3.425,3.45,3.475,3.5,3.525,3.55,3.575,3.6,3.625,3.65,3.675,3.7,3.725,3.75,3.775,3.8,3.825,3.85,3.875,3.9,3.925,3.95,3.975,4,4.025,4.05,4.075,4.1,4.125,4.15,4.175,4.2,4.225,4.25,4.275,4.3,4.325,4.35,4.375,4.4,4.425,4.45,4.475,4.5,4.525,4.55,4.575,4.6,4.625,4.65,4.675,4.7,4.725,4.75,4.775,4.8,4.825,4.85,4.875,4.9,4.925,4.95,4.975,5,5.025,5.05,5.075,5.1,5.125,5.15,5.175,5.2,5.225,5.25,5.275,5.3,5.325,5.35,5.375,5.4,5.425,5.45,5.475,5.5,5.525,5.55,5.575,5.6,5.625,5.65,5.675,5.7,5.725,5.75,5.775,5.8,5.825,5.85,5.875,5.9,5.925,5.95,5.975,6,6.025,6.05,6.075,6.1,6.125,6.15,6.175,6.2,6.225,6.25,6.275,6.3,6.325,6.35,6.375,6.4,6.425,6.45,6.475,6.5,6.525,6.55,6.575,6.6,6.625,6.65,6.675,6.7,6.725,6.75,6.775,6.8,6.825,6.85,6.875,6.9,6.925,6.95,6.975,7,7.025,7.05,7.075,7.1,7.125,7.15,7.175,7.2,7.225,7.25,7.275,7.3,7.325,7.35,7.375,7.4,7.425,7.45,7.475,7.5,7.525,7.55,7.575,7.6,7.625,7.65,7.675,7.7,7.725,7.75,7.775,7.8,7.825,7.85,7.875,7.9,7.925,7.95,7.975,8,8.025,8.05,8.075,8.1,8.125,8.15,8.175,8.2,8.225,8.25,8.275,8.3,8.325,8.35,8.375,8.4,8.425,8.45,8.475,8.5,8.525,8.55,8.575,8.6,8.625,8.65,8.675,8.7,8.725,8.75,8.775,8.8,8.825,8.85,8.875,8.9,8.925,8.95,8.975,9,9.025,9.05,9.075,9.1,9.125,9.15,9.175,9.2,9.225,9.25,9.275,9.3,9.325,9.35,9.375,9.4,9.425,9.45,9.475,9.5,9.525,9.55,9.575,9.6,9.625,9.65,9.675,9.7,9.725,9.75,9.775,9.8,9.825,9.85,9.875,9.9,9.925,9.95,9.975,10,10.025,10.05,10.075,10.1,10.125,10.15,10.175,10.2,10.225,10.25,10.275,10.3,10.325,10.35,10.375,10.4,10.425,10.45,10.475,10.5,10.525,10.55,10.575,10.6,10.625,10.65,10.675,10.7,10.725,10.75,10.775,10.8,10.825,10.85,10.875,10.9,10.925,10.95,10.975,11,11.025,11.05,11.075,11.1,11.125,11.15,11.175,11.2,11.225,11.25,11.275,11.3,11.325,11.35,11.375,11.4,11.425,11.45,11.475,11.5,11.525,11.55,11.575,11.6,11.625,11.65,11.675,11.7,11.725,11.75,11.775,11.8,11.825,11.85,11.875,11.9,11.925,11.95,11.975,12,12.025,12.05,12.075,12.1,12.125,12.15,12.175,12.2,12.225,12.25,12.275,12.3,12.325,12.35,12.375,12.4,12.425,12.45,12.475,12.5,12.525,12.55,12.575,12.6,12.625,12.65,12.675,12.7,12.725,12.75,12.775,12.8,12.825,12.85,12.875,12.9,12.925,12.95,12.975,13,13.025,13.05,13.075,13.1,13.125,13.15,13.175,13.2,13.225,13.25,13.275,13.3,13.325,13.35,13.375,13.4,13.425,13.45,13.475,13.5,13.525,13.55,13.575,13.6,13.625,13.65,13.675,13.7,13.725,13.75,13.775,13.8,13.825,13.85,13.875,13.9,13.925,13.95,13.975,14,14.025,14.05,14.075,14.1,14.125,14.15,14.175,14.2,14.225,14.25,14.275,14.3,14.325,14.35,14.375,14.4,14.425,14.45,14.475,14.5,14.525,14.55,14.575,14.6,14.625,14.65,14.675,14.7,14.725,14.75,14.775,14.8,14.825,14.85,14.875,14.9,14.925,14.95,14.975,15,15.025,15.05,15.075,15.1,15.125,15.15,15.175,15.2,15.225,15.25,15.275,15.3,15.325,15.35,15.375,15.4,15.425,15.45,15.475,15.5,15.525,15.55,15.575,15.6,15.625,15.65,15.675,15.7,15.725,15.75,15.775,15.8,15.825,15.85,15.875,15.9,15.925,15.95,15.975,16,16.025,16.05,16.075,16.1,16.125,16.15,16.175,16.2,16.225,16.25,16.275,16.3,16.325,16.35,16.375,16.4,16.425,16.45,16.475,16.5,16.525,16.55,16.575,16.6,16.625,16.65,16.675,16.7,16.725,16.75,16.775,16.8,16.825,16.85,16.875,16.9,16.925,16.95,16.975,17,17.025,17.05,17.075,17.1,17.125,17.15,17.175,17.2,17.225,17.25,17.275,17.3,17.325,17.35,17.375,17.4,17.425,17.45,17.475,17.5,17.525,17.55,17.575,17.6,17.625,17.65,17.675,17.7,17.725,17.75,17.775,17.8,17.825,17.85,17.875,17.9,17.925,17.95,17.975,18,18.025,18.05,18.075,18.1,18.125,18.15,18.175,18.2,18.225,18.25,18.275,18.3,18.325,18.35,18.375,18.4,18.425,18.45,18.475,18.5,18.525,18.55,18.575,18.6,18.625,18.65,18.675,18.7,18.725,18.75,18.775,18.8,18.825,18.85,18.875,18.9,18.925,18.95,18.975,19,19.025,19.05,19.075,19.1,19.125,19.15,19.175,19.2,19.225,19.25,19.275,19.3,19.325,19.35,19.375,19.4,19.425,19.45,19.475,19.5,19.525,19.55,19.575,19.6,19.625,19.65,19.675,19.7,19.725,19.75,19.775,19.8,19.825,19.85,19.875,19.9,19.925,19.95,19.975,20,20.025,20.05,20.075,20.1,20.125,20.15,20.175,20.2,20.225,20.25,20.275,20.3,20.325,20.35,20.375,20.4,20.425,20.45,20.475,20.5,20.525,20.55,20.575,20.6,20.625,20.65,20.675,20.7,20.725,20.75,20.775,20.8,20.825,20.85,20.875,20.9,20.925,20.95,20.975,21,21.025,21.05,21.075,21.1,21.125,21.15,21.175,21.2,21.225,21.25,21.275,21.3,21.325,21.35,21.375,21.4,21.425,21.45,21.475,21.5,21.525,21.55,21.575,21.6,21.625,21.65,21.675,21.7,21.725,21.75,21.775,21.8,21.825,21.85,21.875,21.9,21.925,21.95,21.975,22,22.025,22.05,22.075,22.1,22.125,22.15,22.175,22.2,22.225,22.25,22.275,22.3,22.325,22.35,22.375,22.4,22.425,22.45,22.475,22.5,22.525,22.55,22.575,22.6,22.625,22.65,22.675,22.7,22.725,22.75,22.775,22.8,22.825,22.85,22.875,22.9,22.925,22.95,22.975,23,23.025,23.05,23.075,23.1,23.125,23.15,23.175,23.2,23.225,23.25,23.275,23.3,23.325,23.35,23.375,23.4,23.425,23.45,23.475,23.5,23.525,23.55,23.575,23.6,23.625,23.65,23.675,23.7,23.725,23.75,23.775,23.8,23.825,23.85,23.875,23.9,23.925,23.95,23.975
Grid_Re,888.057,1421.905,1807.414,1296.34,1154.758,1547.627,685.098,686.574,686.069,683.818,684.935,1572.122,1565.629,1767.187,1471.728,1825.303,1408.422,1534.378,1476.14,1476.15,1457.489,1676.312,1270.113,947.807,679.527,679.102,341.31,347.042,672.643,679.685,681.755,691.519,724.011,678.541,337.4,399.524,709.52,671.168,675.002,733.016,797.66,836.692,487.899,447.965,834.516,779.55,834.893,785.261,883.338,785.58,818.523,1330.167,1816.27,1111.773,1814.286,1344.841,1370.448,935.452,1827.266,917.271,1105.442,1818.216,1415.029,984.954,1565.218,785.383,786.76,446.7,459.756,770.027,765.545,773.784,890.563,887.121,888.93,952.442,612.923,1114.025,1091.963,1150.49,1092.717,1146.021,1172.449,1099.568,741.555,711.413,1123.315,1053.93,957.299,684.427,721.815,715.277,1399.817,946.532,1739.491,1026.881,1713.158,745.49,1725.715,1062.214,1040.025,1185.748,805.245,1398.581,1671.671,1283.223,411.941,408.185,802.765,811.042,828.609,468.216,384.614,1023.857,2621.708,2639.179,679.985,1609.196,1161.051,2628.238,2219.986,770.734,1263.248,1117.43,1174.823,737.423,805.678,1117.097,1145.188,766.632,728.182,1107.426,1116.001,1768.312,1740.262,1760.852,2098.585,1748.775,2140.869,1280.75,1728.328,1719.203,1738.187,2254.134,1751.395,1115.94,1919.274,1220.185,837.07,905.049,879.195,772.554,827.038,406.321,793.05,798.118,773.491,423.007,720.901,663.928,666.629,333.488,686.722,711.464,768.783,668.964,712.578,670.093,325.452,273.953,738.538,662.776,711.042,671.409,1694.519,1469.66,1775.913,856.687,1352.067,1297.662,1902.181,1262.148,1821.191,1529.111,1580.925,1213.447,1500.607,1203.576,878.8,880.239,880.91,928.116,814.696,770.578,430.848,767.357,772.294,786.099,772.256,766.852,808.206,765.5,427.437,532.307,758.214,800.068,804.846,768.802,844.396,795.388,482.102,439.376,811.27,771.818,825.95,1523.822,1739.423,1638.062,1174.642,1170.532,1211.202,1613.614,1474.927,1297.89,1794.874,1342.699,942.845,1139.206,1453.637,657.1,663.286,665.649,665.369,700.54,667.509,349.643,329.413,655.673,694.658,707.002,666.126,710.217,716.848,554.398,576.543,938.042,878.852,943.979,1211.858,1234.727,1196.124,1240.092,857.259,817.286,753.218,817.032,1708.021,1775.927,1325.145,1688.683,982.167,1323.19,1099.481,1778.89,1412.809,1398.922,1559.801,1412.658,1195.225,1414.565,782.99,778.05,781.655,783.197,867.916,851.484,782.099,442.848,785.692,766.428,865.543,774.267,808.386,826.379,773.957,488.031,480,762.547,802.951,769.729,816.861,817.155,824.524,435.385,494.527,765.121,817.148,1392.6,1251.726,1428.955,1429.284,1701.288,1201.188,1417.208,1613.93,1435.212,1720.753,1353.396,918.108,1677.052,1395.513,704.577,765.579,808.523,779.187,822.941,882.04,779.082,463.208,435.056,757.726,832.18,763.435,789.152,799.397,775.545,961.055,539.166,906.614,915.388,906.178,956.688,880.206,906.913,878.716,606.501,437.523,791.03,1524.577,1555.03,1650.825,1138.167,1761.787,769.21,1277.593,1253.852,1131.006,1684.209,1062.632,1171.419,1689.756,1161.439,330.078,661.422,662.171,709.463,737.95,790.671,670.54,669.647,344.328,689.926,773.184,779.966,831.255,824.026,779.576,821.055,436.894,482.277,780.95,767.816,996.245,901.664,888.521,888.891,548.179,549.151,911.279,1551.911,1327.742,1722.873,1114.932,1781.315,1492.314,1094.745,1123.07,1347.653,1799.303,1249.488,1213.558,1798.82,1389.885,431.212,432.577,756.32,799.68,921.061,887.823,886.263,883.517,520.136,502.699,771.179,773.583,854.349,777.404,778.573,839.372,777.018,486.043,777.573,834.573,830.876,770.43,702.176,669.361,714.973,328.511,1414.998,1559.387,1070.911,1691.768,1403.129,1697.402,1030.681,1375.295,907.672,1537.534,1641.72,1702.29,1408.761,1808.818,1506.769,779.862,438.35,775.141,783.595,779.32,946.149,1054.335,1124.809,1114.702,798.209,546.794,875.604,920.045,882.896,962.362,778.327,775.902,798.222,429.381,723.723,759.267,846.677,775.203,836.794,772.637,787.452,1456.457,1445.051,970.384,1508.798,1230.69,1502.03,1107.73,1833.937,1128.878,1308.853,1338.964,1111.517,1432.167,1792.973,924.215,776.067,775.412,433.217,851.904,831.887,768.431,770.267,773.937,939.002,716.668,669.376,343.908,326.98,656.776,697.628,717.234,668.095,668.116,668.618,413.763,325.845,658.213,658.715,662.875,666.397,849.359,2040.967,2190.194,1223.639,1933.751,1802.902,2005.661,1785.632,2438.756,1633.087,1937.792,2233.815,1600.763,1805.379,2486.904,1282.959,1581.063,1475.055,1479.894,1372.136,1385.082,1408.972,1388.437,1388.44,1512.37,1391.737,1408.407,1394.372,1391.933,1487.554,1381.921,1396.045,1458.079,1388.502,1342.183,1306.974,1455.855,1429.48,1411.222,1463.381,1413.753,1458.269,2150.652,2409.856,1850.259,2415.199,1698.843,2397.655,1802.502,2174.572,2399.087,1771.855,2255.48,2575.192,1811.826,2051.115,1447.253,1296.688,1299.605,1301.304,1301.368,1301.001,1300.062,1389.791,1371.644,1309.076,1308.361,1351.778,1406.951,1305.249,1303.326,1481.229,1424.036,1529.837,1518.287,1421.141,1040.205,1107.455,1032.675,1070.319,1414.848,1809.443,1902.881,2683.203,2106.127,2476.455,2123.713,2562.75,2108.777,2671.384,1566.063,1802.119,1831.529,1168.787,1638.212,2060.397,1356.491,1265.488,1212.833,1088.29,1068.006,1059.575,1053.611,1049.952,1188.581,1116.106,1163.498,1096.565,1097.732,1198.886,1095.459,1093.863,1119.739,1104.298,1260.403,1306.978,1225.793,1195.152,1239.992,1192.024,1242.685,1188.697,1187.94,1223.211,1976.263,1996.665,1610.938,1902.307,1688.635,1879.847,1202.105,2176.954,1487.112,1582.483,2187.79,1562.377,1243.8,1859.653,1068.399,1065.851,1068.645,1069.659,1071.903,1071.426,1073.324,1122.006,1069.406,1068.383,970.419,603.119,566.926,567.659,1140.224,1099.438,1076.396,1147.632,1105.218,1155.541,1087.147,1078.61,1097.141,422.04,895.413,815.081,864.181,1557.017,1618.186,1424.611,1874.221,1354.598,1820.957,1227.683,1424.859,1668.46,1599.223,1531.84,1740.28,1326.366,1288.446,870.525,869.721,870.624,865.986,792.179,803.379,853.393,1043.517,918.316,902.565,900.883,901.601,973.879,907.816,905.49,902.15,916.529,894.669,946.903,895.392,897.633,1012.944,900.932,475.949,382.851,693.312,680.526,1391.952,1308.537,1435.099,1390.388,1308.794,1597.079,1077.692,1647.803,1045.268,1112.572,1671.698,1265.015,839.506,1439.28,796.957,793.784,792.946,407.178,388.944,780.881,819.884,788.722,840.418,788.239,788.839,815.986,822.778,789.108,797.872,727.029,684.333,710.858,829.443,794.015,823.349,795.511,794.697,795.38,795.781,850.93,795.534,1831.229,1105.664,1755.554,1162.922,1893.21,1371.63,1849.847,1357.753,1386.824,1804.854,1049.015,1346.207,1842.549,1689.613,891.661,896.225,901.119,923.744,891.534,755.9,684.585,684.545,684.018,685.503,719.124,719.444,683.104,717.953,683.396,681.401,725.863,682.498,680.36,718.133,802.661,842.868,795.754,795.258,846.053,794.253,996.199,1668.563,1843.613,1541.889,1610.397,1593.885,1576.429,1209.76,1822.378,1077.808,1154.659,1626.089,1185.402,718.03,1483.472,683.105,683.019,684.096,789.85,794.967,822.436,828.769,856.525,391.563,390.788,391.129,943.226,948.737,898.562,947.974,947.377,893.411,910.696,950.83,898.487,966.552,491.727,530.811,895.82,894.672,920.978,894.067,1736.863,1358.819,1623.766,1060.643,1790.235,1022.181,1735.005,1196.241,1444.156,1693.694,1108.098,1026.113,1532.716,1372.46,689.734,689.434,804.22,832.829,825.232,813.355,814.592,795.249,794.492,838.764,847.107,824.395,792.693,820.085,864.849,793.23,835.94,458.663,281.049,731.298,758.125,682.023,693.17,685.245,739.333,684.981,832.251,1312.36,1726.724,1107.084,1834.628,1154.915,1752.218,1298.257,1428.961,1743.393,1430.556,1424.823,1932.165,1327.992,1466.761,897.06,896.882,903.42,933.593,894.077,888.814,890.553,970.375,553.82,449.512,781.702,787.598,810.288,683.793,684.574,712.041,685.657,684.169,754.765,684.892,736.899,737.45,683.926,726.129,683.618,844.995,794.088,1831.011,1142.407,1707.542,1440,1664.439,905.971,1815.488,1181.869,1320.925,1777.589,1080.785,1333.31,1823.302,1456.041,683.779,684.1,682.339,716.586,691.336,699.505,849.925,845.105,843.084,886.969,897.437,941.396,958.822,990.444,797.621,797.739,973.359,908.682,950.943,959.608,904.917,929.238,895.968,955.827,892.556,490.15,546.603,1339.877,1617.325,1578.416,1303.438,1427.99,1349.048,1347.35,1790.257
Dryer_Re,0,0,0,0,0,0,0,0,0,0,1.957,1.957,0,0,0,0,0,0.5,1.397,1.397,0,0,0,0,0,0.506,0.506,1.478,1.478,0,0,0,0,0.405,0.405,1.407,1.407,0,0,-0.739,1.548,-0.043,-0.043,1.122,1.122,0,0,0,0,0,-0.019,-0.019,1.635,0,0,0,0,0,0.676,0.676,1.885,1.885,0,0,0,0,0.283,0.283,1.597,1.597,0,-0.482,1.329,0,0,-0.26,-0.26,1.832,0,0,0,0,0,0.693,0.693,2.125,2.125,0,0,0,0,0.88,0.88,2.123,2.123,0,0,0,0,0.36,0.36,2.127,2.127,0,0,0.811,0.244,1.68,1.68,0,-0.332,-0.332,1.528,1.528,0,-0.305,-0.305,0,0,-0.6,-0.6,0.582,0.582,0,-0.42,-0.42,1.065,1.065,0.035,0.035,1.021,1.021,0,0,1.5,1.5,0,0,0.473,0.473,1.879,1.166,0,-0.478,-0.478,1.611,1.611,-0.827,-0.827,1.15,0,0,-0.344,1.857,1.857,0,0,2.089,2.089,0,0.273,0.273,2.147,0,0,0,0,0.049,0.049,2.209,2.209,0,0,0,-0.375,1.924,0.378,0.378,2.069,2.069,0,0,0,0,0.864,0.864,2.061,2.061,0,0,0,0,0,0.905,2.127,2.127,0,0,0,0,0,0,0,2.018,2.018,0,0,0,-0.788,0.599,0.599,1.671,1.671,0,0,0,0,0,0.756,1.968,1.968,0,0,0,0,0,0,0,0,0,0,0,0,0,0.868,0.868,0,0,0,0,0,0,0.02,0.245,0,0,0,0,0,0,0,-1.055,-0.388,-0.388,0,0,0,0,0,0,0,1.865,1.865,0,0,0,0,0.674,0.382,0,0,0,0,0,0,0,0.226,0.226,0.948,0,0,0,0,0,0.185,0.185,0,0,0,0,0,0,0.198,0.198,1.019,1.019,0,0,0,0,0,0.643,1.529,1.529,0,0,0,0,0,0.717,0.717,1.336,1.336,0,0,0,0,0.367,0.367,1.358,1.358,0,0,0,0,0.257,-0.151,0.971,0.971,0,0,0,0,0,0.248,0.248,1.169,1.169,0,0,0,0,0.422,0.422,1.573,1.573,0,0,0,0,0,0.857,1.52,1.52,0,0,0,0,0,0.455,0.455,1.597,1.43,0,0,0,0,-0.041,-0.041,1.254,1.254,0,0,0,0,-0.08,-0.08,1.173,1.173,0,0,0,0,0,0.693,0.693,1.988,0,0,0,0,0,0.24,0.24,1.655,1.655,1.516,1.516,0,0,-0.047,-0.047,1.296,1.296,0,0,0,0,0,-0.076,-0.076,1.423,0,0,0,0,0,0.41,0.41,2.273,2.273,0,0,0,0,0.818,0.818,2.122,2.122,0,0,-0.468,1.901,0,-0.038,1.331,1.331,0,2.765,2.765,0,0,0.804,0.804,1.499,1.499,0,0,0,0,0,0.315,0.315,2,0,0,0,0,0,0,0,2.406,2.406,0,0,1.203,1.849,0.193,0.193,2.124,2.124,0,0,0,0,0,0.174,0.174,1.749,1.749,0,0,0,0,0,0.404,0.404,0,0,0,0,0,0,0,0,1.44,1.44,0,0,0,-0.059,1.111,0,0,1.894,1.894,0,0,0,0,0,0,0,0,0,0,0,0,0,0,0,0,0,0,0,0,0,0,0,0,0,0,0,0,0,0.181,0.979,0,0,0,0,0,0,0,0,0,0,0,0,0,0,0,0,0,0,0,0,0,0,0,0,0,0,0,0,0,0,0,0,0,-0.406,1.126,0,0,0,-0.066,-0.066,0,0,0.576,0.576,0,0,0,0,0,0,0,0,0,0,0,0,0,0,0,0,0,0,0,0,0,0,0,0,0,0,0,0,0,0,0,0,0,0,-0.157,1.956,0,0,0,0,0,0,0,0,0,0,0,0,0,0,0,0,0,0,0,0,0,0,0,0,0,0,0,0,0,0,0,0.058,0.058,0,1.664,1.313,0,0,0,0,0,0,0,-0.573,-0.573,1.084,0,0,0,0,0,0,0,0,0,0,0,0,0,0,0,0,0,0,0,0,0,0,-0.015,-0.015,0,0,0,0,0,0,0,0,0,0,0,0,0,0,0.418,0.418,1.388,1.388,0,0,0,0,0,0,0,0,0,0,0,0,-0.399,1.998,0,0,0,-0.334,-0.334,1.025,1.025,0,0,0,0,0,0,0,0,0,0,0,0,0,0,0,0,0,0,0,0,0,0,0,-0.007,1.658,0,0,0,0,0,0,0,0,0,0,0,0,0,0,0,0,0,0,0,0,0,0,0,0,0,0,0,0,0,-0.552,1.489,0,0,0,0,0,0,0,0,0,0,0,0,0,0,0,0,0,0,0,0,0,0,0,0,0,0,0,0.063,0.063,0,1.766,0.112,0,0,0,0,0,0,0,0,-0.447,-0.447,1.174,1.174,0,0,0,0,0,0,0,0,0,0,0,0,0,0,0,0,0,0,-0.262,1.556,0,0,0,0,0,0,0,0,0,0,0,0,0,0.28,0.28,1.755,1.755,0,0,0,0,0,0,0,0,0,0,0,0,0,0.571,0.571,0,0,0,0,0,0,0,0,0,0,0,0,0,0,0,0,0,0,0,0,0,0,0,0,0,0,0,0,0,0,1.005,1.538,0,0,0,0,0,0,0,0,0,0,0,0,0,0,0,0,0,0,0,0,0,0,0,0,0,0,0,0,0,0,-0.723,1.492,0,0,0,0,0,0,0,-0.014,-0.014,0,1.509,1.509,0,0,0,0,0,0
OfficeOutlets_Re,0,0,0,0,0,0,0,0,0,0,10.945,10.945,12.303,12.228,11.576,0,0,0,0,0,0,0,12.112,11.086,0,0,0,0,0,0,12.251,10.965,10.958,0,0,0,0,0,0,13.98,10.958,11.921,10.89,0,0,12.081,10.805,10.842,0,11.998,10.777,11.899,10.733,0,0,14.13,11.273,0,0,0,0,0,0,0,0,0,0,0,0,0,0,0,13.868,10.6,12.094,10.628,11.62,10.359,0,0,0,0,0,11.49,10.472,10.5,0,0,12.51,10.955,10.848,10.923,10.976,10.67,12.643,12.162,11.072,12.32,11.132,0,0,0,0,0,0,13.844,10.737,11.926,10.735,10.738,0,0,11.838,10.507,10.653,11.884,10.608,0,11.939,10.623,0,11.509,10.393,10.43,10.427,11.48,10.246,0,11.708,10.18,0,11.716,11.768,10.652,0,0,0,0,0,0,13.169,10.515,11.758,10.454,11.113,11.499,11.847,10.411,10.024,10.618,0,0,0,0,12.293,10.67,10.682,13.598,10.437,0,0,11.543,10.374,10.717,11.788,11.788,11.967,10.823,10.758,10.431,0,0,0,0,11.791,11.318,0,0,0,0,0,0,0,0,0,0,0,0,0,0,0,14.115,10.652,0,0,0,0,0,0,0,0,0,0,0,0,0,0,0,13.469,10.507,0,0,0,0,0,0,0,0,0,0,0,0,0,0,0,14.333,10.902,0,0,0,0,0,0,0,0,0,0,0,0,0,0,0,12.922,10.525,0,0,0,13.108,10.087,0,11.324,10.097,13.133,10.87,0,0,0,0,0,0,0,0,0,0,0,12.057,10.795,12.112,11.274,0,10.519,11.752,10.494,0,0,0,0,0,0,0,0,0,0,0,11.681,10.227,0,0,0,0,0,0,0,0,0,0,0,0,0,0,0,0,0,0,0,0,0,0,0,12.556,10.528,0,0,10.704,10.704,0,0,0,0,0,0,0,0,0,0,12.888,10.538,0,0,0,0,0,0,0,0,0,0,0,0,0,0,0,0,0,12.09,11.084,0,0,0,0,0,0,0,0,0,0,0,0,0,0,0,13.42,10.987,0,0,0,0,0,0,0,0,0,0,0,0,0,0,0,0,13.452,11.825,0,0,0,0,0,0,0,0,0,0,0,0,0,0,0,12.137,10.631,0,0,0,0,0,0,0,0,0,11.961,10.701,10.646,0,0,0,0,13.73,10.902,0,12.298,10.962,0,12.229,10.953,0,12.133,10.986,12.029,10.723,0,0,0,0,12.243,12.469,12.025,10.725,0,0,0,0,0,0,0,0,0,0,0,0,0,12.875,10.758,0,0,0,0,0,0,0,0,0,0,0,0,0,0,0,13.215,10.807,0,0,0,0,11.887,10.655,0,0,0,0,0,0,0,0,0,0,13.483,10.774,0,0,0,0,0,0,0,0,0,0,0,0,0,0,12.005,11.725,10.678,10.647,0,0,0,0,10.507,12.876,10.697,11.731,10.349,11.672,10.397,11.795,10.322,10.432,11.417,13.546,11.886,21.18,21.401,21.975,22.914,21.669,22.992,21.626,0,0,0,0,0,0,22.789,21.693,22.934,22.864,21.666,0,0,0,0,0,0,0,0,0,0,23.146,21.86,21.929,23.041,20.834,22.182,18.629,0,15.974,15.974,0,15.254,13.992,0,0,0,0,0,12.275,12.236,0,0,14.648,11.528,12.651,11.339,0,11.721,12.989,12.163,11.316,10.007,0,11.601,11.791,10.808,0,0,11.879,10.651,0,11.741,10.51,0,0,0,11.767,10.524,10.605,10.442,10.456,13.165,10.555,0,11.886,11.572,10.571,11.733,10.561,0,0,0,0,11.81,11.81,11.772,10.588,13.553,10.581,0,0,0,0,0,0,0,0,0,0,0,0,0,0,0,0,0,12.806,11.44,0,0,0,0,0,0,0,0,0,0,0,0,0,0,11.622,10.38,11.415,0,0,0,0,0,0,12.235,10.602,11.483,0,0,0,11.881,12.053,10.896,12.124,14.021,11.065,0,0,13.253,11.1,10.993,12.377,11.184,10.942,11.056,0,0,12.143,10.768,10.768,13.016,10.679,11.806,11.336,0,0,0,0,0,0,0,0,0,0,0,0,0,13.08,10.55,0,0,0,0,0,0,0,12.295,10.953,0,0,0,12.252,10.971,12.057,11.845,0,11.973,10.725,0,0,0,0,0,0,0,0,0,0,0,13.449,11.53,0,0,0,0,0,0,0,0,0,0,0,0,0,14.253,10.867,0,0,0,0,0,0,0,0,0,0,0,0,0,0,13.524,10.88,0,0,0,0,0,0,0,0,0,0,0,0,0,0,12.152,10.852,0,0,0,0,0,12.178,10.962,0,0,12.025,10.885,0,12.14,10.885,13.101,11.055,13.181,10.999,0,0,0,0,0,0,0,0,0,0,0,12.041,10.893,0,11.638,11.638,11.857,10.619,0,0,0,0,0,0,0,0,11.981,10.688,10.958,0,0,0,0,0,0,0,0,0,0,0,0,0,0,13.285,11.631,10.786,0,11.898,10.761,10.698,0,0,0,0,0,0,12.055,10.778,0,13.388,11.323,10.6,0,0,0,0,0,0,0,0,0,12.316,10.93,12.296,11.021,14.056,10.93,0,0,0,0,0,0,0,0,0,0,0,0,0,0,13.242,11.376,0,0,0,0,0,0,0,0,0,0,0,0,0,0,13.325,11.735,0,0,0,0,0,0,0,0,0,0,0,0,0,0,12.109,10.815,0,0,0,0,0,0,0,0,0,0,0,0,12.922,10.811,9.986,10.699,0,0,0,0,0,0,0,0,0,0,0,0,0,0,14.352,11.529,0,0
LivingRoomOutlets_Re,71.147,70.389,69.406,70.92,69.62,70.991,71.084,70.474,0,0,71.869,72.383,75.574,71.198,71.774,73.179,72.393,72.726,71.719,72.174,72.219,73.228,72.581,71.751,71.637,0,74.236,72.624,73.028,73.028,71.883,74.097,72.185,73.788,73.788,0,0,0,0,72.48,74.194,72.635,74.009,73.985,0,0,73.262,73.262,0,0,72.166,72.166,71.347,73.162,72.135,71.774,71.056,71.09,71.243,72.816,71.592,72.449,71.762,71.414,72.577,71.508,0,0,0,0,0,73.233,72.103,72.017,0,0,0,0,0,0,0,0,0,73.07,73.984,72.736,0,0,0,73.189,73.272,72.776,72.086,72.716,72.209,71.312,71.62,72.204,72.985,71.63,72.003,73.135,71.633,72.511,71.31,72.395,71.209,0,72.079,72.054,0,0,72.251,72.335,0,0,0,0,0,0,73.463,73.545,72.227,0,0,75.378,73.058,0,0,0,0,0,71.701,72.239,72.722,73.568,71.755,72.512,73.264,72.422,70.665,71.068,71.271,70.43,72.559,72.405,70.671,71.336,0,0,0,0,0,70.359,70.359,70.369,0,72.659,71.257,0,71.186,71.186,0,0,0,0,0,71.362,70.32,72.486,0,0,0,0,71.474,70.928,71.087,70.558,70.79,69.123,69.942,69.723,70.696,70.523,69.34,70.104,71.625,71.001,69.889,0,0,71.105,70.935,0,70.926,70.926,0,0,0,0,0,0,0,0,0,0,0,0,71.478,70.301,0,0,0,0,69.915,69.915,70.424,69.216,69.298,71.027,70.954,70.083,69.316,69.232,70.186,69.116,69.633,71.14,70.762,69.525,0,0,0,0,0,0,71.044,71.044,0,0,0,0,71.016,69.967,0,0,0,72.322,70.677,0,0,0,70.887,69.121,0,67.474,67.474,66.873,66.926,68.584,68.66,69.101,66.895,66.807,66.774,67.507,67.284,67.1,69.24,67.689,68.573,0,0,0,0,0,0,0,0,0,69.337,69.337,0,0,0,0,0,0,0,0,0,0,0,0,0,0,67.705,68.366,67.358,68.65,67.135,68.24,68.597,67.255,68.768,66.909,67.084,68.3,70.376,70.266,70.724,70.578,0,0,0,0,69.413,69.413,0,0,0,0,0,0,0,70.559,69.857,0,0,0,0,0,0,0,71.261,71.261,0,69.529,70.264,70.383,70.602,70.891,69.885,71.454,70.891,69.312,69.25,69.042,69.955,69.31,69.097,70.615,70.88,0,0,0,0,0,0,0,71.783,71.807,71.273,0,0,0,0,0,0,0,0,0,0,69.11,69.11,0,0,0,69.312,68.999,70.443,70.134,70.147,68.778,70.23,71.265,69.381,68.755,69.077,70.001,68.713,69.278,70.605,69.787,0,0,72.4,70.884,0,0,0,0,0,0,0,0,0,0,0,0,0,0,0,0,71.544,70.194,0,0,0,70.621,70.613,70.324,69.738,69.585,69.547,67.296,68.059,68.993,69.523,70.313,69.096,70.909,69.416,70.73,0,0,0,0,0,0,71.365,70.531,70.531,0,0,0,0,0,70.248,70.248,0,0,0,0,0,0,0,0,0,0,71.82,70.23,69.313,69.068,70.525,69.144,71.206,69.867,69.415,71.134,70.234,69.302,70.671,70.469,69.624,0,0,0,70.44,70.44,0,0,0,71.569,69.605,0,0,0,0,0,0,0,0,0,0,0,0,0,0,0,71.344,69.414,69.202,70.456,69.816,70.369,68.938,70.507,89.459,91.446,90.422,90.927,88.06,90.577,87.166,88.689,88.994,89.627,91.261,101.751,109.15,0,0,0,0,105.482,108.648,0,0,0,0,0,0,108.65,107.041,108.295,106.886,0,0,0,108.032,107.948,106.633,107.784,106.162,107.372,107.502,106.146,107.533,107.964,107.62,107.339,106.285,107.387,107.204,106.582,106.686,0,0,0,0,0,0,0,109.274,108.129,0,0,0,0,109.31,108.01,0,0,108.088,108.088,111.097,108.298,108.45,0,106.947,108.784,107.304,106.009,106.183,105.876,106.891,107.601,107.635,106.371,108.13,107.409,107.16,107.304,107.365,105.947,107.126,106.551,0,108.793,107.569,0,0,0,0,0,0,0,0,0,0,0,0,106.322,106.322,107.692,106.729,0,0,0,0,0,0,0,106.982,106.166,106.029,105.955,106.752,106.675,106.244,106.139,107.334,106.012,106.595,107.464,106.735,106.702,106.214,0,0,108.576,108.576,0,0,0,0,107.917,107.917,0,0,107.173,108.814,107.968,107.968,107.607,0,0,108.06,108.06,110.587,108.626,0,0,107.008,107.008,90.399,87.989,87.623,88.793,87.849,87.345,87.757,89.665,70.359,71.114,71.027,70.962,71.33,71.362,0,0,0,70.399,70.511,71.245,70.397,70.232,70.368,0,0,0,0,0,0,72.066,72.066,0,0,0,0,0,0,0,0,0,70.724,69.725,69.418,70.72,70.513,71.373,69.276,69.257,71.324,70.612,70.022,70.094,69.824,69.467,71.222,0,0,0,0,0,0,0,70.83,70.83,0,0,0,0,71.539,70.398,0,0,0,0,0,0,0,0,0,0,69.783,69.783,70.397,70.542,69.51,70.504,69.301,69.517,70.739,69.873,70.139,71.181,70.74,69.542,69.508,69.924,0,0,0,71.972,70.525,0,0,0,0,0,0,0,0,0,0,0,0,0,69.74,72.211,70.685,0,0,0,0,68.966,68.966,70.573,70.135,70.2,70.34,70.763,69.293,69.653,70.91,71.24,69.317,70.864,69.42,69.911,71.066,0,0,0,0,0,0,0,0,0,71.421,71.421,0,0,0,0,0,0,0,0,0,0,0,0,0,0,72.543,70.142,69.785,69.166,69.037,70.876,69.795,70.671,69.235,70.662,70.348,69.744,70.976,69.566,70.452,69.615,70.335,71.507,71.418,71.051,71.051,71.84,70.218,0,70.301,71.393,0,0,0,70.875,70.264,70.264,72.21,71.687,0,0,0,0,71.447,71.354,71.354,70.695,69.551,69.568,69.556,69.603,70.755,70.985,69.334,69.55,69.171,70.658,70.125,69.312,71.62,69.804,71.681,0,0,0,0,0,70.985,70.985,72.573,71.251,71.504,71.504,0,0,0,0,0,0,0,0,0,0,0,0,70.226,70.226,69.765,70.186,69.33,70.978,69.933,71.085,69.508,69.61,71.022,70.921,70.706,70.602,70.327,69.509,69.248,69.665,0,0,0,0,0,0,70.789,70.869,0,69.821,69.821,70.074,70.375,70.375,72.388,71.355,70.501,71.079,70.116,0,0,0,0,71.321,71.321,70.16,70.267,71.161,70.506,71.402,70.082,70.47,69.055,70.905
GuestBathOutlets_Re,0,0,0,0,0,0,0,0,0,0,0.701,0.701,0,0,0,0,0,0,0,0,0,0,0,0,0,0,0,0,0,0,0,0,0,0,0,0,0,0,0,0,0,0,0,0,0,0,0,0,0,0,0,0,0,0,0,0,0,0,0,0,0,0,0,0,0,0,0,0,0,0,0,0,0,0,0,0,0,0,0,0,0,0,0,0,0,0,0,0,0,0,0,0,0,0,0,0,0,0,0,0,0,0,0,0,0,0,0,0,0,0,0,0,0,0,0,0,0,0,0,0,0,0,0,0,0,0,0,0,0,0,0,0,0,0,0,0,0,0,0,0,0,0,0,0,0,0,0,0,0,0,0,0,0,0,0,0,0,0,0,0,0,0,0,0,0,0,0,0,0,0,0,0,0,0,0,0,0,0,0,0,0,0,0,0,0,0,0,0,0,0,0,0,0,0,0,0,0,0,0,0,0,0,0,0,0,0,0,0,0,0,0,0,0,0,0,0,0,0,0,0,0,0,0,0,0,0,0,0,0,0,0,0,0,0,0,0,0,0,0,0,0,0,0,0,0,0,0,0,0,0,0,0,0,0,0,0,0,0,0,0,0,0,0,0,0,0,0,0,0,0,0,0,0,0,0,0,0,0,0,0,0,0,0,0,0,0,0,0,0,0,0,0,0,0,0,0,0,0,0,0,0,0,0,0,0,0,0,0,0,0,0,0,0,0,0,0,0,0,0,0,0,0,0,0,0,0,0,0,0,0,0,0,0,0,0,0,0,0,0,0,0,0,0,0,0,0,0,0,0,0,0,0,0,0,0,0,0,0,0,0,0,0,0,0,0,0,0,0,0,0,0,0,0,0,0,0,0,0,0,0,0,0,0,0,0,0,0,0,0,0,0,0,0,0,0,0,0,0,0,0,0,0,0,0,0,0,0,0,0,0,0,0,0,0,0,0,0,0,0,0,0,0,0,0,0,0,0,0,0,0,0,0,0,0,0,0,0,0,0,0,0,0,0,0,0,0,0,0,0,0,0,0,0,0,0,0,0,0,0,0,0,0,0,0,0,0,0,0,0,0,0,0,0,0,0,0,0,0,0,0,0,0,0,0,0,0,0,0,0,0,0,0,0,0,0,0,0,0,0,0,0,0,0,0,0,0,0,0,0,0,0,0,0,0,0,0,0,0,0,0,0,0,0,0,0,0,0,0,0,0,0,0,0,0,0,0,0,0,0,0,0,0,0,0,0,0,0,0,0,0,0,0,0,0,0,0,0,0,0,0,0,0,0,0,0,0,0,0,0,0,0,0,0,0,0,0,0,0,0,0,0,0,0,0,0,0,0,0,0,0,0,0,0,0,0,0,0,0,0,0,0,0,0,0,0,0,0,0,0,0,0,0,0,0,0,0,0,0,0,0,0,0,0,0,0,0,0,0,0,0,0,0,0,0,0,0,0,0,0,0,0,0,0,0,0,0,0,0,0,0,0,0,0,0,0,0,0,0,0,0,0,0,0,0,0,0,0,0,0,0,0,0,0,0,0,0,0,0,0,0,0,0,0,0,0,0,0,0,0,0,0,0,0,0,0,0,0,0,0,0,0,0,0,0,0,0,0,0,0,0,0,0,0,0,0,0,0,0,0,0,0,0,0,0,0,0,0,0,0,0,0,0,0,0,0,0,0,0,0,0,0,0,0,0,0,0,0,0,0,0,0,0,0,0,0,0,0,0,0,0,0,0,0,0,0,0,0,0,0,0,0,0,0,0,0,0,0,0,0,0,0,0,0,0,0,0,0,0,0,0,0,0,0,0,0,0,0,0,0,0,0,0,0,0,0,0,0,0,0,0,0,0,0,0,0,0,0,0,0,0,0,0,0,0,0,0,0,0,0,0,0,0,0,0,0,0,0,0,0,0,0,0,0,0,0,0,0,0,0,0,0,0,0,0,0,0,0,0,0,0,0,0,0,0,0,0,0,0,0,0,0,0,0,0,0,0,0,0,0,0,0,0,0,0,0,0,0,0,0,0,0,0,0,0,0,0,0,0,0,0,0,0,0,0,0,0,0,0,0,0,0,0,0,0,0,0,0,0,0,0,0,0,0,0,0,0,0,0,0,0,0,0,0,0,0,0,0,0,0,0,0,0,0,0,0,0,0,0,0,0,0,0,0,0,0,0,0,0,0,0
MasterBathOutlets_Re,0,0,0,0,0,0,0,0,0,0,1.806,1.806,0,0,0,0,0,0,0,0,0,0,0,0,0,0,0,0,0,0,0,0,0,0,0,0,0,0,0,2.885,2.885,0,0,0,0,0,0,0,0,0,0,0,0,0,0,0,0,0,0,0,0,0,0,0,0,0,0,0,0,0,0,0,0,0,0,0,0,0,0,0,0,0,0,0,0,0,0,0,0,0,0,0,0,0,0,0,0,0,0,0,0,0,0,0,0,0,0,0,0,0,0,0,0,0,0,0,0,0,0,0,0,0,0,0,0,0,0,0,0,0,0,0,0,0,0,0,0,0,0,0,0,0,0,0,0,0,0,0,0,0,0,0,0,0,0,0,0,0,0,0,0,0,0,0,0,0,0,0,0,0,0,0,0,0,2.701,2.701,0,0,0,0,0,0,0,0,0,0,0,0,0,0,0,0,0,0,0,0,0,0,0,0,0,0,0,0,0,0,0,0,2.836,2.836,0,0,0,0,0,0,0,0,0,0,0,0,0,0,0,0,0,0,0,0,0,0,0,0,0,0,0,0,0,0,0,0,0,0,0,0,0,0,0,0,0,0,0,0,0,0,0,0,0,0,0,0,0,0,0,0,0,0,0,0,0,0,0,0,0,0,0,0,0,0,0,0,0,0,0,0,0,0,0,0,0,0,0,0,0,0,0,0,0,0,0,0,0,0,0,0,0,0,0,0,0,0,0,0,0,0,0,0,0,0,0,0,0,0,0,0,0,0,0,0,0,0,0,0,0,0,0,0,0,0,0,0,0,0,0,0,0,0,0,0,0,0,0,0,0,0,0,0,0,0,0,0,0,0,0,0,0,0,0,0,0,0,0,0,0,0,0,0,0,0,0,0,0,0,0,0,0,0,0,0,0,0,0,0,0,0,0,0,0,0,0,0,0,0,0,0,0,0,0,0,0,0,0,0,0,0,0,0,0,0,0,0,0,0,0,0,0,0,0,0,0,2.741,2.741,0,0,0,0,0,0,0,0,0,0,0,0,0,0,0,0,0,0,0,0,0,0,0,0,0,0,0,0,0,0,0,0,0,0,0,0,0,0,0,0,0,0,0,0,0,0,0,0,0,0,0,0,0,0,0,0,0,0,0,0,0,0,0,0,0,0,0,0,0,0,0,0,0,0,0,0,0,0,0,0,0,0,0,0,0,0,0,0,0,0,0,0,0,0,0,0,0,0,0,0,0,0,0,0,0,0,0,0,0,0,0,0,0,0,0,0,0,0,0,0,0,0,0,0,0,0,0,0,0,0,0,0,0,0,0,0,0,0,0,0,0,0,0,0,0,0,0,0,0,0,0,0,0,0,0,0,0,0,0,0,0,0,0,0,0,0,0,0,0,0,0,0,0,0,0,0,0,0,0,0,0,0,2.706,2.706,0,0,0,0,0,0,0,0,0,0,0,0,0,0,0,0,0,0,0,0,0,0,0,0,0,0,0,0,0,0,0,0,0,0,0,0,0,0,0,0,0,0,0,0,0,0,0,0,0,0,0,0,0,0,0,0,0,0,0,0,0,0,0,0,0,0,0,0,0,0,0,0,0,0,0,0,0,0,0,0,0,0,0,0,0,0,0,0,0,0,0,0,0,0,0,0,0,0,0,0,2.736,2.736,0,0,0,0,0,0,0,0,0,0,0,0,0,0,0,0,0,0,0,0,0,0,0,0,0,0,0,0,0,0,0,0,0,0,0,0,0,0,0,0,0,0,0,0,0,0,0,0,0,0,0,0,0,0,0,0,0,0,0,0,0,0,0,0,0,0,0,0,0,0,0,0,0,0,0,0,0,0,0,0,0,0,0,0,0,0,0,0,0,0,0,0,0,0,0,0,0,0,0,0,0,0,0,0,0,0,0,0,0,0,0,0,0,0,0,0,0,0,0,0,0,0,0,0,0,0,0,0,0,0,0,0,0,0,0,0,0,0,0,0,0,0,0,0,0,0,0,0,0,0,0,0,0,0,0,0,0,0,0,0,0,0,0,0,0,0,0,0,0,0,0,0,0,0,0,0,0,0,0,0,0,0,0,0,0,0,0,0,0,0,0,0,0,0,0,0,0,0,0,0,0,0,0,0,0,0,0,0,0,0,0,0,0,0,0,0,0,0,0,0,0,2.887,2.887,0,0,0,0,0,0,0,0,0,0,0,0,0,0,0,0,0,0
LivingRoomPatioLights_Re,0,0,0,0,0,0,0,0,0,0,4.725,4.725,0,0,0,0,0,0,0,0,0,0,0,0,0,0,0,0,0,0,0,0,0,0,0,0,0,0,0,3.615,4.654,0,0,0,0,0,0,0,0,0,0,0,0,0,0,0,0,0,0,0,0,0,0,0,0,0,0,0,0,0,0,3.662,3.662,0,0,0,0,0,0,0,0,0,0,0,0,0,0,0,0,0,0,0,0,0,0,0,0,0,0,0,0,0,0,0,0,0,0,0,0,0,0,0,0,0,0,0,0,0,0,0,0,84.472,98.154,0,97.308,97.308,0,0,0,0,0,0,0,0,0,0,0,0,98.773,98.773,99.937,98.179,98.156,98.156,0,99.265,99.265,0,98.71,5.355,0,0,0,0,0,0,0,0,0,0,0,0,0,0,0,0,0,0,0,5.02,5.02,0,0,0,3.687,4.726,0,0,0,0,0,0,0,0,0,0,0,0,0,0,0,0,0,0,0,0,0,0,0,0,0,0,0,0,0,0,0,0,3.49,4.546,0,0,0,0,0,0,0,0,0,0,0,0,0,0,0,0,0,0,0,0,0,0,0,0,0,0,0,0,0,0,0,0,0,0,0,0,0,0,0,0,0,0,0,0,0,0,0,0,0,0,0,0,0,0,0,0,0,4.211,4.211,0,0,0,0,0,0,0,0,0,0,0,0,0,0,0,0,0,0,0,0,0,0,0,0,0,0,0,0,0,0,0,0,0,0,0,0,0,0,0,0,0,0,0,0,0,0,0,0,0,0,0,0,0,0,0,0,0,0,0,0,0,0,0,0,0,0,0,0,0,0,0,0,0,0,0,0,0,0,0,0,0,0,0,0,0,0,0,0,0,0,0,0,3.612,3.612,0,0,0,0,0,0,0,0,0,0,0,0,0,0,0,0,0,0,0,0,0,0,0,0,0,0,0,0,0,0,0,0,0,0,0,0,0,0,0,0,0,0,0,0,0,0,0,0,0,0,0,0,0,0,0,0,0,0,0,0,0,0,0,0,0,0,0,0,3.698,4.795,0,0,0,0,0,0,0,0,0,0,0,0,0,0,0,0,0,0,0,0,0,0,0,0,0,0,0,0,0,0,0,0,0,0,0,0,0,0,0,0,0,0,0,0,0,4.815,4.815,0,0,0,0,0,0,0,0,0,0,0,0,0,0,0,0,0,0,0,0,0,0,0,0,0,0,0,50.193,132.149,132.149,0,131.431,132.331,132.331,132.858,132.858,0,0,0,0,0,0,0,0,0,0,0,0,0,0,0,0,0,0,0,129.611,130.422,0,0,0,0,0,0,0,0,0,0,0,0,0,0,0,0,0,0,0,0,0,0,0,0,0,0,0,0,0,0,0,0,0,131.408,131.408,0,0,0,0,0,0,0,0,0,0,36.425,4.785,0,0,0,0,0,0,0,0,0,0,0,0,0,0,0,0,0,0,0,0,0,0,0,0,0,0,0,0,0,0,0,3.863,4.872,0,0,0,0,0,0,0,0,0,0,0,0,0,0,0,0,0,0,0,0,0,0,0,0,0,0,0,0,0,0,0,0,0,0,0,0,0,0,0,0,0,0,0,0,0,0,0,0,0,0,0,0,0,0,0,0,0,0,0,0,0,0,0,0,0,0,0,0,0,0,0,0,0,0,0,0,0,0,0,0,0,0,0,0,0,0,0,0,0,0,0,0,0,0,0,0,0,0,0,0,3.757,4.797,0,0,0,0,0,0,0,0,0,0,0,0,0,0,0,0,0,0,0,0,0,0,0,0,0,0,0,0,0,0,0,0,0,0,0,0,0,0,0,0,0,0,0,0,0,0,0,0,0,0,0,0,0,0,0,0,0,0,0,0,0,3.647,4.647,0,0,0,0,0,0,0,0,0,0,0,0,0,0,0,0,0,0,0,0,0,0,0,0,0,0,0,0,0,0,0,0,0,0,0,0,0,0,0,0,0,0,0,0,0,0,0,0,0,0,0,0,0,0,0,0,0,0,0,0,0,0,0,0,0,0,0,0,0,0,0,0,0,0,0,0,0,0,0,0,0,0,0,0,0,0,0,0,0,0,0,0,0,0,0,0,0,0,0,0,0,0,0,0,0,0,0,0,0,0,0,0,0,0,0,0,0,0,0,0,0,0,0,0,0,0,0,0,0,0,0,0,0,0,0,0,0,0,0,0,0,0,0,0,0,0,0,0,0,0,0,0,0,0,0,0,0,0,3.533,4.662,0,0,0,0,0,0,0,0,0,0,0,0,0,0,5.099,5.099,0,0
GuestBathHallLights_Re,0,0,0,0,0,0,0,0,0,0,5.621,5.621,5.796,5.58,5.612,0,0,0,0,0,0,0,0,0,0,0,0,0,0,0,0,5.697,5.706,0,0,0,0,0,0,0,0,0,0,0,0,0,0,0,0,0,0,0,0,0,0,0,0,0,0,0,0,0,0,0,0,0,0,0,0,0,0,0,0,0,0,0,0,0,0,0,0,0,0,0,0,0,0,0,0,0,5.657,5.817,0,0,0,0,0,0,0,0,0,0,0,0,0,6.686,5.686,0,5.775,7.098,0,0,6.796,6.796,0,0,0,0,0,0,0,0,0,0,0,0,0,0,0,0,0,0,0,0,0,0,0,0,0,0,0,0,6.64,6.64,0,0,0,0,0,0,0,0,0,0,0,0,0,6.024,6.024,0,0,0,0,0,0,0,0,0,0,0,0,0,0,0,0,0,0,0,0,0,0,0,0,0,0,0,0,0,0,0,0,6.736,5.642,0,0,0,0,0,0,0,0,0,0,0,0,0,0,0,0,0,0,0,0,0,0,0,0,0,0,0,0,0,0,0,0,0,0,0,0,0,0,0,0,0,0,0,0,0,0,0,0,0,5.738,5.738,0,0,0,0,0,0,0,0,0,0,0,0,0,0,0,0,0,0,0,0,0,0,0,0,0,0,0,0,0,0,0,0,0,0,0,0,0,0,0,0,0,0,0,0,0,0,0,0,0,0,0,0,0,0,0,0,0,0,0,0,0,0,0,0,0,5.76,5.76,0,0,0,0,0,0,0,0,0,0,0,0,0,0,0,0,0,0,0,0,0,0,0,0,0,0,0,0,0,0,0,0,0,0,0,0,0,0,0,0,0,0,0,0,0,0,0,0,0,0,0,0,0,0,0,0,0,0,0,0,0,0,0,0,0,0,0,0,0,0,0,0,0,0,0,0,0,0,0,0,0,0,0,0,0,0,0,0,0,0,0,0,0,0,0,0,0,0,0,0,0,0,0,0,0,0,0,0,0,0,0,0,0,0,0,0,0,0,0,0,6.825,5.677,0,0,0,0,0,0,0,0,0,0,0,0,0,0,0,0,0,0,0,0,0,0,0,0,0,0,0,0,0,0,0,0,0,0,0,0,0,0,0,0,0,0,0,0,0,0,0,0,0,0,0,0,0,0,0,0,0,0,0,0,0,0,0,0,0,0,0,0,0,0,0,0,0,0,0,7.035,5.481,0,0,0,0,0,104.71,106.969,6.583,6.733,6.733,0,0,0,0,0,0,0,0,0,0,0,0,0,0,0,5.684,5.684,0,0,0,0,0,0,0,0,0,0,0,0,0,0,0,0,6.469,5.322,0,0,0,0,0,0,0,0,0,6.724,6.724,0,0,0,0,0,0,0,0,0,5.788,6.143,6.102,0,0,0,0,0,0,0,0,0,0,0,0,0,0,0,0,0,0,0,0,0,0,0,0,0,0,0,0,0,0,0,0,0,0,0,0,0,0,0,0,0,0,0,0,0,0,0,0,0,0,0,0,0,0,0,0,0,0,0,0,0,0,0,0,0,0,0,0,0,0,0,0,0,0,0,0,0,0,0,0,0,0,6.142,6.142,0,0,0,60.985,5.659,5.642,0,6.489,5.48,0,0,6.916,5.906,5.616,0,0,0,0,0,0,0,6.676,6.676,0,6.798,5.752,0,0,0,0,0,0,0,0,0,0,0,0,0,0,0,0,0,0,0,0,0,0,0,0,0,0,0,0,0,0,0,0,0,0,0,0,0,0,0,0,0,0,0,0,0,0,0,0,0,0,0,0,0,0,0,0,0,0,0,0,0,6.72,6.72,0,0,0,0,0,0,0,0,0,0,0,0,0,0,0,0,0,0,0,0,0,0,0,0,0,0,0,0,0,0,0,0,0,0,0,0,0,0,0,0,0,0,0,0,0,0,0,0,107.169,5.592,0,0,0,0,0,0,0,0,0,0,0,0,0,0,0,0,0,0,0,0,0,0,0,0,0,0,0,5.559,5.559,0,0,0,0,0,0,0,0,0,0,0,0,0,0,0,0,0,0,0,0,0,0,0,0,0,0,0,0,0,0,0,0,0,0,0,0,0,0,0,0,0,0,0,0,0,0,0,0,0,0,0,0,0,0,0,0,0,0,0,0,0,0,0,0,0,0,0,0,0,0,0,0,0,0,0,0,0,0,0,0,0,0,0,0,0,0,0,0,0,0,0,0,0,0,0,0,0,0,0,0,0,0,0,0,0,0,0,0,0,0,0,0,0,0,0,0,0,0,0,0,0,0,0,0,0,0,0,0,0,0
DiningRoomOutlets_Re,0,0,0,0,0,0,0,0,0,0,11.659,11.659,12.84,11.708,13.141,0,0,0,0,0,0,0,10.731,10.748,0,0,0,0,0,0,0,0,0,0,0,0,0,0,0,10.836,10.964,10.719,10.719,0,0,0,11.719,11.719,0,0,0,0,0,0,0,12.438,11.057,0,0,0,0,0,0,0,0,0,0,0,0,0,0,0,10.825,10.792,11.842,11.842,11.564,0,0,0,0,0,0,11.885,10.593,10.853,0,0,0,10.71,10.71,12.077,10.773,11.997,12.016,11.868,10.782,10.907,10.907,0,0,0,0,0,0,10.865,10.85,0,12.206,10.9,0,0,11.585,10.635,10.635,0,0,0,10.663,10.672,0,0,12.254,11.05,0,10.588,10.588,0,11.673,10.602,0,0,11.665,11.665,0,0,0,0,0,0,10.749,10.749,11.641,11.871,0,0,11.668,10.604,12.123,10.805,0,0,0,0,10.868,10.735,0,10.675,10.675,0,0,0,0,0,0,0,0,0,0,0,0,0,0,0,0,0,0,0,0,0,0,0,0,0,0,0,0,0,0,0,0,12.438,10.717,0,0,0,0,0,0,0,0,0,0,0,0,0,0,0,0,0,0,0,0,0,0,0,0,0,0,0,0,0,0,0,0,12.352,10.944,0,0,0,0,0,0,0,0,0,0,0,0,0,0,0,11.976,10.691,0,0,0,12.038,10.828,0,0,0,12.014,10.948,0,11.822,11.822,0,0,0,0,0,0,0,0,0,0,0,0,0,0,0,0,0,0,0,0,0,0,0,11.796,11.796,0,0,0,0,0,0,0,0,0,0,0,0,0,0,0,0,0,0,0,0,0,0,0,0,0,0,0,0,0,0,0,0,0,0,0,0,0,0,0,0,0,0,0,10.81,10.81,0,0,0,0,0,0,0,0,0,0,0,0,0,0,0,0,0,10.768,10.768,0,0,0,0,0,0,0,0,0,0,0,0,0,0,0,10.668,10.947,0,0,0,0,0,0,0,0,0,0,0,0,0,0,0,0,10.751,10.751,0,0,0,0,0,0,0,0,0,0,0,0,0,0,0,0,0,0,0,11.789,11.789,0,0,0,0,0,0,12.292,11.146,11.655,11.655,0,0,12.336,10.797,11.725,11.725,10.64,10.64,0,0,0,0,0,0,0,0,0,0,0,10.791,12.027,10.808,0,0,0,0,0,0,0,0,0,0,0,0,0,0,10.79,10.79,0,0,0,0,0,0,0,0,0,0,0,0,0,0,0,10.714,10.714,0,0,0,0,0,0,0,0,0,0,0,0,0,0,0,0,11.018,10.769,0,0,0,0,0,0,0,0,0,0,0,0,0,0,0,12.289,10.677,0,0,0,0,0,0,10.778,10.711,0,10.604,11.994,10.632,11.724,11.635,11.874,11.874,0,10.695,10.653,10.641,10.659,12.075,10.711,0,0,0,0,0,0,0,0,12.022,12.022,10.78,11.739,11.739,0,0,0,0,0,0,0,0,0,0,0,0,11.923,10.874,0,12.216,10.857,0,0,0,0,0,0,0,0,0,0,0,0,0,0,0,10.582,10.582,0,0,0,10.662,11.4,10.712,0,0,0,0,11.984,10.758,0,0,0,0,0,0,0,0,0,0,0,0,0,0,0,10.772,10.772,0,0,11.905,10.694,0,0,0,0,0,0,0,0,0,0,12.54,10.694,0,0,0,0,0,0,0,0,0,0,0,0,0,0,0,0,0,0,0,0,0,0,0,0,0,0,0,0,0,0,0,0,0,10.648,10.648,0,0,0,0,0,0,0,12.193,10.727,10.588,0,0,0,10.639,10.639,0,0,12.257,10.768,0,0,10.923,11.069,10.798,11.833,12.23,12.009,10.798,0,0,11.921,10.688,10.657,10.715,10.8,12.096,11.737,0,0,0,0,0,0,0,0,0,0,0,0,0,10.68,10.68,0,0,0,0,0,0,0,0,0,0,0,0,0,10.817,10.817,0,0,0,0,0,0,0,0,0,0,0,0,0,0,0,0,0,0,0,0,0,0,0,0,0,0,0,0,0,0,12.702,12.702,0,0,0,0,0,0,0,0,0,0,0,0,0,0,10.753,10.753,0,0,0,0,0,0,0,0,0,0,0,0,0,0,10.812,10.812,0,0,0,0,0,0,0,0,0,0,0,0,0,0,11.803,10.786,11.815,10.772,0,0,0,0,0,0,0,0,0,0,0,0,0,0,0,0,0,0,0,0,0,0,0,0,0,0,11.92,10.642,10.794,0,0,0,0,0,0,0,0,0,0,0,0,0,0,0,0,0,0,0,0,0,0,0,0,0,0,0,0,0,0,0,11.867,11.867,0,0,0,0,0,0,0,0,0,11.849,11.718,11.726,11.726,12.317,10.988,0,0,0,0,0,0,0,0,0,0,0,0,0,0,10.594,10.594,0,0,0,0,0,0,0,0,0,0,0,0,0,0,10.655,10.655,0,0,0,0,0,0,0,0,0,0,0,0,0,0,10.747,10.692,0,0,0,0,0,0,0,0,0,0,0,0,10.711,10.711,10.653,10.653,0,0,0,0,0,0,0,0,0,0,0,0,0,0,12.387,11.112,0,0
OutsideOutlets_Re,0,0,0,0,0,0,0,0,0,0,0.631,0.631,0,0,0,0,0,0,0,0,0,0,0,0,0,0,0,0,0,0,0,0,0,0,0,0,0,0,0,2.066,0.863,0,0,0,0,0,0,0,0,0,0,0,0,0,0,0,0,0,0,0,0,0,0,0,0,0,0,0,0,0,0,1.81,1.81,0,0,0,0,0,0,0,0,0,0,0,0,0,0,0,0,0,0,0,0,0,0,0,0,0,0,0,0,0,0,0,0,0,0,0,0,0,0,0,0,0,0,0,0,0,0,0,0,0,0,0,0,0,0,0,0,0,0,0,0,0,0,0,0,0,0,0,0,0,0,0,0,0,0,0,0,0,0,0,0,0,0,0,0,0,0,0,0,0,0,0,0,0,0,0,0,0,0,0,0,0,1.843,0.618,0,0,0,0,0,0,0,0,0,0,0,0,0,0,0,0,0,0,0,0,0,0,0,0,0,0,0,0,0,0,0,0,2.056,0.762,0,0,0,0,0,0,0,0,0,0,0,0,0,0,0,0,0,0,0,0,0,0,0,0,0,0,0,0,0,0,0,0,1.565,1.565,0,0,0,0,0,0,0,0,0,0,0,0,0,0,0,0,0,0,0,0,0,0,0,0,0,0,0,0,0,0,0,0,0,0,0,0,0,0,0,0,0,0,0,0,0,0,0,0,0,0,0,0,0,0,0,0,0,0,0,0,0,0,0,0,0,0,0,0,0,0,0,0,0,0,0,0,0,0,0,0,0,0,0,0,0,0,0,0,0,0,0,0,0,0,0,0,0,0,0,0,0,0,0,0,0,0,0,0,0,0,0,0,0,0,0,0,0,1.89,0.85,0,0,0,0,0,0,0,0,0,0,0,0,0,0,0,0,0,0,0,0,0,0,0,0,0,0,0,0,0,0,0,0,0,0,0,0,0,0,0,0,0,0,0,0,0,0,0,0,0,0,0,0,0,0,0,0,0,0,0,0,0,0,0,0,0,0,0,0,1.871,0.632,0,0,0,0,0,0,0,0,0,0,0,0,0,0,0,0,0,0,0,0,0,0,0,0,0,0,0,0,0,0,0,0,0,0,0,0,0,0,0,0,0,0,0,0,0,0,0,0,0,0,0,0,0,0,0,0,0,0,0,0,0,0,0,0,0,0,0,1.618,1.618,0,0,0,0,0,0,0,0,0,0,0,0,0,0,0,0,0,0,0,0,0,0,0,0,0,0,0,0,0,0,0,0,0,0,0,0,0,0,0,0,0,0,0,0,0,0,0,0,0,0,0,0,0,0,0,0,0,0,0,0,0,0,0,0,0,0,0,0,0,0,0,0,0,0,0,0,0,0,0,0,0,0,0,0,0,0,0,0,0,0,0,0,0,0,0,0,0,0,0,0,0,0,0,0,0,0,0,0,0,0,0,0,0,1.642,0.443,0,0,0,0,0,0,0,0,0,0,0,0,0,0,0,0,0,0,0,0,0,0,0,0,0,0,0,0,0,0,0,0,0,0,0,0,0,0,0,0,0,0,0,0,0,0,0,0,0,0,0,0,0,0,0,0,0,0,0,0,0,0,0,0,0,0,0,0,1.554,1.554,0,0,0,0,0,0,0,0,0,0,0,0,0,0,0,0,0,0,0,0,0,0,0,0,0,0,0,0,0,0,1.827,0.587,0,0,0,0,0,0,0,0,0,0,0,0,0,0,0,0,0,0,0,0,0,0,0,0,0,0,0,0,0,0,0,0,0,0,0,0,0,0,0,0,0,0,0,0,0,0,0,0,0,0,0,0,0,0,0,0,0,0,0,0,0,1.861,0.827,0,0,0,0,0,0,0,0,0,0,0,0,0,0,0,0,0,0,0,0,0,0,0,0,0,0,0,0,0,0,1.548,1.548,0,0,0,0,0,0,0,0,0,0,0,0,0,0,0,0,0,0,0,0,0,0,0,0,0,0,0,0,0,0,1.82,0.812,0,0,0,0,0,0,0,0,0,0,0,0,0,0,0,0,0,0,0,0,0,0,0,0,0,0,0,0,0,0,0,0,0,0,0,0,0,0,0,0,0,0,0,0,0,0,0,0,0,0,0,0,0,0,0,0,0,0,0,0,0,0,0,0,0,0,0,0,0,0,0,0,0,0,0,0,0,0,0,0,0,0,0,0,0,0,0,0,0,0,0,0,0,0,1.965,0.763,0,0,0,0,0,0,0,0,0,0,0,0,0,0,0,0,0,0
CellarLights_Re,0,0,0,0,0,0,0,0,0,0,-0.103,-0.103,0,0,0,0,0,0,0,0,0,0,0,0,0,0,0,0,0,0,0,0,0,0,0,0,0,0,0,0,0,0,0,0,0,0,0,0,0,0,0,0,0,0,0,0,0,0,0,0,0,0,0,0,0,0,0,0,0,0,0,0,0,0,0,0,0,0,0,0,0,0,0,0,0,0,0,0,0,0,0,0,0,0,0,0,0,0,0,0,0,0,0,0,0,0,0,0,0,0,0,0,0,0,0,0,0,0,0,0,0,0,0,0,0,0,0,0,0,0,0,0,0,0,0,0,0,0,0,0,0,0,0,0,0,0,0,0,0,0,0,0,0,0,0,0,0,0,0,0,0,0,0,0,0,0,0,0,0,0,0,0,0,0,0,0,0,0,0,0,0,0,0,0,0,0,0,0,0,0,0,0,0,0,0,0,0,0,0,0,0,0,0,0,0,0,0,0,0,0,0,0,0,0,0,0,0,0,0,0,0,0,0,0,0,0,0,0,0,0,0,0,0,0,0,0,0,0,0,0,0,0,0,0,0,0,0,0,0,0,0,0,0,0,0,0,0,0,0,0,0,0,0,0,0,0,0,0,0,0,0,0,0,0,0,0,0,0,0,0,0,0,0,0,0,0,0,0,0,0,0,0,0,0,0,0,0,0,0,0,0,0,0,0,0,0,0,0,0,0,0,0,0,0,0,0,0,0,0,0,0,0,0,0,0,0,0,0,0,0,0,0,0,0,0,0,0,0,0,0,0,0,0,0,0,0,0,0,0,0,0,0,0,0,0,0,0,0,0,0,0,0,0,0,0,0,0,0,0,0,0,0,0,0,0,0,0,0,0,0,0,0,0,0,0,0,0,0,0,0,0,0,0,0,0,0,0,0,0,0,0,0,0,0,0,0,0,0,0,0,0,0,0,0,0,0,0,0,0,0,0,0,0,0,0,0,0,0,0,0,0,0,0,0,0,0,0,0,0,0,0,0,0,0,0,0,0,0,0,0,0,0,0,0,0,0,0,0,0,0,0,0,0,0,0,0,0,0,0,0,0,0,0,0,0,0,0,0,0,0,0,0,0,0,0,0,0,0,0,0,0,0,0,0,0,0,0,0,0,0,0,0,0,0,0,0,0,0,0,0,0,0,0,0,0,0,0,0,0,0,0,0,0,0,0,0,0,0,0,0,0,0,0,0,0,0,0,0,0,0,0,0,0,0,0,0,0,0,0,0,0,0,0,0,0,0,0,0,0,0,0,0,0,0,0,0,0,0,0,0,0,0,0,0,0,0,0,50.345,-0.062,0,0,0,0,0,0,0,0,0,0,0,0,0,0,0,0,0,0,0,0,0,0,0,0,0,0,0,0,0,0,0,0,0,0,0,0,0,0,0,0,0,0,0,0,0,0,0,0,0,0,0,0,0,0,0,0,0,0,0,0,0,0,0,0,0,0,0,0,0,0,0,0,0,0,0,0,0,0,0,0,0,0,0,0,0,0,0,0,0,0,0,0,0,0,0,0,0,0,0,0,0,0,0,0,0,0,0,0,0,0,0,0,0,0,0,0,0,0,0,0,0,0,0,0,0,0,0,0,0,0,0,0,0,0,0,0,0,0,0,0,0,0,0,0,0,0,0,0,0,0,0,0,0,0,0,0,0,0,0,0,0,0,0,0,0,0,0,0,0,0,0,0,0,0,0,0,0,0,0,0,0,0,0,0,0,0,0,0,0,0,0,0,0,0,0,0,0,0,0,0,0,0,0,0,0,0,0,0,0,0,0,0,0,0,0,0,0,0,0,0,0,0,0,0,0,0,0,0,0,0,0,0,0,0,0,0,0,0,0,0,0,0,0,0,0,0,0,0,0,0,0,0,0,0,0,0,0,0,0,0,0,0,0,0,0,0,0,0,0,0,0,0,0,0,0,0,0,0,0,0,0,0,0,0,0,0,0,0,0,0,0,0,0,0,0,0,0,0,0,0,0,0,0,0,0,0,0,0,0,0,0,0,0,0,0,0,0,0,0,0,0,0,0,0,0,0,0,0,0,0,0,0,0,0,0,0,0,0,0,0,0,0,0,0,0,0,0,0,0,0,0,0,0,0,0,0,0,0,0,0,0,0,0,0,0,0,0,0,0,0,0,0,0,0,0,0,0,0,0,0,0
FurnaceHRV_Re,464.042,459.959,461.463,462.495,464.084,462.441,432.411,0,0,0,448.021,446.787,448.88,452.251,454.614,456.745,457.296,455.597,112.509,448.856,447.782,452.07,454.568,454.88,422.568,106.75,80.779,355.862,413.472,423.167,423.167,426.088,427.082,426.875,80.897,331.429,416.926,0,426.907,428.411,428.731,431.112,83.886,359.032,421.222,421.348,422.353,0,0,0,83.224,115.071,456.94,445.943,448.529,460.376,458.117,460.849,459.271,112.524,113.534,449.356,452.942,456.446,457.428,424.033,409.205,79.856,384.329,424.424,412.295,422.713,420.718,421.612,423.865,422.361,184.281,599.424,582.929,584.133,583.31,588.864,591.937,582.634,240.487,574.682,582.701,589.399,581.304,423.75,424.423,424.423,113.016,112.423,447.047,449.477,451.418,456.662,454.575,457.077,54.441,115.55,453.998,444.617,450.124,455.271,21.456,73.576,422.249,417.805,303.978,20.958,46.501,414.036,408.533,64.296,20.348,55.872,414.523,412.5,20.351,78.891,415.236,413.053,383.213,20.378,57.663,413.081,114.1,20.519,80.422,415.209,429.193,451.677,53.817,447.961,445.784,451.572,453.149,53.82,116.618,445.195,449.976,452.849,54.668,114.304,445.466,416.799,21.203,437.451,423.615,420.984,390.207,50.246,416.878,418.287,420.135,20.829,432.362,416.688,417.295,20.249,438.47,419.097,0,0,422.239,422.239,20.354,37.571,429.54,414.789,0,461.286,454.131,455.435,455.876,111.883,111.477,440.16,446.299,451.606,451.169,453.721,453.175,112.366,111.591,443.718,411.623,417.38,417.38,419.385,420.771,220.621,504.382,417.19,411.683,411.683,417.452,0,0,212.068,78.05,104.239,414.998,0,0,0,423.976,422.409,78.6,167.35,418.684,0,417.236,452.266,452.232,452.827,454.955,111.678,447.051,443.388,448.775,451.454,452.681,455.019,455.822,111.009,373.741,411.416,0,418.022,418.022,0,177.464,78.319,302.386,416.23,410.911,0,0,0,421.665,78.726,284.606,415.251,0,419.852,419.858,420.923,423.188,160.667,79.462,425.776,410.352,452.052,449.729,450.943,453.086,450.83,111.201,111.588,441.08,444.914,450.238,451.1,452.752,452.966,112.437,110.827,416.703,413.327,415.437,418.284,418.284,420.389,135.438,78.813,424.172,410.082,416.408,416.744,418.423,418.423,126.161,78.356,316.585,411.611,416.331,416.331,0,0,119.083,78.73,352.311,409.422,422.188,450.004,451.518,452.468,452.814,454.715,111.982,449.827,442.038,447.717,449.079,451.42,455.154,451.684,111.17,341.946,413.3,416.798,416.798,0,0,421.407,78.251,335.769,413.797,0,0,421.118,421.118,423.772,85.09,341.982,420.978,415.346,0,0,422.963,422.963,453.17,79.302,368.036,411.1,448.964,452.024,453.093,455.734,453.975,112.354,110.874,441.091,446.589,448.891,453.126,454.406,453.078,111.4,361.224,414.531,0,419.897,421.257,420.937,423.209,397.604,78.996,418.379,413.701,413.701,0,0,0,390.338,79.128,399.962,418.908,418.347,419.37,0,0,421.979,79.091,381.594,461.707,444.452,448.1,451.713,456.368,455.49,455.944,112.935,464.598,446.434,449.637,453.989,453.312,453.936,455.523,79.551,397.87,409.95,420.453,420.797,421.383,424.287,424.794,79.756,388.616,416.715,417.219,419.479,421.603,423.842,424.364,354.063,79.416,427.325,414.253,414.253,0,0,426.029,347.704,78.962,126.324,447.389,452.911,453.401,454.594,454.516,456.737,195.646,112.804,443.633,446.25,453.208,454.374,455.43,444.986,331.381,417.291,422.994,416.113,422.376,595.197,594.66,594.748,593.579,249.193,444.604,413.178,413.178,421.575,424.242,424.067,0,424.038,78.734,377.076,418.777,418.836,424.048,424.048,422.775,258.114,117.01,112.632,445.941,448.795,453.158,454.675,458.866,457.353,111.056,112.557,449.101,447.889,450,453.322,423.578,423.117,130.867,79.048,492.283,420.762,0,422.041,423.077,425.21,425.406,424.936,78.791,300.066,413.389,420.331,420.331,422.686,425.237,266.26,78.53,334.522,420.484,415.212,419.492,421.419,425.459,458.718,612.691,272.335,269.423,604.053,611.095,601.594,604.521,457.692,460.711,458.695,457.022,461.985,459.483,432.371,428.993,428.993,429.673,0,0,0,0,427.026,427.636,428.447,428.126,426.535,0,0,425.489,425.489,0,0,0,429.178,428.195,426.422,426.422,0,425.023,426.801,458.68,457.397,459.019,457.133,541.666,458.347,461.185,460.578,459.063,620.736,618.232,617.089,610.956,609.623,581.232,429.239,431.689,431.689,432.738,432.982,432.982,431.285,432.091,0,0,0,0,0,431.139,430.644,429.902,429.8,429.437,430.037,21.227,0,0,50.018,418.201,537.735,575.642,616.208,619.612,608.012,610.289,608.056,612.283,609.788,464.302,461.489,461.93,463.915,461.628,461.166,463.499,429.748,0,0,0,0,427.084,428.161,426.789,0,425.653,425.653,0,427.782,426.048,427.356,0,607.836,592.894,593.2,428.503,0,427.208,427.208,427.094,476.636,427.6,475.669,458.47,458.639,458.932,459.923,460.278,459.849,461.661,458.511,461.74,459.855,458.999,460.463,461.758,459.368,429.255,0,0,0,0,428.759,428.759,0,428.78,428.78,82.729,20.56,0,58.001,419.516,422.17,425.91,429.395,429.71,430.583,430.717,430.717,430.903,21.133,440.487,423.53,442.106,459.676,460.395,623.724,620.528,619.52,609.563,619.233,621.566,463.922,466.914,466.504,465.707,467.17,467.547,434.872,0,0,430.672,430.029,431.917,430.691,430.527,431.66,0,432.438,432.263,432.665,430.646,432.046,432.016,432.016,0,0,0,431.2,432.209,210.64,21.101,22.899,424.63,425.876,460.564,463.077,463.395,462.882,463.89,463.259,463.811,461.258,464.955,463.657,462.577,462.543,466.249,463.221,432.743,0,429.97,21.165,60.465,420.192,420.192,427.554,427.554,0,430.473,430.655,0,0,431.348,431.348,0,430.725,430.725,430.306,430.627,430.627,0,0,0,0,477.66,462.133,464.07,462.108,463.642,462.082,462.752,461.508,464.24,464.162,462.1,464.85,463.192,463.442,464.194,431.567,0,0,0,0,0,0,430.643,430.643,0,428.695,428.695,429.272,430.249,429.596,427.765,427.765,0,0,432.253,429.86,430.232,429.216,429.216,429.823,429.823,589.965,619.718,619.195,622.461,613.415,612.28,463.049,463.259,462.224,465.513,465.271,462.342,464.839,465.195,461.19,430.65,430.811,0,0,0,0,430.081,421.216,20.702,0,56.293,424.433,425.471,424.138,0,427.973,427.973,0,0,429.601,430.912,21.111,60.723,424.67,0,429.453,455.983,462.595,463.925,464.6,464.433,463.123,465.709,463.521,465.598,465.867,463.13,465.561,465.17,463.022,464.667,434.105,433.149,433.149,0,0,0,433.294,432.183,431.514,0,433.188,431.337,432.78,432.78,432.732,0,142.009,21.269,44.323,425.926,427.238,427.214,0,0,0,432.253,432.69,464.138,461.098,464.392,461.96,463.38,460.756,462.691,460.997,460.495,462.331,461.588,461.412,462.544,463.266,430.036,0,0,0,430.7,431.71,431.053,212.836,80.215,324.235,427.367,0,429.008,430.123,430.123,430.778,429.926,431.166,0,431.676,429.943,430.95,430.95,0,431.382,431.382,429.629,460.613,462.424,459.586,460.211,459.534,462.175,458.211,461.584,461.58,459.312,461.448,460.968,460.086,461.301,429.026,0,0,0,0,429.714,597.662,590.022,588.064,590.582,590.79,581.254,583.104,583.128,433.741,435.474,432.683,432.262,432.262,433.148,0,430.976,430.976,0,107.287,20.919,38.064,99.161,449.187,455.726,458.486,461.033,461.878,462.8,461.355
CellarOutlets_Re,0,0,0,0,0,0,0,0,0,0,123.163,123.163,123.261,122.41,121.12,121.12,0,0,0,0,0,0,78.868,12.989,0,0,0,0,0,0,0,0,0,0,0,0,0,0,0,738.92,133.005,0,0,123.405,123.405,0,0,0,0,120.857,120.857,0,120.037,120.037,0,114.55,13.399,0,0,0,0,0,0,0,0,0,0,0,0,0,0,653.166,130.674,136.75,0,123.363,122.434,0,0,0,0,0,0,120.851,120.851,0,0,0,31.53,13.087,0,0,0,0,0,0,0,0,0,0,0,0,0,0,0,405.292,136.788,0,124.043,124.234,0,0,121.984,121.984,0,121.31,121.31,0,0,117.878,117.878,0,23.422,13.853,0,0,0,0,0,0,0,0,0,0,0,0,0,0,0,0,622.468,134.996,123.703,124.587,122.071,123.265,121.06,121.06,0,0,0,0,0,0,128.88,119.29,0,64.719,12.761,0,0,0,0,0,0,0,0,0,0,0,0,0,0,0,738.014,134.075,0,124.625,123.556,123.193,123.193,0,0,120.022,121.256,0,119.116,119.116,119.724,0,0,59.492,12.826,0,0,0,0,0,0,0,0,0,0,0,0,0,0,0,730.139,134.319,123.873,123.873,0,0,0,0,120.28,120.28,120.104,0,0,119.003,119.003,0,0,50.505,12.929,0,0,0,0,0,0,0,0,0,0,0,0,0,0,0,293.213,135.074,0,0,0,292.163,452.543,436.802,436.802,434.487,173.417,13.831,0,0,0,0,0,0,0,0,0,0,0,0,0,461.717,152.365,133.442,0,0,0,0,133.926,133.926,129.985,129.985,128.274,126.225,126.717,126.746,125.35,125.974,0,0,0,123.757,123.757,0,0,0,0,0,0,0,121.781,121.781,0,119.225,119.225,0,118.831,118.831,0,0,0,0,0,46.434,12.868,0,0,0,0,0,0,0,0,0,0,0,0,0,0,455.526,132.306,0,0,0,0,0,0,0,120.439,120.439,0,0,119.448,120.478,0,0,119.662,119.662,53.831,12.932,0,0,0,0,0,0,0,0,0,0,0,0,0,0,0,681.065,134.602,0,0,122.648,122.648,122.906,0,0,0,0,0,0,0,0,0,0,0,22.956,13.018,0,0,0,0,0,0,0,0,0,0,0,0,0,0,0,260.691,137.274,134.523,0,0,0,121.883,121.883,0,121.933,121.933,120.786,0,0,0,0,0,0,52.49,14.142,0,0,0,0,0,0,0,0,0,0,0,0,0,0,0,707.503,133.624,0,0,0,0,0,0,0,0,0,0,0,0,0,0,0,14.219,12.906,0,0,0,0,0,0,0,0,0,0,0,0,0,0,0,302.183,135.639,0,0,123.842,123.842,121.574,121.574,0,0,120.272,120.272,0,0,0,0,0,0,43.782,12.947,0,0,0,0,0,0,0,0,0,0,0,0,0,0,0,560.231,134.674,0,123.05,123.845,123.845,121.165,121.165,120.624,119.527,0,0,0,0,118.469,119.585,0,0,51.256,12.72,0,0,0,0,0,0,0,0,0,0,0,0,0,0,0,339.22,134.242,0,123.25,123.465,122.578,120.637,120.637,0,0,0,119.285,0,0,0,0,0,0,70.792,12.907,0,0,0,0,0,0,0,0,0,0,0,0,0,0,0,266.839,132.416,124.927,0,0,123.257,121.544,139.905,133.044,127.475,127.475,0,124.013,125.125,0,121.583,122.639,122.228,120.165,119.405,119.405,0,0,0,0,0,0,0,63.425,12.792,0,0,0,0,0,0,0,0,0,0,0,0,0,0,0,716.474,133.681,0,0,121.728,121.728,0,0,0,0,119.53,119.53,0,0,0,0,0,0,0,94.249,13.003,0,0,0,0,0,0,0,0,0,0,0,0,0,0,0,270.003,135.072,0,0,122.966,122.117,0,121.578,120.597,0,0,0,0,0,119.651,119.651,120.365,120.263,27.037,14.283,0,0,0,13.037,13.037,0,0,0,0,0,0,0,0,0,552.17,132.443,0,0,0,0,0,0,0,0,0,0,0,0,0,0,49.521,49.521,12.89,0,0,0,0,0,0,0,0,0,0,0,0,0,700.143,134.265,124.881,124.387,123.389,124.565,0,0,0,0,0,0,0,0,0,0,0,105.898,13.076,0,0,0,0,0,0,0,0,0,0,0,0,0,184.708,132.393,132.393,125.22,125.372,0,0,123.389,122.12,122.12,0,0,0,0,0,0,13.167,14.273,0,0,0,0,0,0,0,0,0,0,0,0,0,693.923,132.768,136.114,0,0,123.063,124.162,0,0,0,0,0,0,0,0,0,99.285,13.238,0,0,0,0,0,0,0,0,0,0,0,0,0,0,567.494,136.42,0,123.748,123.748,124.448,0,0,0,0,0,120.357,120.357,0,0,0,22.773,13.159,0,0,0,0,0,0,0,0,0,0,0,0,0,0,221.792,135.318,125.468,125.856,125.14,0,0,0,0,0,122.364,122.364,0,0,0,0,37.243,14.13,0,0,0,0,0,0,0,0,0,0,0,0,0,0,516.419,132.044,132.044,0,0,0,0,123.37,123.37,0,0,0,0,0,0,0,76.537,12.968,0,0,0,0,0,0,0,0,0,0,0,0,0,0,343.856,135.59,0,0,124.444,124.444,0,122.036,122.036,121.146,121.487,0,0,0,0,0,51.169,13.089,0,0,0,0,0,0,0,0,0,0,0,0,0,0,36.28,138.249,0,123.483,123.483,0,0,0,0,0,0,0,0,0,0,0,108.672,13.307,0,0
WashingMachine_Re,0,0,0,0,0,0,0,0,0,0,1.188,1.188,0,0,0,0,0,0,0,0,0,0,0,0,0,0,0,0,0,0,0,0,0,0,0,0,0,0,0,0,0,0,0,0,0,0,0,0,0,0,0,0,0,0,0,0,0,0,0,0,0,0,0,0,0,0,0,0,0,0,0,0,0,0,0,0,0,0,0,0,0,0,0,0,0,0,0,0,0,0,0,0,0,0,0,0,0,0,0,0,0,0,0,0,0,0,0,0,0,0,0,0,0,0,0,0,0,0,0,0,0,0,0,0,0,0,0,0,0,0,0,0,0,0,0,0,0,0,0,0,0,0,0,0,0,0,0,0,0,0,0,0,0,0,0,0,0,0,0,0,0,0,0,0,0,0,0,0,0,0,0,0,0,0,0,0,0,0,0,0,0,0,0,0,0,0,0,0,0,0,0,0,0,0,0,0,0,0,0,0,0,0,0,0,0,0,0,0,0,0,0,0,0,0,0,0,0,0,0,0,0,0,0,0,0,0,0,0,0,0,0,0,0,0,0,0,0,0,0,0,0,0,0,0,0,0,0,0,0,0,0,0,0,0,0,0,0,0,0,0,0,0,0,0,0,0,0,0,0,0,0,0,0,0,0,0,0,0,0,0,0,0,0,0,0,0,0,0,0,0,0,0,0,0,0,0,0,0,0,0,0,0,0,0,0,0,0,0,0,0,0,0,0,0,0,0,0,0,0,0,0,0,0,0,0,0,0,0,0,0,0,0,0,0,0,0,0,0,0,0,0,0,0,0,0,0,0,0,0,0,0,0,0,0,0,0,0,0,0,0,0,0,0,0,0,0,0,0,0,0,0,0,0,0,0,0,0,0,0,0,0,0,0,0,0,0,0,0,0,0,0,0,0,0,0,0,0,0,0,0,0,0,0,0,0,0,0,0,0,0,0,0,0,0,0,0,0,0,0,0,0,0,0,0,0,0,0,0,0,0,0,0,0,0,0,0,0,0,0,0,0,0,0,0,0,0,0,0,0,0,0,0,0,0,0,0,0,0,0,0,0,0,0,0,0,0,0,0,0,0,0,0,0,0,0,0,0,0,0,0,0,0,0,0,0,0,0,0,0,0,0,0,0,0,0,0,0,0,0,0,0,0,0,0,0,0,0,0,0,0,0,0,0,0,0,0,0,0,0,0,0,0,0,0,0,0,0,0,0,0,0,0,0,0,0,0,0,0,0,0,0,0,0,0,0,0,0,0,0,0,0,0,0,0,0,0,0,0,0,0,0,0,0,0,0,0,0,0,0,0,0,0,0,0,0,0,0,0,0,0,0,0,0,0,0,0,0,0,0,0,0,0,0,0,0,0,0,0,0,0,0,0,0,0,0,0,0,0,0,0,0,0,0,0,0,0,0,0,0,0,0,0,0,0,0,0,0,0,0,0,0,0,0,0,0,0,0,0,0,0,0,0,0,0,0,0,0,0,0,0,0,0,0,0,0,0,0,0,0,0,0,0,0,0,0,0,0,0,0,0,0,0,0,0,0,0,0,0,0,0,0,0,0,0,0,0,0,0,0,0,0,0,0,0,0,0,0,0,0,0,0,0,0,0,0,0,0,0,0,0,0,0,0,0,0,0,0,0,0,0,0,0,0,0,0,0,0,0,0,0,0,0,0,0,0,0,0,0,0,0,0,0,0,0,0,0,0,0,0,0,0,0,0,0,0,0,0,0,0,0,0,0,0,0,0,0,0,0,0,0,0,0,0,0,0,0,0,0,0,0,0,0,0,0,0,0,0,0,0,0,0,0,0,0,0,0,0,0,0,0,0,0,0,0,0,0,0,0,0,0,0,0,0,0,0,0,0,0,0,0,0,0,0,0,0,0,0,0,0,0,0,0,0,0,0,0,0,0,0,0,0,0,0,0,0,0,0,0,0,0,0,0,0,0,0,0,0,0,0,0,0,0,0,0,0,0,0,0,0,0,0,0,0,0,0,0,0,0,0,0,0,0,0,0,0,0,0,0,0,0,0,0,0,0,0,0,0,0,0,0,0,0,0,0,0,0,0,0,0,0,0,0,0,0,0,0,0,0,0,0,0,0,0,0,0,0,0,0,0,0,0,0,0,0,0,0,0,0,0,0,0,0,0,0,0,0,0,0,0,0,0,0,0,0,0,0,0,0,0,0
FridgeRange_Re,110.182,114.558,110.876,108.685,107.581,7.918,6.154,0,0,0,109.431,106.96,109.469,107.092,110.079,114.134,113.358,7.536,6.714,6.237,8.685,7.916,7.85,6.514,6.003,0,0,0,0,0,0,0,0,0,0,0,0,0,0,0,0,0,0,0,0,0,0,0,0,0,7.148,7.148,6.669,6.66,8.068,8.03,7.393,128.655,120.661,120.933,120.78,119.268,119.946,119.952,118.882,121.265,0,119.913,117.977,0,110.291,110.291,108.663,114.214,112.903,116.631,114.986,0,106.281,106.281,106.138,106.428,111.428,114.461,112.346,0,0,18.174,6.696,0,0,7.876,7.876,7.646,7.932,6.473,7.826,5.996,7.88,6.513,6.482,7.485,6.16,6.326,6.731,6.4,5.859,0,0,0,0,0,0,6.961,28.128,10.643,5.598,966.693,120.253,123.029,121.369,119.331,0,0,129.47,118.656,0,0,118.601,114.353,0,108.229,113.369,119.327,117.668,118.921,119.856,114.082,110.75,109.011,108.911,113.149,115.021,118.001,115.094,109.211,108.529,106.918,106.053,0,39.004,6.019,0,0,0,0,0,0,0,0,0,0,0,0,0,0,0,0,0,0,0,0,0,7.537,8.002,6.512,6.918,7.657,7.606,7.709,117.208,119.459,120.721,121.271,121.304,118.755,119.27,119.096,117.366,0,119.92,119.287,0,0,107.723,105.782,116.423,116.423,116.083,114.586,0,107.113,108.144,105.903,113.166,110.341,111.373,0,20.217,7.994,6.279,0,0,0,8.02,7.727,7.947,6.742,6.638,7.541,8.031,6.875,7.799,7.956,7.801,6.852,6.767,7.764,6.05,5.973,0,0,0,0,0,0,0,0,0,0,0,0,239.294,128.141,0,0,0,0,0,0,0,0,119.246,116.78,0,110.558,110.176,107.645,112.417,114.935,115.857,111.453,107.811,107.567,107.194,104.613,110.229,111.719,110.099,20.159,6.317,7.568,6.759,0,0,0,0,0,0,0,0,0,0,0,0,0,0,0,0,0,0,0,0,0,0,0,7.455,7.866,7.91,6.466,6.787,7.842,6.511,6.87,7.944,6.535,7.874,911.966,115.287,119.746,120.419,118.1,0,0,0,0,0,119.719,118.512,0,108.545,108.545,109.401,0,115.042,113.645,0,0,106.532,107.717,104.223,112.931,109.941,110.575,0,92.313,7.712,7.289,7.741,7.478,6.126,6.504,6.45,6.186,7.462,6.449,7.66,6.624,5.963,7.474,7.482,6.389,5.926,0,0,0,0,0,0,0,0,0,0,0,0,0,0,0,0,0,0,0,779.466,137.665,128.731,0,0,0,119.04,119.273,119.344,117.67,116.908,118.487,113.205,111.999,111.322,109.504,113.363,113.293,114.37,111.769,109.222,0,106.511,106.955,105.03,111.263,114.111,111.634,47.044,6.283,6.058,0,0,0,0,0,0,0,0,0,0,0,0,0,0,0,7.593,7.593,6.764,7.951,7.889,7.87,6.593,6.703,6.212,6.742,7.414,7.686,6.444,7.586,6.533,7.89,0,0,0,0,0,901.86,122.712,0,0,0,0,0,0,0,0,120.106,118.063,0,0,108.241,108.241,0,115.143,116.261,114.414,0,104.714,105.812,107.728,111.677,111.102,109.483,105.282,104.227,6.803,6.087,7.711,6.453,7.146,7.736,7.28,0,0,0,0,0,0,0,0,0,0,0,0,0,0,0,0,0,0,0,0,0,0,0,0,113.659,6.08,7.598,7.565,116.679,117.972,119.438,118.843,120.33,120.037,118.511,117.88,120.05,122.796,244.483,115.276,113.979,120.697,120.697,0,122.921,120.232,118.676,112.805,108.941,236.185,117.954,118.832,121.136,118.437,116.514,0,0,107.853,106.39,0,115.052,208.097,112.526,107.288,112.335,113.272,117.852,119.361,109.9,107.415,105.324,105.466,105.307,104.039,106.361,106.115,104.503,103.966,104.389,102.543,102.272,102.228,0,0,0,0,0,0,0,0,0,104.755,101.253,0,0,0,99.032,99.032,0,0,0,0,0,0,0,113.4,456.865,448.003,448.461,444.073,444.055,444.846,441.538,442.388,444.886,439.329,7.35,6.102,5.78,6.229,6.206,6.175,198.295,152.732,0,0,0,0,90.039,113.142,0,0,0,0,0,0,210.712,134.153,135.439,133.447,0,0,0,0,0,0,0,117.069,120.002,125.142,123.639,124.128,125.338,116.799,112.427,109.328,110.557,108.33,112.711,116.937,117.183,116.201,110.412,109.937,107.525,105.895,106.198,116.091,113.637,112.417,0,0,106.848,5.747,0,0,0,0,0,4.255,4.255,0,0,0,10.054,19.1,6.005,0,0,8.06,6.932,6.908,6.913,6.599,6.72,6.61,6.735,6.947,7.918,256.315,121.314,123.078,121.954,121.826,120.128,0,0,0,0,0,117.908,142.303,111.842,0,110.679,110.679,116.609,116.609,117.235,114.823,0,107.151,107.151,106.449,113.448,113.448,116.191,114.13,77.631,6.222,6.308,7.952,6.526,6.459,7.637,7.755,6.727,7.799,7.985,7.831,7.557,7.848,7.999,6.265,7.806,6.244,0,0,0,0,0,0,0,0,0,0,0,0,0,0,0,0,753.854,136.782,0,0,0,0,0,0,0,120.175,118.145,118.122,115.249,111.317,109.693,108.351,107.534,109.832,113.918,115.544,110.927,110.102,107.581,109.204,106.59,104.822,109.921,112.873,71.562,6.361,8.247,6.136,0,0,0,0,0,0,0,0,0,0,0,0,0,0,0,0,0,0,7.742,7.753,8.123,6.759,7.844,7.664,6.833,7.979,7.657,7.748,7.662,7.728,8.063,6.376,7.577,5.608,0,583.513,137.327,0,0,0,0,0,0,0,0,118.382,115.808,0,0,110.835,107.911,106.177,114.284,114.063,115.325,0,106.339,106.21,107.501,112.547,114.684,113.755,109.174,106.258,106.609,105.425,7.539,6.408,6.62,7.638,7.481,6.541,7.751,7.955,6.581,0,0,0,0,0,0,0,0,0,0,0,0,0,0,0,0,0,0,0,0,0,0,0,0,834.36,136.172,117.429,119.031,118.358,119.403,117.51,119.061,118.485,118.413,116.223,118.183,114.205,112.607,110.734,109.345,108.214,114.159,111.194,115.728,115.531,0,105.533,105.533,107.16,105.094,111.97,113.646,59.762,6.267,8.203,5.982,0,0,0,0,0,0,0,0,0,0,6.452,7.832,6.403,7.545,7.891,6.445,6.101,6.105,6.589,6.38,7.719,6.526,6.717,7.859,6.51,6.967,0,0,0,0,0,0,0,0,0,652.41,136.29,0,0,0,0,0,0,0,0,118.206,116.814,0,0,109.39,108.196,113.217,113.703,113.984,110.852,106.795,105.305,107.527,104.911,108.365
DisposalDishwasher_Re,4.837,6.259,6.273,4.995,6.19,5.162,4.824,0,0,0,6.153,6.153,5.189,5.084,4.955,4.904,4.877,6.072,6.072,4.961,6.157,6.157,5.032,5.104,4.685,0,0,0,0,0,0,0,0,0,0,0,0,0,0,0,0,0,0,0,0,0,0,0,0,0,0,0,5.129,5.194,6.188,6.341,4.849,4.917,4.829,4.952,6.072,6.184,6.051,4.963,6.068,6.171,0,0,0,0,0,0,0,0,0,0,0,0,0,0,0,0,0,0,0,0,0,0,0,0,0,0,6.16,6.16,6.259,5.256,6.226,4.902,5.109,6.213,4.937,5.013,4.9,5.005,6.176,6.24,4.78,0,0,0,0,0,0,0,0,0,0,0,0,0,0,0,0,0,0,0,0,0,0,0,0,0,5.661,5.661,4.381,4.568,5.58,5.641,4.337,5.544,4.29,4.577,5.623,5.666,5.339,4.142,5.503,4.299,0,0,0,0,0,0,0,0,0,0,0,0,0,0,0,0,0,0,0,0,0,0,0,0,0,5.955,5.955,6.142,6.108,6.068,4.975,6.12,6.077,6.108,4.988,4.884,6.076,6.114,5.873,5.044,4.709,0,0,0,0,0,0,0,0,0,0,0,0,0,0,0,0,0,0,0,0,0,0,0,0,0,0,0,5.043,6.125,4.841,4.777,6.074,6.029,6.041,6.132,4.983,5.065,5.125,5.043,6.042,6.096,0,0,0,0,0,0,0,0,0,0,0,0,0,0,0,0,0,0,0,0,0,0,0,0,0,0,6.114,6.114,6.052,6.13,6.061,6.002,5.996,6.16,5.079,4.969,5.004,4.979,4.925,5.941,6.01,0,0,0,0,0,0,0,0,0,0,0,0,0,0,0,0,0,0,0,0,0,0,0,0,0,0,4.923,6.145,5.031,4.755,6.024,4.869,4.899,6.16,4.941,5.09,5.921,4.69,5.036,4.8,4.974,0,0,0,0,0,0,0,0,0,0,0,0,0,0,0,0,0,0,0,0,0,0,0,0,0,5.953,5.047,6.14,6.058,4.932,6.184,4.981,4.807,5.004,6.013,5.089,5.043,5.018,5.003,6.151,4.869,0,0,0,0,0,0,0,0,0,0,0,0,0,0,0,0,0,0,0,0,0,0,0,0,0,0,5.046,5.101,5.12,6.162,4.785,5.112,5.03,6.054,6.188,5.158,5.141,4.798,5.08,6.148,0,0,0,0,0,0,0,0,0,0,0,0,0,0,0,0,0,0,0,0,0,0,0,0,0,6.189,6.189,5.054,5.165,6.279,5.173,6.203,4.911,4.865,4.734,5.127,6.183,5.08,5.953,5.995,6.261,0,0,0,0,0,0,0,0,0,0,0,0,0,0,0,0,0,0,0,0,0,0,0,0,0,0,4.722,4.886,4.962,4.769,5.905,4.971,5.957,6.091,6.03,4.836,6.068,6.116,4.991,6.173,4.839,0,0,0,0,0,0,0,0,0,0,0,0,0,0,0,0,0,0,0,0,0,0,0,0,0,5.68,5.68,5.634,4.381,4.429,5.585,4.301,5.705,4.372,4.55,5.29,5.426,6.835,5.53,4.951,4.194,0,0,0,0,0,0,0,0,0,5.389,3.821,0,0,0,0,0,0,0,0,0,0,0,0,0,0,0,4.295,4.326,4.324,4.235,5.384,4.242,4.347,4.407,5.528,4.329,5.464,5.493,4.408,5.402,4.347,0,0,0,0,0,0,0,0,0,0,0,0,0,0,0,0,0,0,0,0,0,0,0,0,0,5.77,4.656,5.757,5.731,5.562,5.491,5.76,5.729,4.267,4.515,5.466,4.384,5.623,5.717,5.618,5.69,0,0,0,0,0,0,0,0,0,0,0,0,0,0,0,0,0,0,0,0,0,0,0,0,0,0,5.613,5.563,5.622,5.641,5.55,5.673,4.213,5.699,5.672,5.443,5.613,5.685,4.414,4.505,5.671,0,0,0,0,0,0,0,0,0,0,0,0,0,0,0,495.062,4.339,0,0,0,0,0,0,0,0,0,6.234,5.058,5.169,5.207,6.119,5.235,5.056,6.281,6.165,4.644,4.869,6.121,5.291,6.197,4.961,0,0,0,0,0,0,0,0,0,0,0,0,0,0,0,0,0,0,0,0,0,0,0,0,0,6.305,5.168,5.061,6.294,5.165,4.994,5.18,6.267,6.143,6.255,5.151,6.121,5.033,4.856,6.198,4.776,0,0,0,0,0,0,0,0,0,0,0,0,0,0,0,0,0,0,0,0,0,0,0,0,0,0,5.129,5.198,5.164,6.199,5.258,6.202,6.139,5.004,5.015,6.276,6.043,5.928,5.184,5.166,5.187,0,0,0,0,0,0,0,0,0,0,0,0,0,0,0,0,0,0,0,0,0,0,0,0,0,6.006,5.098,6.199,6.179,6.296,5.232,6.214,6.279,5.06,6.123,5.222,4.985,5.193,4.949,4.811,5.062,0,0,0,0,0,0,0,0,0,0,0,0,0,0,0,0,0,0,0,0,0,0,0,0,0,6.306,6.077,5.018,5.176,6.159,6.28,6.202,6.364,5.207,6.342,6.283,4.966,6.317,6.074,6.288,6.319,0,0,0,0,0,0,0,0,0,0,0,0,0,0,0,0,0,0,0,0,0,0,0,0,0,5.233,5.221,6.213,6.133,6.245,6.283,5.18,5.012,6.201,5.819,6.139,5.969,4.799,6.287,6.252,4.846,0,0,0,0,0,0,0,0,0,0,0,0,0,0,0,0,0,0,0,0,0,0,0,0,0,4.919,6.246,5.032,6.222,6.108,6.225,4.938,4.877,5.156,6.22,5.141,6.274,5.127,6.261,5.284,5.056,0,0,0,0,0,0,0,0,0,0,0,0,0,0,0,0,0,0,0,0,0,0,0,0,0,4.784,4.972,4.93,5.127,6.153,5.129,6.202,6.24,6.207
Microwave_Re,0,0,0,0,0,0,0,0,0,0,3.247,3.247,0,0,0,0,0,0,0,0,0,0,0,0,0,0,0,0,0,0,0,0,0,0,0,0,0,0,0,0,0,0,0,0,0,0,0,0,0,0,0,0,0,0,0,0,0,0,0,0,0,0,0,0,0,0,0,0,0,0,0,0,0,0,0,0,0,0,0,0,0,0,0,0,0,0,0,0,0,0,0,0,0,0,0,0,0,0,0,0,0,0,0,0,0,0,0,0,0,0,0,0,0,0,0,0,0,0,0,0,0,0,0,0,0,0,0,0,0,0,0,0,0,0,0,0,0,0,0,0,0,0,0,0,0,0,0,0,0,0,0,0,0,0,0,0,0,0,0,0,0,0,0,0,0,0,0,0,0,0,0,0,0,0,0,0,0,0,0,0,0,0,0,0,0,0,0,0,0,0,0,0,0,0,0,0,0,0,0,0,0,0,0,0,0,0,0,0,0,0,0,0,0,0,0,0,0,0,0,0,0,0,0,0,0,0,0,0,0,0,0,0,0,0,0,0,0,0,0,0,0,0,0,0,0,0,0,0,0,0,0,0,0,0,0,0,0,0,0,0,0,0,0,0,0,0,0,0,0,0,0,0,0,0,0,0,0,0,0,0,0,0,0,0,0,0,0,0,0,0,0,0,0,0,0,0,0,0,0,0,0,0,0,0,0,0,0,0,0,0,0,0,0,0,0,0,0,0,0,0,0,0,0,0,0,0,0,0,0,0,0,0,0,0,0,0,0,0,0,0,0,0,0,0,0,0,0,0,0,0,0,0,0,0,0,0,0,0,0,0,0,0,0,0,0,0,0,0,0,0,0,0,0,0,0,0,0,0,0,0,0,0,0,0,0,0,0,0,0,0,0,0,0,0,0,0,0,0,0,0,0,0,0,0,0,0,0,0,0,0,0,0,0,0,0,0,0,0,0,0,0,0,0,0,0,0,0,0,0,0,0,0,0,0,0,0,0,0,0,0,0,0,0,0,0,0,0,0,0,0,0,0,0,0,0,0,0,0,0,0,0,0,0,0,0,0,0,0,0,0,0,0,0,0,0,0,0,0,0,0,0,0,0,0,0,0,0,0,0,0,0,0,0,0,0,0,0,0,0,0,0,0,0,0,0,0,0,0,0,0,12.234,61.647,199.802,3.331,197.877,3.23,0,0,0,0,0,0,0,0,0,18.157,3.287,0,0,0,0,0,0,0,0,0,0,0,0,0,0,0,0,0,0,0,0,0,0,0,0,0,0,0,0,0,0,0,0,0,0,0,0,0,0,0,0,0,0,0,0,0,0,0,0,0,0,0,0,0,0,0,0,0,0,0,0,0,0,0,0,0,0,0,0,0,0,0,0,0,0,0,0,0,0,0,0,0,0,0,0,0,0,0,0,0,0,0,0,0,0,0,0,0,0,0,0,0,0,0,0,0,0,0,0,0,0,0,0,0,0,0,0,0,0,0,0,0,0,0,0,0,0,0,0,0,0,0,0,0,0,0,0,0,0,0,0,0,0,0,0,0,0,0,0,0,0,0,0,0,0,0,0,0,0,0,0,0,0,0,0,0,0,0,0,0,0,0,0,0,0,0,0,0,0,0,0,0,0,0,0,0,0,0,0,0,0,0,0,0,0,0,0,0,0,0,0,0,0,0,0,0,0,0,0,0,0,0,0,0,0,0,0,0,0,0,0,0,0,0,0,0,0,0,0,0,0,0,0,0,0,0,0,0,0,0,0,0,0,0,0,0,0,0,0,0,0,0,0,0,0,0,0,0,0,0,0,0,0,0,0,0,0,0,0,0,0,0,0,0,0,0,0,0,0,0,0,0,0,0,0,0,0,0,0,0,0,0,0,0,0,0,0,0,0,0,0,0,0,0,0,0,0,0,0,0,0,0,0,0,0,0,0,0,0,0,0,0,0,0,0,0,0,0,0,0,0,0,0,0,0,0,0,0,0,0,0,0,0,0,0,0,0,0,0,0,0,0,0,0,0,0,0,0,0,0,0,0,0,0,0,0,0,0,0,0,0,0,0,0,0,0,0,0,0,0,0,0,0,0,0,0,0,0,0,0,0,0,0,0,0,0,0,0,0,0,0,0,0,0,0,0,0,0,0,0,0,0,0,0,0,0,0,0,0,0,0,0,0,0,0,0,0,0,0,0,0,0,0,0
KitchenLights_Re,3.372,3.29,2.158,3.255,2.194,3.296,0,0,0,0,1.999,1.999,3.41,3.276,2.107,0,3.142,2.204,2.302,3.212,3.212,0,3.235,2.223,3.404,0,0,0,0,0,0,0,0,0,0,0,0,0,0,0,0,0,0,0,0,0,0,0,0,0,0,0,0,0,2.214,2.372,3.329,2.973,2.955,2.055,1.939,1.948,0,0,0,0,0,0,0,0,0,0,0,0,0,0,0,0,0,0,0,0,0,0,0,0,0,0,0,0,0,0,2.25,2.245,2.322,2.278,3.257,3.416,3.371,3.27,2.236,3.437,3.3,3.409,3.252,3.264,2.519,0,0,0,0,0,49.252,259.382,261.376,257.327,257.327,251.499,257.711,259.319,256.444,255.286,0,254.852,254.852,0,254.706,254.706,0,0,254.422,254.422,0,253.75,254.691,0,254.775,254.775,0,0,255.439,257.01,253.51,256.559,0,0,0,0,88.685,3.032,0,0,0,0,0,0,0,0,0,0,0,0,0,0,0,0,0,0,0,0,0,0,0,0,2.17,2.17,3.231,3.231,2.215,2.215,2.064,2.964,2.929,1.921,1.879,1.925,0,3.115,3.115,0,0,0,0,0,0,0,0,0,0,0,0,0,0,0,0,0,0,0,0,0,0,0,0,0,0,0,0,3.221,2.201,3.33,2.275,0,0,3.167,2.167,0,2.203,2.187,3.173,2.185,0,0,0,0,0,0,0,0,0,0,0,0,1.502,3.028,0,0,0,0,0,0,0,0,0,0,0,0,0,2.934,2.934,1.965,1.965,3.08,3.02,1.947,3.065,2.983,2.983,3.027,1.964,3.265,2.257,0,0,0,0,0,0,0,0,0,0,0,0,0,0,0,0,0,0,0,0,0,0,0,0,0,0,0,0,0,3.29,2.282,2.162,2.162,0,2.188,2.188,0.563,3.091,2.216,1.894,1.894,0,0,0,0,0,0,0,0,0,0,0,0,0,0,0,0,0,0,0,0,0,0,0,0,0,0,0,3.202,3.202,3.181,3.181,3.354,3.354,0,0,2.219,2.219,0,3.137,3.137,0,0,0,0,0,0,0,0,0,0,0,0,0,0,0,0,0,0,0,0,1.606,2.645,0,0,0,0,0,1.986,1.986,1.96,1.96,3.106,1.95,3.138,2.041,2.884,2.997,2.993,1.934,2.972,1.985,0,0,0,0,0,0,0,0,0,0,0,0,0,0,0,0,0,0,0,0,0,0,0,0,0,0,0,0,3.28,2.161,0,2.24,2.24,3.285,3.33,2.179,2.193,0,3.672,3.346,2.206,0,0,0,0,0,1.374,2.904,0,0,0,0,0,0,0,0,0,0,0,0,0,0,0,0,0,0,0,3.136,2.026,2.99,3.139,2.115,1.951,2.167,3.266,2.167,2.166,2.17,3.251,3.251,3.358,3.153,0,0,0,0,0,0,0,0,0,0,0,0,0,0,0,0,0,0,0,0,0,0,0,0,0,103.506,257.168,251.45,254.817,253.998,253.998,0,0,0,0,0,254.213,254.213,0,0,276.029,443.099,443.246,443.582,440.829,440.829,442.597,442.597,0,440.953,442.749,441.521,440.419,440.523,0,438.622,438.714,0,364.675,361.77,360.508,361.663,360.695,362.222,359.521,360.61,361.154,360.543,361.788,360.476,362.022,363.667,363.667,363.324,0,363.768,365.37,0,0,0,365.28,365.28,363.931,365.268,0,0,0,0,364.39,366.138,0,0,363.222,364.561,0,363.557,363.017,0,364.989,364.989,0,0,362.333,363.423,0,362.076,361.76,311.258,254.832,0,0,0,0,0,0,253.892,253.892,0,254.294,254.294,0,249.144,254.029,0,0,0,0,0,0,0,0,251.738,251.738,0,0,252.516,252.516,0,252.636,252.636,251.731,253.724,0,0,0,0,0,0,0,0,0,251.855,251.855,0,0,0,0,0,0,0,0,253.241,254.282,0,0,0,0,0,0,0,0,255.908,255.908,0,255.804,255.804,256.647,259.315,283.303,257.256,257.895,0,0,0,0,240.332,4.038,0,0,0,3.257,3.383,2.035,3.314,2.097,2.165,3.304,2.122,2.221,197.705,2.084,3.214,3.323,3.193,3.158,0,0,0,0,0,0,0,0,0,0,0,0,0,0,0,0,0,0,0,0,0,0,0,0,0,2.381,2.381,3.526,3.431,3.434,2.639,2.467,2.569,2.508,3.499,2.492,2.572,2.44,3.648,2.478,3.694,0,0,0,0,0,0,0,0,0,0,0,0,0,0,0,0,1.851,2.866,0,0,0,0,0,0,0,0,3.306,3.156,3.327,2.558,3.371,2.196,3.391,2.228,3.267,2.267,2.313,3.341,3.37,2.413,0,0,0,0,0,0,0,0,0,0,0,0,0,0,0,0,0,0,0,0,0,0,0,0,0,0,0,3.598,2.486,2.514,3.674,2.454,2.525,2.427,2.421,2.482,3.488,3.443,27.264,2.434,2.541,2.541,0,2.391,2.391,0,0,0,0,0,0,0,0,0,0,0,0,0,0,0,0,0,0,0,0,0,0,3.288,3.288,2.235,3.286,3.278,2.256,2.278,2.514,3.394,2.415,2.588,3.654,2.551,2.593,2.415,2.41,0,0,0,0,0,0,0,0,0,0,0,0,0,0,0,0,0,0,0,0,0,0,0,0,1.783,2.968,2.32,3.289,2.299,2.096,3.144,3.224,2.12,2.284,3.339,3.265,3.29,3.382,3.461,3.235,3.316,0,0,0,0,0,0,0,0,0,0,0,0,0,0,0,0,0,0,0,0,0,0,0,0,0,3.466,2.427,2.514,2.478,2.511,2.506,3.57,3.525,2.378,3.489,2.352,2.391,2.422,2.447,2.491,3.433,0,0,0,0,0,0,0,0,0,2.126,2.126,0,0,0,0,0,0,0,0,0,0,0,0,0,0,3.369,2.248,2.154,2.189,2.142,3.205,3.384,2.145,3.292
BedroomOutlets_Re,0,0,0,0,0,0,0,0,0,0,18.789,18.789,20.408,18.808,18.825,0,0,0,0,0,0,0,18.832,18.777,0,0,0,0,0,0,11.849,14.312,11.889,0,0,0,0,0,0,13.982,11.972,0,0,0,0,0,0,0,0,0,0,0,0,0,0,13.515,11.957,0,0,0,0,0,0,0,0,0,0,0,0,0,0,0,13.466,11.733,11.829,11.829,0,0,0,0,0,0,0,13.028,11.794,11.756,0,0,12.126,11.81,15.902,39.011,38.519,36.888,0,0,0,35.699,34.174,0,0,0,0,0,0,36.506,34.27,0,22.789,22.47,0,13.763,11.778,11.77,0,0,0,0,0,0,0,11.602,11.602,11.684,0,13.162,13.162,0,0,0,0,0,0,0,0,0,0,0,0,0,13.215,11.469,12.99,11.651,0,0,0,0,13.675,11.567,0,0,0,0,13.312,11.63,0,13.711,11.642,0,0,0,0,0,0,0,0,0,0,0,0,0,0,0,13.159,12.018,0,0,0,0,0,0,0,0,0,0,0,0,0,0,0,13.608,11.507,0,0,0,0,0,0,0,0,0,0,0,0,0,0,0,13.222,11.464,0,0,0,0,0,0,0,0,0,0,0,0,0,0,0,13.351,11.333,0,0,0,0,0,0,0,0,0,0,0,0,0,0,0,11.546,11.575,0,0,0,13.468,11.645,0,0,0,13.333,11.919,0,0,0,0,0,0,0,0,0,0,0,0,0,11.305,12.808,0,0,0,0,0,0,0,0,0,0,0,0,0,0,0,12.583,11.515,0,0,0,0,0,0,0,0,0,0,0,0,0,0,0,0,0,0,0,0,0,0,0,11.354,11.286,0,0,0,0,0,0,0,0,0,0,0,0,0,0,12.912,11.552,0,0,0,0,0,0,0,0,0,0,0,0,0,0,0,0,0,12.893,11.646,0,0,0,0,0,0,0,0,0,0,0,0,0,0,0,13.282,12.042,0,0,0,0,0,0,0,0,0,0,0,0,0,0,0,0,12.861,12.62,0,0,0,0,0,0,0,0,0,0,0,0,0,0,0,12.618,11.684,0,0,0,0,0,0,0,0,0,0,0,0,0,0,0,0,13.353,11.615,0,0,0,0,0,0,0,0,0,0,0,0,0,0,0,13.47,11.7,0,0,0,0,0,0,0,0,0,0,0,0,0,0,0,11.609,11.658,0,0,0,0,0,0,0,0,0,0,0,0,0,0,0,12.507,11.413,0,0,0,0,0,0,0,0,0,0,0,0,0,0,0,0,13.217,11.537,0,0,0,0,0,0,0,0,0,0,0,0,0,0,0,13.425,11.553,0,0,0,0,0,0,14.2,11.593,0,0,0,11.371,12.787,11.331,11.664,11.55,13.667,13.629,12.757,11.567,0,13.03,11.829,0,0,0,0,0,0,0,0,12.572,11.816,13.082,11.625,0,0,0,0,0,0,0,0,0,0,0,0,0,0,0,0,12.96,11.296,0,13.093,11.66,0,0,0,0,0,0,23.367,27.416,0,0,0,0,26.265,25.02,0,0,0,26.073,27.364,25.191,25.074,0,0,26.384,25.035,0,0,0,0,0,0,0,0,0,0,0,0,0,0,0,24.754,26.247,24.751,0,0,0,0,0,0,0,0,0,0,0,0,28.009,32.986,33.675,32.206,0,0,0,0,0,24.253,18.825,0,0,0,0,0,0,0,0,0,0,20.671,18.746,0,0,0,0,0,0,0,0,0,0,0,0,0,0,0,20.743,20.422,0,0,0,0,0,0,0,21.45,19.164,0,0,0,19.7,20.042,18.943,18.626,20.604,19.134,0,0,21.518,20.945,19.017,0,20.514,20.514,0,0,0,0,20.913,19.057,19.086,20.41,19.058,20.443,0,0,0,0,0,0,0,0,0,0,0,0,0,20.729,20.651,0,0,0,0,0,0,0,0,0,0,0,0,0,20.641,20.004,0,0,0,0,0,0,0,0,0,0,0,0,0,0,0,20.842,19.397,0,0,0,0,0,0,0,0,0,0,0,0,0,20.727,18.958,0,0,0,0,0,0,0,0,0,0,0,0,0,0,20.869,19.305,0,0,0,0,0,0,0,0,0,0,0,0,0,0,19.199,19.194,0,0,0,0,0,0,0,0,0,0,0,0,0,0,20.484,19,20.783,18.716,0,0,0,0,0,0,0,0,0,0,0,19.201,19.114,0,0,0,0,0,0,0,0,0,0,0,0,0,0,20.452,19.005,0,0,0,0,0,0,0,0,0,0,0,0,0,0,19.231,20.44,0,0,0,20.519,19.208,0,0,0,0,0,0,0,0,0,21.117,19.484,19.391,0,0,0,0,0,0,0,0,0,0,0,0,0,20.623,18.641,0,0,0,0,0,0,0,0,0,0,0,0,0,0,21.288,19.572,0,0,0,0,0,0,0,0,0,0,0,0,0,0,20.768,19.579,0,0,0,0,0,0,0,0,0,0,0,0,0,0,20.857,19.504,0,0,0,0,0,0,0,0,0,0,0,0,20.991,19.253,19.172,19.243,0,0,0,0,0,0,0,0,0,0,0,0,0,0,20.168,19.431,0,0
BedroomLights_Re,0,0,0,0,0,0,0,0,0,0,4.916,4.916,4.883,4.756,0,0,0,0,0,0,0,0,0,0,0,0,0,0,0,0,0,0,0,0,0,0,0,0,0,4.737,4.737,0,0,0,0,0,0,0,0,0,0,0,0,0,0,6.131,5.101,0,0,0,0,0,0,0,0,0,0,0,0,0,0,0,4.624,4.581,38.925,64.438,0,0,0,0,0,0,0,21.244,4.843,0,0,0,0,0,0,0,0,0,0,0,0,0,0,0,0,0,0,0,0,6.058,4.9,0,0,0,0,0,0,0,0,0,0,0,0,0,0,5.525,4.385,5.555,0,7.062,4.43,0,0,0,0,0,0,0,0,0,0,0,0,0,0,0,0,57.85,105.917,85.386,5.086,0,0,0,0,0,0,0,4.648,4.648,0,0,0,0,0,0,0,0,0,0,0,0,0,0,0,0,0,0,0,0,0,0,0,0,0,0,0,0,0,0,0,0,0,0,0,5.972,4.649,0,0,0,0,0,0,0,0,0,0,0,0,0,0,0,0,0,0,0,0,0,0,0,0,0,0,0,0,0,0,0,0,6.297,4.735,0,0,0,0,0,0,0,0,0,0,0,0,0,0,0,4.597,4.588,0,0,0,5.986,5.986,0,0,0,5.772,5.772,0,0,0,0,0,0,0,0,0,0,0,0,0,0,0,0,0,0,0,0,0,0,0,0,0,0,0,0,0,0,0,0,0,0,0,0,0,0,0,0,0,0,0,0,0,0,0,0,0,0,0,0,0,0,0,0,0,0,0,0,0,0,0,0,0,0,0,0,0,0,0,4.566,4.566,0,0,0,0,0,0,0,0,0,0,0,0,0,0,0,0,0,0,0,0,0,0,0,0,0,0,0,0,0,0,0,0,0,0,0,0,0,0,0,0,0,0,0,0,0,0,0,0,0,0,0,0,0,0,0,0,0,0,0,0,0,0,0,0,0,0,0,0,0,0,0,0,0,0,0,0,0,0,0,0,0,0,0,0,0,0,0,5.822,5.822,0,0,0,0,0,0,0,0,0,0,0,0,0,0,0,0,0,0,0,0,0,0,0,0,0,0,0,0,0,0,0,0,0,0,0,0,0,0,0,0,0,0,0,0,0,0,0,0,0,0,0,0,0,0,0,0,0,0,0,0,0,0,0,0,0,0,0,5.9,4.706,0,0,0,0,0,0,0,0,0,0,0,0,0,0,0,6.026,4.75,0,0,0,0,0,0,0,0,0,0,0,0,0,0,0,0,0,0,0,0,0,0,0,0,0,0,0,0,0,0,0,0,0,4.32,4.32,0,0,0,0,0,0,0,0,0,0,0,0,0,0,0,0,0,0,0,0,0,0,0,0,0,0,0,0,0,0,0,0,0,4.454,4.454,0,0,0,0,0,0,0,0,0,0,0,0,0,0,0,0,0,0,0,0,0,0,0,0,0,0,0,0,0,0,0,0,0,0,0,0,0,0,0,0,0,29.585,4.47,5.69,5.69,0,0,0,0,0,0,0,0,0,0,0,0,0,0,0,0,0,0,0,0,0,0,0,0,0,0,0,0,0,0,0,0,0,0,0,0,0,0,0,0,0,0,0,0,0,0,0,0,0,0,0,0,5.985,5.985,0,0,0,5.776,5.776,0,47.199,65.466,0,0,0,28.779,4.723,0,0,0,0,0,0,0,0,0,0,0,0,0,0,0,0,0,0,0,0,0,0,0,0,0,0,0,0,0,0,0,0,0,0,0,0,0,0,0,0,0,0,0,0,0,0,0,0,0,0,4.687,4.687,0,0,0,0,0,0,0,0,0,0,0,0,0,0,0,0,0,0,0,0,0,0,0,0,0,0,0,0,0,0,0,0,0,0,0,0,0,0,0,0,0,0,0,0,0,4.61,4.61,0,0,0,0,0,0,0,0,0,0,0,0,0,0,5.854,5.854,0,0,0,0,0,0,0,0,0,0,0,0,0,0,0,0,0,0,0,0,0,0,0,0,0,0,0,0,0,4.754,4.754,0,0,0,0,0,0,0,0,0,0,0,0,0,0,0,0,0,0,0,0,0,0,0,0,0,0,0,0,0,0,5.776,5.776,0,0,0,0,0,0,0,0,0,0,0,0,0,0,5.946,5.946,0,0,0,0,0,0,0,0,0,0,0,0,0,0,4.597,4.597,0,0,0,0,0,0,0,0,0,0,0,0,0,0,0,0,0,0,0,0,0,0,0,0,0,0,0,0,0,0,4.646,4.646,0,0,0,0,0,0,0,0,0,0,0,0,0,0,4.634,4.634,0,0,0,0,0,0,0,0,0,0,0,0,0,0,6.09,4.728,0,0
MasterOutlets_Re,62.448,61.929,61.144,63.002,62.643,63.34,63.468,62.445,62.2,62.013,63.511,66.099,69.493,64.258,64.314,64.054,64.266,65.963,67.301,65.311,69.357,65.436,66.234,65.119,65.243,65.866,66.239,66.899,65.537,65.143,66.454,66.556,65.148,65.94,66.239,65.708,0,0,65.645,66.35,64.598,64.596,64.617,65.765,64.625,65.876,65.798,65.529,64.817,64.41,65.695,67.792,63.961,63.61,65.28,64.372,63.515,64.779,63.387,64.838,64.636,64.637,65.189,64.547,61.692,65.774,64.87,65.907,64.895,64.539,64.687,68.058,66.907,63.924,65.503,65.239,65.851,64.158,65.278,65.102,63.907,63.901,65.618,65.64,77.412,77.942,78.288,79.13,78.802,77.227,78.093,77.698,75.817,77.163,76.614,77.82,75.941,76.906,63.578,64.888,64.806,64.859,65.872,64.374,64.044,63.391,65.613,65.547,64.125,65.181,65.126,64.599,66.571,64.842,65.596,65.888,64.363,64.847,64.496,63.619,65.718,64.04,65.606,64.369,64.299,66.361,65.822,64.534,64.52,64.356,65.607,64.342,66.031,65.089,63.74,63.811,64.689,64.93,65.381,64.757,66.15,63.612,63.729,65.074,64.017,65.346,63.687,65.457,65.604,64.201,64.368,65.195,64.168,64.291,64.12,65.354,64.065,66.176,62.496,65.038,66.746,66.353,65.909,64.713,66.618,65.934,65.426,64.761,64.001,64.28,65.285,64.125,64.234,65.343,65.039,63.915,63.901,0,64.914,64.657,66.741,63.571,64.385,63.389,63.309,63.648,64.716,64.394,63.848,64.163,65.266,66.828,63.962,63.899,65.38,65.389,64.65,63.81,65.02,64.355,63.867,63.862,65.519,65.248,63.825,61.039,65.918,65.664,67.41,65.515,65.808,65.635,64.232,65.73,65.264,64.342,63.5,64.389,64.871,63.323,66.783,64.631,64.587,63.429,64.766,64.927,64.978,64.533,64.474,63.933,65.556,63.988,63.906,63.95,65.246,64.204,64.081,64.019,65.267,65.187,64.031,64.056,65.185,64.045,64.314,64.093,64.941,65.618,64.021,65.091,65.066,65.157,61.868,62.352,61.264,62.364,61.633,60.393,61.299,65.063,63.798,64.055,63.938,63.962,65.062,65.123,65.624,66.165,64.312,64.397,66.483,64.909,64.659,65.124,65.208,64.149,65.29,64.148,65.31,64.052,63.839,63.853,65.011,64.104,64.031,65.386,65.385,64.302,63.973,63.939,65.193,65.106,64.194,63.997,65.44,65.188,65.253,63.35,65.036,63.298,63.384,63.497,65.6,63.421,63.082,63.171,62.923,62.982,64.106,63.865,63.958,64.873,63.87,64.839,64.612,64.707,64.469,64.5,65.971,64.804,63.643,63.818,65.093,63.944,64.087,65.624,64.09,65.342,64.337,63.74,65.191,65.592,64.079,65.349,67.41,65.677,65.13,64.137,63.258,63.336,63.154,64.394,63.301,64.823,65.139,63.546,65.149,64.128,64.382,63.217,63.068,63.279,64.056,64.128,65.426,64.682,63.936,64.122,64.978,64.079,62.115,63.724,61.566,65.843,65.636,66.033,66.072,64.882,0,66.407,66.407,65.148,64.098,66.135,65.369,64.426,64.132,64.365,64.846,63.461,63.787,63.397,64.935,63.709,64.713,65.48,64.614,65.259,64.554,63.211,64.58,65.124,64.31,64.401,65.705,64.365,65.366,64.148,65.443,64.311,64.218,64.233,65.701,64.542,65.691,64.645,64.383,64.269,63.99,63.971,62.606,62.711,61.149,61.244,61.22,61.372,61.154,61.333,63.065,62.137,61.597,61.009,61.706,62.422,60.8,60.93,61.045,62.625,60.627,60.339,60.331,62.401,63.865,60.555,62.953,62.176,62.572,62.468,62.763,61.758,61.218,61.257,62.524,61.47,61.997,61.192,62.38,62.37,62.324,60.865,62.145,61.189,63.812,61.137,62.314,61.322,61.326,61.177,62.362,62.353,61.705,60.466,61.872,61.001,60.624,60.615,61.928,61.596,60.689,60.479,60.454,61.663,61.66,60.3,60.326,60.984,61.027,0,61.096,62.322,61.018,61.037,62.244,62.089,61.359,60.966,62.561,61.413,61.147,61.021,62.512,61.257,62.426,62.567,62.366,61.455,62.676,61.196,62.389,62.406,62.318,61.346,61.414,62.047,60.592,60.552,61.967,60.308,60.325,60.343,60.929,59.348,60.122,62.13,61.398,62.63,61.366,61.317,62.713,63.331,63.433,61.26,61.208,61.305,61.568,61.498,63.282,61.962,62.464,62.282,62.512,61.289,61.092,62.272,62.388,63.39,62.887,61.254,62.571,62.472,63.138,61.091,61.821,61.549,61.153,60.778,62.356,61.771,61.53,61.04,62.465,60.76,62.096,60.753,60.73,61.224,63.023,61.539,62.983,61.7,0,0,63.008,61.786,61.555,61.389,62.648,62.619,61.35,61.155,62.499,62.376,62.621,61.612,62.601,62.677,64.308,61.472,62.751,62.728,63.959,61.461,62.765,60.603,60.981,60.561,62.443,62.712,62.02,60.55,62.26,62.459,62.562,60.257,62.525,62.119,61.578,61.098,62.43,61.18,61.177,61.102,62.363,62.678,65.906,62.817,62.423,61.239,62.444,60.968,62.466,62.558,60.845,62.282,62.337,61.153,62.179,61.032,62.213,61.15,63.791,61.017,62.346,62.231,61.602,60.198,62.182,60.585,60.665,61.771,62.029,60.313,61.353,61.779,61.876,61.692,60.321,61.781,62.514,62.119,61.232,62.36,62.32,61.2,64.296,62.556,61.436,61.512,61.325,0,61.292,61.564,60.081,61.446,61.412,60.376,61.551,60.344,61.652,60.54,64.155,60.839,61.406,60.271,65.088,59.466,61.618,59.456,60.838,59.914,59.394,60.741,59.702,59.921,61.848,74.15,73.574,73.076,73.305,73.871,73.567,73.264,74.031,60.004,71.292,70.114,70.241,72.689,67.102,66.462,67.845,67.227,65.964,66.997,66.649,65.27,64.881,64.804,64.438,64.49,67.883,64.244,66.29,65.496,67.289,65.018,63.812,64.191,63.068,63.84,62.642,62.667,63.369,62.214,64.19,62.615,62.364,62.033,64.224,62.095,61.935,63.818,63.949,64.069,66.862,62.469,63.623,63.515,62.447,62.163,0,63.982,62.727,63.46,64.968,62.153,62.381,62.259,63.314,62.264,66.823,62.18,63.441,63.345,65.447,62.178,63.438,62.709,61.634,61.582,61.262,61.212,62.708,61.403,62.666,62.991,62.291,62.341,63.839,63.511,61.868,62.275,63.568,63.563,67.185,62.236,63.482,63.795,63.5,62.059,62.125,64.019,62.975,62.062,63.514,63.413,62.193,62.097,63.32,62.658,67.311,62.553,63.793,62.359,66.13,62.016,62.132,62.284,61.543,62.681,62.247,61.73,61.325,63.561,62.457,61.59,62.587,63.855,61.492,61.658,63.185,61.447,63.26,63.147,65.402,62.15,63.384,63.269,62.012,61.874,63.569,63.608,63.019,61.781,63.028,62.149,62.526,62.414,62.969,62.969,65.887,62.104,0,63.692,67.097,62.077,63.334,62.013,63.256,61.596,61.268,61.259,61.234,61.43,63.145,62.771,63.116,61.856,63.258,63.142,62.309,62.846,63.489,63.897,66.755,62.231,63.472,63.449,63.395,62.112,62.209,62.127,64.958,62.229,63.518,62.383,63.617,62.185,63.705,63.514,63.476,64.599,63.403,62.91,65.404,62.009,63.557,62.641,62.278,62.211,63.022,61.297,64.188,62.521,63.271,61.387,62.634,62.02,64.205,61.614,61.303,62.4,63.641,61.597,66.861,62.12,65.173,62.357,63.223,63.505,63.507,62.257,63.473,64.013,63.538,63.349,63.61,62.231,63.476,62.292,63.525,62.218,63.238,62.141,64.698,62.247,63.169,63.259,62.238,62.131,61.454,61.454,61.464,61.38,62.529,62.621,62.587,60.956,62.622,61.235,62.239,61.673,63.403,62.933,61.14,62.076,63.253,62.947,63.631,61.942,63.107,61.875,61.825,62.021,63.271,63.341,63.308,62.325,63.047,63.699,63.646,62.138,63.459,62.596,63.977,63.321,63.343,62.436,62.12,62.111,63.535,63.21,61.468,61.18,62.913,61.605,63.676,62.287,63.288,62.631
MasterLights_Re,8.963,12.609,12.931,10.762,10.433,12.653,8.897,0,0,0,12.955,12.197,13.102,11.315,13.005,12.557,10.778,11.952,12.875,12.954,9.482,10.051,10.52,9.706,8.754,0,0,0,0,0,0,0,0,0,0,0,0,0,0,0,0,0,0,0,0,0,0,0,0,0,11.707,11.351,13.069,10.155,13.031,11.179,11.59,9.219,13.027,11.298,11.272,13.002,11.082,9.406,10.361,8.751,0,0,0,0,0,0,0,0,9.976,8.685,0,0,0,0,0,0,0,0,0,0,0,0,0,0,0,10.505,12.924,10.936,13.04,9.976,12.868,8.813,12.954,10.179,11.648,12.222,9.019,10.261,12.699,12.185,8.656,0,0,0,0,0,0,0,0,0,0,0,8.67,8.612,0,0,0,0,0,0,0,0,0,0,0,0,12.826,11.156,12.686,11.25,12.656,11.146,12.834,10.827,12.504,11.842,10.668,12.883,11.049,8.984,11.646,8.662,0,0,0,0,0,0,0,0,0,0,0,0,0,0,0,0,0,0,0,0,0,0,0,0,0,12.278,12.885,11.42,10.728,10.297,12.277,10.783,12.828,10.068,12.501,10.54,11.369,11.316,12.43,9.687,8.563,0,0,0,0,0,0,0,0,0,0,0,0,0,0,9.572,9.572,0,0,0,0,0,0,0,0,0,10.044,11.631,11.688,12.28,10.108,11.596,10.308,10.281,12.093,10.678,12.803,11.997,9.659,12.024,12.026,8.53,0,0,0,0,0,0,0,0,0,0,0,0,0,0,0,0,0,0,0,0,0,0,0,0,0,10.631,12.815,12.758,10.862,12.232,10.76,12.086,9.941,12.821,11.218,11.197,11.776,11.219,12.043,12.487,8.561,0,0,0,0,0,0,0,0,0,0,0,0,0,0,0,0,0,0,0,0,0,0,0,0,0,11.572,11.184,12.848,11.958,12.339,10.709,10.394,12.012,10.817,11.278,12.483,11.566,8.546,10.246,12.394,8.496,0,0,0,0,0,0,0,0,0,0,0,0,0,0,0,0,0,0,0,0,0,0,0,0,0,12.232,11.715,11.251,10.748,9.946,12.716,9.806,12.053,12.692,10.487,12.861,10.156,10.664,12.943,12.014,8.62,0,0,0,0,0,0,0,0,0,0,0,0,0,0,0,0,0,0,10.275,9.621,0,0,0,0,0,10.723,11.346,11.788,12.507,9.897,12.779,11.638,11.277,12.115,11.026,12.952,10.51,10.396,12.858,9.821,8.673,0,0,0,0,0,0,0,0,0,0,0,0,0,0,0,0,0,0,0,0,0,0,0,0,13.151,13.151,10.774,10.391,12.908,11.777,12.92,10.168,9.163,10.958,11.164,12.727,9.695,11.604,12.952,11.113,8.641,0,0,0,0,0,0,0,0,0,9.692,8.688,0,9.828,8.654,0,0,0,9.679,8.613,0,0,0,0,0,10.416,12.984,11.331,9.326,11.663,10.433,11.676,9.328,12.68,11.325,12.194,10.839,9.93,10.673,12.811,9.365,0,0,0,0,0,0,8.551,8.551,0,8.538,9.539,0,0,0,0,0,0,0,0,0,9.957,8.526,8.692,0,8.614,8.614,12.982,12.763,9.455,12.635,10.703,11.569,10.704,12.717,10.039,10.652,12.226,9.046,10.085,12.778,8.596,0,0,0,0,0,0,0,0,0,0,0,0,0,0,0,0,0,0,0,0,0,0,0,0,0,9.817,11.515,12.779,10.366,12.704,9.439,12.652,10.092,10.144,12.859,9.39,11.847,12.839,10.114,11.048,9.745,0,0,0,0,0,0,0,0,0,0,0,0,0,0,0,8.569,8.569,0,9.601,8.601,0,0,0,0,0,12.852,12.771,10.284,12.002,10.363,12.339,10.275,12.821,8.614,11.516,10.992,8.9,10.827,12.643,9.704,8.655,0,0,0,0,0,0,0,0,0,0,0,0,0,0,0,0,0,0,0,0,0,0,0,0,0,11.125,12.629,11.799,11.458,10.599,10.718,11.438,8.48,12.734,9.743,11.194,12.692,11.698,9.103,11.848,8.563,0,0,0,0,0,0,0,0,0,0,0,0,0,10.036,8.694,0,0,0,0,0,0,0,0,0,0,10.666,12.472,12.052,10.523,12.528,12.797,12.729,11.166,11.196,12.745,10.85,10.363,12.514,10.779,10.541,8.839,0,0,0,0,0,8.821,8.821,0,0,0,0,0,0,0,0,0,0,0,0,0,0,0,0,0,0,13.154,11.708,11.506,12.305,11.62,10.362,12.427,10.471,12.819,10.053,10.573,12.699,10.303,8.853,12.331,8.798,0,0,0,0,0,0,0,0,0,0,0,0,0,0,0,0,0,0,0,0,0,0,0,0,0,13.266,13.135,10.038,12.677,10.376,12.776,10.701,12.852,10.54,11.087,12.333,9.195,11.181,10.061,11.812,9.212,0,0,0,0,0,0,0,0,0,0,0,0,0,0,0,0,0,0,0,0,0,0,0,0,0,12.314,11.803,12.239,10.303,10.49,12.609,11.024,10.784,12.756,9.674,11.955,12.474,10.382,9.033,12.224,8.774,0,0,0,0,0,0,0,0,0,0,0,0,0,0,0,0,0,0,0,0,0,0,0,0,0,11.226,12.51,11.153,12.131,10.099,12.799,9.947,13.223,10.789,12.543,12.792,10.318,10.473,12.526,11.476,8.854,0,0,0,0,0,0,0,0,0,0,0,0,0,0,0,0,0,0,0,0,0,0,0,0,0,10.493,10.957,12.914,10.112,13.118,10.213,12.979,10.654,11.272,11.958,10.959,10.683,13.063,11.675,11.112,8.782,0,0,0,0,0,0,0,0,0,0,0,0,0,0,0,0,0,0,0,0,0,0,0,0,0,11.179,13.025,10.146,12.387,11.412,12.219,9.17,12.937,10.208,11.788,12.716,9.964,10.857,13.091,10.997,8.802,0,0,0,0,0,0,0,0,0,0,0,0,0,0,0,0,0,0,0,0,0,0,0,0,0,10.944,11.892,12.634,10.498,10.251,11.859,11.822,11.246,12.891
DuctHeaterHRV_Re,43.674,631.116,967.93,456.908,367.932,857.605,2.104,20.371,2.594,2.659,2.702,653.706,641.942,846.854,556.359,899.074,493.771,710.329,1006.735,998.798,821.349,874.106,999.089,230.885,2.13,0,20.913,11.899,38.376,2.658,34.852,2.687,47.364,2.677,2.778,65.696,47.255,2.763,2.721,56.699,2.771,47.697,39.02,2.807,56.54,2.723,56.385,2.735,101.325,2.856,38.231,866.541,1008.837,313.45,1013.842,530.541,667.184,103.133,1010.452,443.698,634.466,1010.552,604.92,169.279,754.529,2.109,0,11.623,20.509,2.608,2.628,29.131,2.629,2.633,2.672,2.586,2.707,2.487,2.531,54.804,2.56,46.249,63.918,2.598,29.076,2.687,81.51,2.643,11.524,2.797,37.862,2.625,1006.311,550.295,1010.519,296.195,973.012,10.106,1002.855,336.317,725.015,859.963,77.074,695.895,949.417,554.977,2.138,0,11.607,29.054,46.372,82.032,2.767,2.645,113.404,130.569,46.627,2.708,37.522,2.494,2.593,28.931,46.124,37.38,54.855,2.682,73.061,2.72,37.14,37.813,2.66,87.547,2.52,612.279,996.065,615.534,971.297,607.229,1001.943,531.141,933.91,458.003,494.93,1001.751,778.635,102.48,691.809,2.048,0,46.228,2.553,28.885,64.323,29.29,28.821,29.004,2.654,46.707,46.318,2.647,2.641,63.862,2.605,54.778,106.867,2.648,46.149,2.63,55.279,2.685,63.56,2.618,46.494,2.559,992.328,657.232,466.772,401.709,878.988,519.79,997.916,349.47,923.11,603.228,668.919,652.776,921.214,283.419,2.082,0,20.051,54.438,45.908,2.581,2.661,2.547,11.235,19.791,2.53,2.584,45.868,2.586,2.68,106.516,2.586,2.549,37.244,2.573,80.364,11.232,46.029,2.671,45.906,2.64,54.689,720.552,927.028,844.172,357.038,723.762,405.274,833.144,668.53,496.702,992.946,528.757,255.687,797.895,807.896,2.089,0,28.623,11.18,37.124,2.579,11.609,2.745,2.639,37.168,45.877,2.601,46.176,54.463,2.677,28.809,62.921,2.547,63.064,2.625,37.511,2.642,46.109,2.616,45.783,2.685,63.344,920.427,986.727,529.661,880.148,530.233,859.829,324.788,992.577,621.235,616.448,754.066,614.325,607.842,940.827,2.17,0,11.227,2.689,89.059,71.669,2.534,28.836,63.31,37.147,97.26,2.57,37.011,54.275,2.61,54.747,38.117,2.562,37.301,2.604,46.113,45.993,54.412,2.713,63.582,2.641,54.515,594.27,983.295,637.462,619.581,903.891,736.082,627.066,820.1,642.608,930.313,552.595,2.326,772.558,930.589,2.09,0,20.053,2.58,45.974,106.209,2.53,28.823,10.262,2.465,71.546,2.464,19.756,28.325,2.587,80.6,2.692,41.749,54.314,37.411,80.867,2.603,28.704,2.614,72.986,2.728,28.687,726.949,753.435,854.317,331.528,960.627,301.252,825.596,566.159,439.155,990.294,363.424,474.755,992.12,804.094,2.157,20.24,2.585,46.456,72.354,124.673,54.991,2.6,20.316,28.872,2.844,37.598,55.139,46.42,2.607,46.199,2.696,47.067,20.195,2.641,227.597,2.605,2.611,2.646,2.694,2.727,37.729,646.775,524.008,910.195,309.143,968.161,682.712,626.332,312.352,550.175,1001.003,451.545,401.647,994.787,594.165,2.213,11.362,2.68,37.518,28.844,2.591,2.629,2.633,82.036,64.41,2.718,2.683,81.383,2.67,2.625,63.981,2.625,55.436,2.692,66.31,72.745,37.726,37.655,2.721,46.41,2.681,1048.123,854.057,384.814,978.36,703.136,997.652,333.719,236.511,554.498,834.695,963.349,235.944,696.978,998.687,713.384,2.234,11.459,2.663,20.285,11.5,90.575,2.594,54.969,63.609,90.164,2.777,63.832,46.14,2.601,81.214,11.089,2.587,28.712,2.799,124.267,2.647,80.898,2.777,63.74,72.395,19.996,1001.757,995.716,164.358,714.751,414.706,720.541,171.442,945.626,666.634,833.083,645.118,315.355,616.542,992.543,167.27,1.88,11.477,2.701,2.77,72.197,2.635,2.624,2.595,167.697,54.842,2.566,20.274,2.711,2.67,37.481,54.8,2.705,81.016,2.652,90.089,2.615,2.626,19.951,2.198,28.565,184.372,981.975,978.892,240.151,982.212,493.927,705.079,476.054,985.532,339.735,612.901,887.949,105.55,351.822,985.121,2.076,0,11.223,11.545,19.885,2.5,19.84,2.476,2.485,63.259,37.098,29.166,2.557,2.66,105.759,2.47,19.727,80.373,2.509,37.154,3.47,37.026,19.744,2.582,54.174,2.468,45.497,713.345,984.192,419.464,992.877,191.688,968.644,374.581,737.682,977.378,175.547,666.452,994.287,341.358,581.431,2.005,0,20.219,11.386,2.565,2.566,2.423,90.819,78.204,2.541,2.575,46.337,106.942,2.568,2.619,63.47,2.541,107.63,98.373,11.233,64.144,90.115,2.641,46.289,2.557,54.794,20.072,986.694,408.164,793.129,445.413,884.969,422.355,990.793,18.812,702.598,725.695,59.186,538.12,956.478,243.645,2.124,0,0,10.608,2.306,2.489,2.552,113.25,28.154,64.581,28.277,10.233,105.424,2.45,2.501,28.128,11.107,2.484,53.887,20.067,2.561,45.386,2.489,53.942,2.634,2.555,45.238,769.511,788.47,402.896,694.075,486.18,680.486,2.032,986.197,288.606,387.89,988.931,461.237,141.595,771.23,2.071,0,37.156,28.468,2.536,2.541,28.754,54.601,2.595,2.586,2.451,37.727,2.651,2.657,72.21,80.955,106.956,72.244,28.755,81.082,11.373,2.605,20.163,2.748,63.853,2.644,46.25,704.785,789.309,424.729,884.26,855.221,943.979,335.108,539.844,932.7,439.15,695.564,897.322,476.498,383.548,2.096,0,46.963,2.672,2.577,2.626,62.404,133.389,2.583,2.568,2.671,2.617,72.666,2.616,2.628,72.841,20.417,2.597,55.502,2.587,2.607,117.112,46.755,55.803,46.923,20.147,2.681,699.894,571.321,739.631,651.455,616.318,855.347,386.779,959.083,298.542,422.352,928.251,522.661,2.07,640.994,2.128,0,20.3,20.391,2.747,2.658,37.685,72.853,34.482,2.743,2.705,28.951,37.687,2.682,11.358,55.352,2.669,28.976,20.32,2.59,29.192,2.742,32.973,2.702,2.654,55.822,2.642,1008.236,280.288,894.31,868.415,926.793,448.371,968.135,387.326,500.923,832.686,74.38,471.454,162.296,718.84,2.062,0,11.596,29.218,2.682,73.371,2.669,2.609,28.893,64.629,37.946,37.874,51.114,37.848,2.714,2.736,46.42,2.655,2.63,37.772,2.622,46.888,2.675,37.945,55.542,2.635,46.635,690.353,810.588,520.12,584.146,679.279,700.506,445.766,950.01,197.795,494.96,858.296,380.306,42.604,822.355,2.077,0,20.286,2.595,2.752,29.087,37.664,64.024,2.853,2.722,2.793,46.508,55.298,2.608,55.219,55.32,2.605,20.184,55.343,2.634,72.973,2.798,56.018,20.445,11.527,37.922,2.589,866.831,538.271,758.484,297.118,925.957,256.854,1017.619,425.961,777.799,926.501,337.965,360.677,867.859,605.307,2.103,29.362,2.667,38.152,29.313,20.389,20.419,2.657,2.735,47.026,55.936,2.749,55.718,29.295,73.748,2.675,47.145,74.39,2.796,56.124,38.674,2.72,11.511,2.642,55.925,2.68,20.507,487.958,954.983,280.425,1022.715,329.865,977.554,429.517,529.057,767.237,497.564,542.143,1008.822,358.935,542.52,2.198,29.303,2.663,37.771,2.706,2.71,2.735,82.076,11.747,64.934,2.614,2.677,29.317,2.734,2.697,29.295,2.504,2.658,73.476,2.67,55.623,11.893,2.681,46.759,2.681,46.925,2.7,1009.559,319.648,854.958,620.482,810.381,86.243,999.063,327.034,536.98,928.076,260.721,481.957,1008.001,605.805,2.168,11.451,29.026,37.792,11.454,20.169,2.491,2.624,36.851,46.514,55.568,2.636,47.145,46.662,2.609,2.654,64.615,2.666,46.815,55.494,2.599,29.096,2.653,64.236,2.608,2.762,56.041,853.353,678.528,692.231,362.617,539.957,513.476,565.056,954.018
CounterOutlets1_Re,3.293,2.719,1.22,2.561,2.726,1.515,3.57,0,0,0,1.297,1.457,1.591,1.566,1.19,1.187,1.353,2.992,2.697,1.742,3.045,1.28,2.53,2.989,3.538,0,0,0,0,0,0,0,0,0,0,0,0,0,0,0,0,0,0,0,0,0,0,0,0,0,2.12,2.12,1.322,2.892,1.333,2.465,2.085,3.24,1.205,1.347,1.573,2.664,2.534,3.039,2.813,3.004,0,0,0,0,0,0,0,0,0,0,0,0,0,0,0,0,0,0,0,0,0,0,0,0,0,1.174,2.634,2.405,1.271,2.861,1.339,3.468,1.318,2.774,1.502,1.534,3.345,1.332,1.418,3.044,3.539,0,0,0,0,0,0,396.311,1492.458,1482.03,3.942,0,741.833,1499.354,1490.133,3.951,0,0,0,0,0,0,0,0,0,0,1.618,1.648,2.979,1.627,1.681,1.669,1.647,2.838,1.967,2.908,2.879,1.646,3.441,3.875,1.749,3.833,0,0,0,0,0,0,0,0,0,0,0,0,0,0,0,0,0,0,0,0,0,0,0,0,0,1.711,2.526,1.35,1.448,2.803,1.727,2.401,1.27,2.67,1.406,1.758,1.268,2.855,1.51,2.846,3.452,0,0,0,0,0,0,0,0,0,0,0,0,0,0,0,0,0,0,0,0,0,0,0,0,0,1.292,1.373,1.367,2.493,2.943,1.782,2.815,1.797,2.914,2.466,1.351,2.782,2.981,1.913,2.627,3.539,0,0,0,0,0,0,0,0,0,0,0,0,0,0,0,0,0,0,0,0,0,0,0,0,0,1.206,1.273,1.271,2.288,2.282,2.536,1.649,2.764,1.276,1.235,2.319,1.778,1.351,1.723,1.579,3.665,0,0,0,0,0,0,0,0,0,0,0,0,0,0,0,0,0,0,0,0,0,0,0,0,0,2.034,1.366,1.366,2.712,2.796,2.653,1.559,2.596,1.369,3.049,1.517,1.259,3.421,1.577,1.487,3.549,0,0,0,0,0,0,0,0,0,0,0,0,0,0,0,0,0,0,0,0,0,0,0,0,0,1.711,1.364,1.352,2.717,2.835,1.445,3.002,2.866,2.502,2.596,1.342,1.661,2.53,1.349,1.716,3.66,0,0,0,0,0,0,0,0,0,0,0,0,0,0,0,0,0,0,2.574,2.574,0,0,0,0,0,2.367,1.235,1.453,1.282,1.651,1.308,2.954,1.63,1.35,1.43,1.256,1.254,1.777,2.576,2.427,0,0,0,0,0,0,0,0,0,0,0,0,0,0,0,0,0,0,0,0,0,0,0,0,0,1.375,1.375,2.548,2.735,1.402,1.333,2.43,2.829,1.587,2.498,2.88,1.498,3.069,2.711,2.717,2.979,3.606,0,0,0,0,0,0,0,0,0,0,0,0,0,0,0,0,0,0,0,0,0,0,0,0,1.343,1.343,3.225,3.061,1.883,1.672,1.896,3.03,2.697,1.477,3.297,1.325,2.843,1.707,1.368,1.949,0,0,0,0,0,0,0,0,0,0,0,0,0,0,0,0,0,0,0,0,0,0,0,0,0,1.682,1.682,1.711,3.343,1.799,2.677,2.254,2.696,1.603,3.161,2.002,1.777,0.304,2.928,1.272,3.802,0,0,0,0,0,0,0,0,0,2.186,4.04,0,0,0,0,0,0,0,0,0,0,0,0,0,0,1.761,3.555,3.205,3.048,2.146,3.529,1.911,2.048,2.164,1.937,3.54,3.338,2.834,3.218,1.807,2.032,0,0,0,0,0,0,0,0,0,0,0,0,0,0,0,0,0,0,3.575,5.241,5.241,0,0,0,0,1.182,2.423,2.53,1.71,1.658,1.48,2.548,2.265,3.474,2.183,1.866,3.716,2.007,1.842,3.347,3.617,0,0,0,0,0,0,0,0,0,0,0,0,0,0,0,0,0,0,0,0,0,0,0,0,0,2.381,1.647,2.86,3.319,2.768,2.914,3.134,3.72,1.66,3.224,3.515,1.648,1.898,3.393,2.996,1.769,0,0,0,0,0,0,0,0,0,0,0,0,0,0,0,5.356,4.343,0,0,0,0,0,0,0,0,1.243,2.354,2.939,1.465,2.691,2.726,2.322,1.357,1.271,1.535,2.845,1.735,1.496,2.808,2.819,3.524,0,0,0,0,0,0,0,0,0,0,0,0,0,0,0,0,0,0,0,0,0,0,0,0,0,1.198,2.311,2.96,2.859,1.532,2.647,1.454,2.707,1.45,1.7,2.669,1.413,1.555,3.556,1.432,3.549,0,0,0,0,0,0,0,0,0,0,0,0,0,0,0,0,0,0,0,0,0,0,0,0,0,1.137,1.183,2.853,1.392,2.974,1.314,2.459,1.409,2.709,1.492,1.487,3.167,1.584,1.215,2.971,1.562,0,0,0,0,0,0,0,0,0,0,0,0,0,0,0,0,0,0,0,0,0,0,0,0,0,1.54,1.256,1.557,2.385,2.775,1.392,1.548,2.68,1.315,3.036,2.69,1.5,3.145,3.555,2.679,3.511,0,0,0,0,0,0,0,0,0,0,0,0,0,0,0,0,0,0,0,0,0,0,0,0,0,2.2,1.408,2.259,1.68,2.967,1.284,3.014,1.292,1.488,2.885,1.356,1.63,1.926,1.751,2.837,3.579,0,0,0,0,0,0,0,0,0,0,0,0,0,0,0,0,0,0,0,0,0,0,0,0,0,2.444,2.357,2.85,2.857,1.188,2.72,1.357,2.796,1.46,1.624,1.205,1.577,1.189,2.331,2.26,3.315,0,0,0,0,0,0,0,0,0,0,0,0,0,0,0,0,0,0,0,0,0,0,0,0,0,1.166,1.839,2.871,1.492,1.258,1.603,3.374,1.265,2.722,1.561,1.352,2.98,2.374,1.287,1.756,3.583,0,0,0,0,0,0,0,0,0,0,0,0,0,0,0,0,0,0,0,0,0,0,0,0,0,2.514,2.528,2.477,1.502,1.171,1.541,1.76,1.424,1.25
CounterOutlets2_Re,3.738,4.309,5.84,4.464,4.296,5.571,3.503,0,0,0,5.736,5.551,4.614,4.472,5.817,5.809,5.666,3.906,4.225,5.276,3.954,5.701,4.493,3.997,3.411,0,0,0,0,0,0,0,0,0,0,0,0,0,0,0,0,0,0,0,0,0,0,0,0,0,4.888,4.888,4.744,4.148,5.8,4.7,4.987,3.748,5.836,4.049,5.345,4.312,5.52,3.874,4.136,3.915,0,0,0,0,0,0,0,0,0,0,0,0,0,0,0,0,0,0,0,0,0,0,0,0,0,6.022,4.571,4.556,5.883,4.177,5.783,3.466,5.859,4.228,5.473,5.474,3.657,5.366,5.703,3.909,3.394,0,0,0,0,0,0,1.21,1.21,2.595,2.595,0,0,0,0,0,0,0,0,0,0,0,0,0,0,0,5.21,5.162,3.591,5.16,5.086,5.179,5.189,3.874,4.782,3.831,4.861,5.176,3.107,2.627,5.093,2.8,0,0,0,0,0,0,0,0,0,0,0,0,0,0,0,0,0,0,0,0,0,0,0,0,0,5.459,4.495,5.764,5.682,4.095,5.259,5.608,5.786,4.214,5.589,4.079,5.773,3.988,5.393,4.07,3.374,0,0,0,0,0,0,0,0,0,0,0,0,0,0,0,0,0,0,0,0,0,0,0,0,0,5.795,5.705,5.729,5.656,3.954,4.248,4.183,4.057,5.713,4.537,5.718,5.563,3.982,5.036,4.311,3.352,0,0,0,0,0,0,0,0,0,0,0,0,0,0,0,0,0,0,0,0,0,0,0,0,0,5.908,5.804,5.819,4.66,4.651,4.289,5.259,4.182,5.81,5.815,4.806,5.276,5.69,5.173,5.363,3.088,0,0,0,0,0,0,0,0,0,0,0,0,0,0,0,0,0,0,0,0,0,0,0,0,0,4.997,5.716,5.742,5.289,5.725,4.325,5.38,5.418,5.673,3.848,5.534,4.347,3.407,5.213,5.425,3.191,0,0,0,0,0,0,0,0,0,0,0,0,0,0,0,0,0,0,0,0,0,0,0,0,0,5.336,5.721,5.736,4.258,4.158,5.655,3.866,4.016,4.513,4.413,5.721,4.258,4.512,5.767,4.305,3.105,0,0,0,0,0,0,0,0,0,0,0,0,0,0,0,0,0,0,4.427,3.354,0,0,0,0,0,4.59,5.797,5.602,5.808,4.177,5.747,3.999,4.723,4.434,5.628,5.868,5.834,5.239,5.798,4.52,3.547,0,0,0,0,0,0,0,0,0,0,0,0,0,0,0,0,0,0,0,0,0,0,0,0,5.715,5.715,4.537,4.304,5.769,5.818,5.796,4.185,5.508,4.504,4.162,5.688,3.987,4.341,5.79,4.008,3.35,0,0,0,0,0,0,0,0,0,0,0,0,0,0,0,0,0,0,0,0,0,0,0,0,4.261,5.656,3.629,3.826,5.128,5.556,5.116,3.838,5.621,5.497,3.566,4.484,4.128,3.904,5.751,4.045,0,0,0,0,0,0,0,0,0,0,0,0,0,0,0,0,0,0,0,0,0,0,0,0,0,5.206,5.206,5.22,3.254,4.998,4.084,4.556,4.029,5.252,4.658,4.756,5.032,7.239,3.82,5.583,2.807,0,0,0,0,0,0,0,0,0,4.796,2.38,0,0,0,0,0,0,0,0,0,0,0,0,0,0,4.979,2.961,4.876,3.536,4.589,3.039,4.85,4.65,4.598,4.874,3.104,4.578,5.017,3.488,5.057,4.889,0,0,0,0,0,0,0,0,0,0,0,0,0,0,0,0,0,0,0,0,0,0,0,0,0,5.502,4.473,4.069,4.928,5.175,5.123,4.084,5.415,3.024,4.657,5.029,2.971,4.83,5.021,3.401,3.093,0,0,0,0,0,0,0,0,0,0,0,0,0,0,0,0,0,0,0,0,0,0,0,0,0,4.292,5.124,3.807,3.257,4.832,4.812,3.511,2.833,5.164,3.375,4.603,5.168,4.821,3.18,4.872,3.877,0,0,0,0,0,0,0,0,0,0,0,0,0,0,0,0.843,2.221,0,0,0,0,0,0,0,0,5.835,4.66,4.295,5.705,4.356,4.353,4.775,5.694,5.871,5.616,4.099,4.558,5.587,5.576,4.302,3.387,0,0,0,0,0,0,0,0,0,0,0,0,0,0,0,0,0,0,0,0,0,0,0,0,0,5.885,4.718,4.049,4.205,5.527,4.39,5.654,4.312,5.617,5.342,4.34,5.636,5.492,3.474,5.626,3.453,0,0,0,0,0,0,0,0,0,0,0,0,0,0,0,0,0,0,0,0,0,0,0,0,0,5.972,5.836,4.165,5.684,4.033,5.752,4.495,5.6,5.503,5.539,5.481,3.76,5.436,5.81,5.083,5.491,0,0,0,0,0,0,0,0,0,0,0,0,0,0,0,0,0,0,0,0,0,0,0,0,0,5.559,5.829,5.531,4.784,4.336,5.742,5.515,4.366,5.715,4.063,4.383,5.572,4.154,3.501,4.364,3.513,0,0,0,0,0,0,0,0,0,0,0,0,0,0,0,0,0,0,0,0,0,0,0,0,0,4.841,5.63,4.76,5.401,4.141,5.759,4.028,5.842,5.631,4.213,5.737,5.499,5.191,5.374,4.239,3.564,0,0,0,0,0,0,0,0,0,0,0,0,0,0,0,0,0,0,0,0,0,0,0,0,0,4.437,4.659,4.192,4.213,5.841,4.296,5.642,4.205,5.516,5.364,5.772,5.437,5.799,4.687,4.757,3.739,0,0,0,0,0,0,0,0,0,0,0,0,0,0,0,0,0,0,0,0,0,0,0,0,0,5.903,5.18,4.229,5.476,5.759,5.397,3.687,5.717,4.326,5.475,5.673,4.119,4.681,5.734,5.269,3.474,0,0,0,0,0,0,0,0,0,0,0,0,0,0,0,0,0,0,0,0,0,0,0,0,0,4.382,4.396,4.511,5.441,5.76,5.429,4.308,5.601,5.8
KitchenOutlets_Re,5.792,3.995,3.694,3.835,5.042,3.915,5.932,0,0,0,3.372,4.78,3.68,3.675,3.272,3.513,5.462,4.591,3.394,5.337,5.436,3.236,3.374,5.747,5.903,0,0,0,0,0,6.522,6.663,0,0,0,0,0,0,0,0,0,0,0,0,0,0,0,0,0,0,4.855,3.51,3.546,5.483,3.319,5.002,4.498,5.681,3.582,4.5,4.123,5.021,5.152,5.479,3.907,5.952,0,0,0,0,0,0,0,0,6.381,6.407,0,0,0,0,0,0,0,0,0,0,0,0,0,0,5.91,5.91,3.788,3.411,3.752,5.128,3.258,6.318,3.251,4.985,3.488,4.955,5.67,5.43,3.339,5.077,6.069,0,0,0,0,0,0,0,0,0,0,0,5.642,6.059,0,0,0,0,0,0,0,0,0,0,0,0,4.466,5.478,4.259,4.492,4.515,4.235,4.278,5.925,4.467,5.792,5.785,4.147,5.958,7.177,5.725,7.277,0,0,0,0,0,0,0,0,0,0,0,0,0,0,0,0,0,0,0,0,0,0,0,0,0,4.05,3.299,3.304,3.368,5.573,3.707,3.402,3.835,4.93,3.468,5.555,3.308,4.38,4.131,5.147,5.865,0,0,0,0,0,0,0,0,0,0,0,0,0,0,0,0,0,0,0,0,0,0,0,0,0,3.119,4.351,4.532,4.899,3.795,5.524,5.298,5.37,4.703,3.568,3.237,3.422,5.201,4.282,4.765,4.901,0,0,0,5.686,5.686,0,0,0,0,0,0,0,0,0,0,0,0,5.685,5.685,0,0,0,0,0,0,3.256,3.202,3.17,4.374,3.426,5.03,3.592,3.519,3.635,3.254,4.245,4.18,3.398,3.815,3.942,5.942,0,0,0,0,0,0,0,6.291,6.291,0,0,0,0,0,0,0,0,0,0,0,0,0,0,0,0,4.334,3.461,3.452,3.776,3.439,5.072,5.095,3.643,4.33,4.302,3.245,4.633,5.93,4.819,3.821,6.448,0,0,0,0,0,0,0,0,0,0,0,0,0,0,0,0,0,0,0,0,0,0,0,0,0,3.656,4.703,3.575,3.441,4.899,3.236,5.679,3.768,3.313,5.144,3.141,3.518,5.054,3.113,3.885,5.309,0,0,0,0,0,0,0,0,0,0,0,0,0,0,0,0,0,0,4.647,6.2,0,0,0,0,0,3.601,4.205,3.779,4.752,5.307,3.236,3.171,3.642,4.32,3.589,3.433,3.13,3.708,5.031,5.325,4.924,0,0,0,0,0,0,0,0,0,0,0,0,0,0,0,0,0,0,0,0,0,0,0,0,3.211,3.211,5.072,4.885,3.229,4.476,3.223,4.913,4.076,4.587,5.567,4.763,5.236,3.992,3.175,4.986,5.144,0,0,0,0,0,0,0,0,0,0,0,0,5.06,5.06,0,0,0,5.402,5.402,0,0,0,0,0,4.889,3.216,4.347,5.674,3.886,3.428,5.091,5.289,3.535,4.575,3.71,3.319,5.279,5.401,3.374,5.714,0,0,0,0,0,0,0,0,0,0,0,0,0,0,0,0,0,0,5.215,5.215,5.38,6.838,0,0,5.263,5.268,4.178,4.007,6.518,4.383,4.368,5.223,5.452,3.989,6.254,5.773,4.149,6.192,4.929,3.383,7.11,0,0,0,0,0,0,0,0,0,4.117,7.562,0,0,0,0,0,0,0,0,0,0,0,0,0,0,6.103,5.535,4.399,5.923,4.792,6.482,4.509,6.485,4.882,4.592,6.901,6.262,4.481,6.496,4.433,7.408,0,0,0,0,0,0,0,0,0,0,0,0,0,0,7.499,7.499,0,0,7.427,8.096,8.096,0,0,0,0,4.27,4.385,5.745,4.498,4.249,4.532,5.462,4.324,6.84,4.727,4.429,6.667,5.177,4.495,6.228,6.27,0,0,0,0,0,0,0,0,0,0,0,0,0,0,0,0,0,0,0,0,0,0,0,0,0,5.214,5.229,5.512,5.057,4.788,5.816,6.435,6.551,4.503,4.043,6.094,4.568,6.213,6.146,4.363,6.485,0,0,0,0,0,0,0,0,0,0,0,0,0,7.285,7.285,6.155,7.525,0,0,0,0,0,0,0,0,3.117,3.672,3.969,5.125,3.519,5.376,3.284,4.307,4.764,3.487,6.067,4.751,3.595,5.206,5.25,6.38,0,0,0,0,0,6.355,6.355,0,0,0,0,0,0,0,0,0,0,0,0,0,0,0,0,0,0,3.276,4.334,4.093,3.639,3.623,4.871,3.595,5.066,3.879,4.171,4.927,3.8,5.281,6.11,3.746,5.98,0,0,0,0,0,0,0,0,0,0,0,0,0,0,0,0,0,0,0,0,0,0,0,0,0,5.39,3.253,5.511,3.635,5.288,3.757,4.918,3.422,5.185,4.242,3.545,6.002,4.981,3.715,3.957,5.192,0,0,0,0,0,0,0,0,0,0,0,0,0,0,0,0,0,0,0,0,0,0,0,0,0,3.834,3.141,3.509,5.161,5.167,4.612,4.67,4.85,3.24,5.76,4.857,3.501,5.57,5.885,3.881,6.196,0,0,0,0,0,0,0,0,0,0,0,0,0,0,0,0,0,0,0,0,0,0,0,0,0,4.503,3.77,4.481,4.001,5.564,3.325,5.671,3.507,5.516,4.137,3.606,3.88,5.401,4.006,4.131,5.96,0,0,0,0,0,0,0,0,0,0,0,0,0,0,0,0,0,0,0,0,0,0,0,0,0,3.917,5.126,5.159,5.158,3.772,5.117,3.408,5.144,3.848,3.708,5.139,3.683,3.195,4.283,4.512,6.302,0,0,0,0,0,0,0,0,0,0,0,0,0,0,0,0,0,0,0,0,0,0,0,0,0,3.095,3.885,5.432,3.476,3.598,3.992,5.67,3.376,5.265,4.798,3.483,5.506,4.73,3.447,4.91,6.053,0,0,0,0,0,5.327,5.327,0,0,0,0,0,0,0,0,0,0,0,0,0,0,0,0,0,0,3.428,3.955,5.162,3.966,3.613,5.427,3.829,4.773,3.706
Grid_AP,970.782,1546.22,1842.787,1433.678,1296.498,1723.835,820.471,820.967,820.148,817.961,819.154,1690.601,1690.48,1843.483,1608.31,1888.062,1548.589,1663.15,1520.555,1612.63,1595.927,1769.161,1433.453,1172.481,815.604,814.119,478.993,493.091,814.301,821.793,821.767,833.241,894.941,819.393,485.453,619.774,881.62,812.921,816.48,911.6,867.439,937.041,609.036,524.013,939.63,849.071,939.299,853.059,1009.066,852.053,908.031,1425.301,1870.895,1277.777,1869.438,1514.66,1581.312,1035.56,1858.853,1093.605,1246.591,1849.222,1537.996,1101.281,1660.922,827.696,828.224,492.012,530.782,810.963,805.688,815.634,934.234,929.973,932.8,995.788,663.144,1153.92,1130.756,1217.406,1129.238,1208.457,1245.824,1139.879,804.309,749.443,1204.161,1095.434,1023.569,818.617,880.2,847.554,1515.338,1196.281,1862.667,1256.001,1843.167,882.969,1848.362,1292.54,1256.923,1354.141,982.228,1595.296,1805.208,1502.077,492.875,492.012,867.177,894.446,921.981,638.495,469.334,1072.7,2677.949,2699.223,804.589,1949.229,1235.626,2664.207,2247.635,875.376,1352.392,1170.93,1262.518,810.312,959.799,1172.599,1216.895,887.41,800.566,1160.303,1170.102,1895.863,1773.094,1892.742,2149.99,1881.158,2182.378,1461.153,1790.718,1875.67,1892.863,2302.46,1866.346,1259.027,2048.073,1279.022,909.505,948.937,923.72,836.38,926.43,526.718,876.094,883.31,840.284,567.466,884.967,800.64,802.289,561.977,820.781,880.664,963.389,804.021,876.922,804.728,548.135,429.591,912.098,798.01,875.79,805.751,1816.916,1605.262,1838.17,1058.765,1434.039,1455.489,1936.27,1405.585,1879.002,1652.071,1693.131,1352.065,1550.892,1345.225,923.188,924.661,925.499,1006.752,886.262,813.613,480.387,809.826,821.758,841.932,815.17,809.987,881.584,808.689,480.98,682.207,802.349,868.336,872.006,811.909,934.893,865.508,607.786,514.824,906.368,836.832,925.092,1645.191,1807.958,1736.388,1337.844,1312.248,1375.026,1714.106,1606.535,1456.943,1850.234,1497.041,1167.215,1328.988,1659.168,791.181,796.742,800.444,799.451,859.044,801.995,518.329,473.393,790.349,852.854,869.518,800.01,874.239,884.617,609.474,665.796,1022.251,924.32,1028.224,1251.251,1297.531,1234.56,1307.765,902.616,887.446,794.428,898.052,1757.75,1806.481,1457.017,1745.763,1142.934,1391.732,1240.383,1810.196,1533.636,1521.993,1652.552,1533.52,1343.575,1477.431,845.923,839.471,842.884,843.943,981.017,955.854,843.245,514.553,848.382,828.646,985.096,837.712,895.662,924.633,838.189,621.955,605.01,826.667,890.102,832.62,908.251,909.784,921.632,508.995,636.011,830.316,916.807,1537.884,1413.803,1569.232,1569.106,1781.119,1328.953,1558.544,1712.032,1574.187,1793.743,1505.429,966.804,1768.245,1438.53,1103.315,808.036,874.783,821.581,894.182,983.288,821.483,548.284,490.057,799.481,919.363,804.143,841.824,857.725,816.532,1051.917,589.359,974.716,993.345,974.66,1049.263,923.786,968.058,922.408,733.112,507.588,873.875,1646.699,1671.386,1743.056,1301.361,1825.745,970.345,1385.782,1474.792,1361.766,1806.693,1294.873,1401.695,1812.573,1342.602,470.481,792.92,796.096,872.875,914.41,990.765,803.483,802.522,508.743,841.61,835.546,844.31,929.406,917.005,842.702,913.37,507.512,610.148,857.835,831.651,1155.472,946.473,933.061,933.238,598.961,599.77,981.054,1671.438,1462.237,1779.213,1254.927,1821.776,1603.016,1238.994,1262.978,1480.594,1830.785,1390.643,1356.369,1830.517,1515.114,482.339,483.478,800.7,867.821,984.703,933.208,931.588,929.061,675.046,644.521,836.622,839.508,968.18,842.257,843.33,944.158,842.286,620.421,843.148,945.707,936.232,836.5,860.887,803.26,877.755,469.271,1528.521,1718.417,1305.445,1818.14,1602.375,1819.55,1262.987,1525.792,1157.783,1703.793,1779.704,1824.972,1606.301,1861.038,1637.753,844.669,509.188,839.455,861.389,850.155,1007.805,1096.724,1202.491,1187.56,903.829,598.384,920.463,994.345,927.307,1055.745,820.418,817.764,858.155,478.485,769.03,802.3,937.355,817.464,918.174,814.845,841.929,1478.048,1466.378,1093.552,1612.651,1373.111,1608.181,1233.568,1886.776,1279.604,1405.854,1492.247,1274.266,1571.27,1845.83,1058.848,837.768,836.976,500.927,1192.728,940.219,833.139,834.484,840.02,1084.724,879.76,801.174,507.782,467.066,788.113,855.029,884.583,799.894,799.59,801.236,642.707,467.494,790.762,791.708,794.953,797.781,1066.654,2075.588,2232.524,1373.806,1973.711,1939.067,2118.553,1921.334,2482.796,1776.337,2061.351,2308.517,2139.102,1949.973,2762.588,1329.51,1629.942,1527.344,1531.997,1418.286,1429.633,1465.429,1433.932,1434.472,1556.447,1436.544,1461.698,1439.379,1436.787,1590.339,1427.022,1452.484,1550.365,1434.982,1415.261,1357.115,1536.249,1498.653,1468.872,1553.446,1470.731,1543.195,2263.847,2459.665,2003.074,2464.525,1860.396,2453.984,1958.087,2288.252,2457.981,1902.202,2384.724,2633.062,1953.561,2182.737,1505.032,1348.765,1351.448,1353.411,1353.479,1353.403,1352.416,1493.63,1469.348,1360.506,1359.706,1430.441,1514.361,1356.826,1354.549,1577.431,1483.607,1646.534,1631.107,1480.428,1122.6,1271.188,1110.911,1200.897,1475.106,1881.266,1948.339,2718.306,2231.301,2556.158,2248.93,2621.855,2233.913,2705.196,1615.602,1905.866,1929.045,1242.353,1766.936,2101.478,1484.325,1308.705,1255.426,1126.963,1104.817,1096.206,1089.48,1086.777,1284.921,1171.055,1242.483,1134.559,1137.81,1293.018,1133.798,1131.519,1174.439,1147.565,1297.723,1370.534,1283.751,1238.265,1309.594,1235.041,1316.985,1232.833,1232.17,1293.939,2063.979,2080.028,1749.918,2007.134,1824.087,1988.229,1248.059,2212.614,1622.368,1723.701,2224.323,1694.971,1348.095,1948.712,1108.398,1105.963,1109.369,1110.231,1113.003,1111.966,1113.509,1194.557,1109.661,1108.536,1032.433,725.367,643.359,644.532,1226.596,1147.918,1120.998,1233.782,1167.508,1246.486,1138.193,1124.318,1154.705,500.732,996.903,880.193,956.572,1683.984,1732.139,1585.662,1971.546,1515.108,1968.897,1445.37,1646.018,1814.16,1742.497,1644.897,1806.012,1465.966,1431.12,910.786,909.266,910.726,903.849,831.105,843.142,925.977,1155.241,962.256,946.478,944.963,944.704,1060.581,951.253,948.419,945.99,973.1,938.222,1024.676,939.702,941.986,1121.345,945.344,601.257,429.462,841.645,815.195,1594.811,1527.839,1632.956,1595.982,1530.694,1757.657,1312.599,1794.045,1279.464,1348.283,1812.231,1490.496,906.513,1589.055,863.196,859.556,858.382,503.971,457.451,846.526,907.766,853.984,939.45,852.822,853.992,899.356,911.317,853.722,869.949,889.7,817.998,861.864,880.61,832.028,880.538,833.827,832.773,833.895,835.496,925.592,835.058,1861.59,1241.43,1807.54,1297.392,1939.281,1515.395,1907.366,1503.253,1532.811,1876.705,1154.715,1491.929,1900.983,1789.252,937.74,942.313,948.199,988.612,937.858,936.418,819.862,821.006,819.598,822.371,882.134,879.316,819.643,878.691,819.037,817.608,895.162,822.93,819.755,883.373,874.689,946.703,870.989,870.445,955.219,868.262,1103.133,1806.502,1947.659,1699.131,1756.848,1742.033,1701.251,1380.068,1883.313,1241.703,1392.652,1780.515,1422.033,856.873,1669.674,817.393,819.471,820.005,829.586,834.819,880.887,892.238,934.845,434.797,433.705,437.934,1019.808,1030.278,946.011,1029.597,1029.325,940.125,970.3,1032.931,946.835,1058.973,546.084,646.622,955.441,947.714,992.39,942.515,1796.13,1493.567,1710.234,1195.269,1833.65,1149.345,1862.703,1434.195,1646.486,1831.213,1348.338,1264.431,1714.974,1586.01,830.371,826.87,870.647,927.38,914.258,894.793,897.555,866.468,866.241,940.364,953.372,916.214,862.62,908.966,980.856,863.842,937.888,623.505,426.661,906.767,947.622,821.275,837.622,825.665,915.635,822.881,887.375,1450.525,1789.365,1244.742,1869.629,1296.665,1808.404,1437.84,1573.99,1833.772,1573.425,1570.797,1970.037,1479.599,1608.668,946.512,946.752,954.308,1006.753,943.882,940.431,942.183,1068.668,617.651,497.763,826.984,832.886,873.824,824.782,826.025,872.485,826.355,825.258,942.338,829.062,913.385,915.487,827.193,897.346,826.694,948.642,870.52,1893.363,1314.821,1802.315,1592.813,1771.45,1029.021,1878.335,1354.763,1490.276,1850.939,1246.183,1500.234,1886.452,1606.804,823.648,822.957,819.954,878.863,836.482,849.925,997.746,991.456,986.923,1053.176,1069.262,989.797,1015.208,1061.16,837.549,836.676,1058.102,952.938,1026.356,1041.053,952.202,993.805,941.628,1039.951,938.231,542.409,671.572,1435.654,1729.763,1699.034,1450.692,1571.082,1482.903,1481.693,1832.097
Dryer_AP,0,0,0,0,0,0,0,0,0,0,2.906,2.906,0,0,0,0,0,2.24,4.25,4.25,0,0,0,0,0,2.034,2.034,4.356,4.356,0,0,0,0,1.889,1.889,4.265,4.265,0,0,3.308,2.814,1.735,1.735,3.925,3.925,0,0,0,0,0,1.771,1.771,4.265,0,0,0,0,0,2.133,2.133,4.3,4.3,0,0,0,0,1.733,1.733,4.269,4.269,0,3.457,2.67,0,0,2.179,2.179,4.144,0,0,0,0,0,2.031,2.031,4.604,4.604,0,0,0,0,2.513,2.513,4.534,4.534,0,0,0,0,1.993,1.993,4.657,4.657,0,0,3.442,2.266,4.19,4.19,0,1.643,1.643,3.641,3.641,0,2,2,0,0,1.832,1.832,4.052,4.052,0,1.682,1.682,4.342,4.342,2.306,2.306,3.78,3.78,0,0,4.405,4.405,0,0,2.095,2.095,4.332,2.642,0,1.729,1.729,4.388,4.388,1.996,1.996,4.225,0,0,1.686,4.368,4.368,0,0,4.387,4.387,0,1.943,1.943,4.449,0,0,0,0,1.661,1.661,4.841,4.841,0,0,0,3.247,2.969,1.833,1.833,4.483,4.483,0,0,0,0,2.242,2.242,4.524,4.524,0,0,0,0,0,2.428,4.44,4.44,0,0,0,0,0,0,0,4.375,4.375,0,0,0,3.511,2.467,2.467,3.915,3.915,0,0,0,0,0,2.231,3.819,3.819,0,0,0,0,0,0,0,0,0,0,0,0,0,2.27,2.27,0,0,0,0,0,0,2.806,2.316,0,0,0,0,0,0,0,2.422,2.039,2.039,0,0,0,0,0,0,0,4.5,4.5,0,0,0,0,3.519,1.934,0,0,0,0,0,0,0,2.032,2.032,3.935,0,0,0,0,0,1.844,1.844,0,0,0,0,0,0,1.876,1.876,4.015,4.015,0,0,0,0,0,2.058,4.167,4.167,0,0,0,0,0,2.341,2.341,4.367,4.367,0,0,0,0,1.876,1.876,3.928,3.928,0,0,0,0,3.436,1.728,3.835,3.835,0,0,0,0,0,2.219,2.219,4.029,4.029,0,0,0,0,1.844,1.844,4.241,4.241,0,0,0,0,0,2.224,4.049,4.049,0,0,0,0,0,2.109,2.109,4.223,2.731,0,0,0,0,1.7,1.7,4.094,4.094,0,0,0,0,1.733,1.733,4.06,4.06,0,0,0,0,0,2.017,2.017,4.316,0,0,0,0,0,1.621,1.621,4.325,4.325,2.986,2.986,0,0,1.94,1.94,3.97,3.97,0,0,0,0,0,1.485,1.485,4.246,0,0,0,0,0,2.277,2.277,4.594,4.594,0,0,0,0,2.248,2.248,4.602,4.602,0,0,3.385,2.973,0,2.075,4.185,4.185,0,3.879,3.879,0,0,2.009,2.009,4.393,4.393,0,0,0,0,0,2.225,2.225,4.737,0,0,0,0,0,0,0,4.443,4.443,0,0,3.582,2.943,2.329,2.329,4.427,4.427,0,0,0,0,0,2.205,2.205,4.377,4.377,0,0,0,0,0,2.267,2.267,0,0,0,0,0,0,0,0,4.603,4.603,0,0,0,3.674,2.763,0,0,4.372,4.372,0,0,0,0,0,0,0,0,0,0,0,0,0,0,0,0,0,0,0,0,0,0,0,0,0,0,0,0,0,3.623,2.716,0,0,0,0,0,0,0,0,0,0,0,0,0,0,0,0,0,0,0,0,0,0,0,0,0,0,0,0,0,0,0,0,0,3.168,2.706,0,0,0,2.315,2.315,0,0,3.706,3.706,0,0,0,0,0,0,0,0,0,0,0,0,0,0,0,0,0,0,0,0,0,0,0,0,0,0,0,0,0,0,0,0,0,0,3.509,3.117,0,0,0,0,0,0,0,0,0,0,0,0,0,0,0,0,0,0,0,0,0,0,0,0,0,0,0,0,0,0,0,2.363,2.363,0,4.193,2.577,0,0,0,0,0,0,0,2.335,2.335,3.844,0,0,0,0,0,0,0,0,0,0,0,0,0,0,0,0,0,0,0,0,0,0,3.408,3.408,0,0,0,0,0,0,0,0,0,0,0,0,0,0,2.291,2.291,4.099,4.099,0,0,0,0,0,0,0,0,0,0,0,0,3.351,3.23,0,0,0,1.723,1.723,3.941,3.941,0,0,0,0,0,0,0,0,0,0,0,0,0,0,0,0,0,0,0,0,0,0,0,3.49,3.15,0,0,0,0,0,0,0,0,0,0,0,0,0,0,0,0,0,0,0,0,0,0,0,0,0,0,0,0,0,3.589,2.796,0,0,0,0,0,0,0,0,0,0,0,0,0,0,0,0,0,0,0,0,0,0,0,0,0,0,0,2.093,2.093,0,4.371,3.49,0,0,0,0,0,0,0,0,1.893,1.893,4.005,4.005,0,0,0,0,0,0,0,0,0,0,0,0,0,0,0,0,0,0,3.369,3.077,0,0,0,0,0,0,0,0,0,0,0,0,0,2.109,2.109,4.373,4.373,0,0,0,0,0,0,0,0,0,0,0,0,0,3.596,3.596,0,0,0,0,0,0,0,0,0,0,0,0,0,0,0,0,0,0,0,0,0,0,0,0,0,0,0,0,0,0,3.624,2.833,0,0,0,0,0,0,0,0,0,0,0,0,0,0,0,0,0,0,0,0,0,0,0,0,0,0,0,0,0,0,3.518,2.91,0,0,0,0,0,0,0,2.022,2.022,0,3.97,3.97,0,0,0,0,0,0
OfficeOutlets_AP,0,0,0,0,0,0,0,0,0,0,15.682,15.682,18.993,18.725,17.389,0,0,0,0,0,0,0,18.4,15.864,0,0,0,0,0,0,18.858,16.031,16.002,0,0,0,0,0,0,22.404,16.146,17.832,16.004,0,0,18.532,15.784,15.739,0,18.101,15.479,18.126,15.521,0,0,22.536,16.357,0,0,0,0,0,0,0,0,0,0,0,0,0,0,0,22.286,15.465,18.569,15.471,18.173,15.378,0,0,0,0,0,17.436,15.443,15.549,0,0,19.138,15.697,15.701,15.702,15.704,15.704,19.289,18.473,15.99,18.714,15.986,0,0,0,0,0,0,21.682,15.49,18.398,15.631,15.694,0,0,18.196,15.438,15.58,18.296,15.473,0,18.291,15.539,0,18.259,15.515,15.411,15.476,18.118,15.567,0,18.26,15.459,0,18.229,18.21,15.648,0,0,0,0,0,0,20.788,15.368,18.11,15.385,17.207,17.381,18.029,15.35,15.211,15.444,0,0,0,0,46.335,15.69,15.685,22.061,15.771,0,0,18.185,15.603,15.68,18.028,18.028,18.382,15.809,15.762,15.634,0,0,0,0,17.608,16.711,0,0,0,0,0,0,0,0,0,0,0,0,0,0,0,22.459,15.688,0,0,0,0,0,0,0,0,0,0,0,0,0,0,0,21.511,15.597,0,0,0,0,0,0,0,0,0,0,0,0,0,0,0,22.56,15.846,0,0,0,0,0,0,0,0,0,0,0,0,0,0,0,20.589,15.592,0,0,0,21.092,15.186,0,17.66,15.013,20.784,16.341,0,0,0,0,0,0,0,0,0,0,0,18.139,15.505,17.984,17.201,0,15.486,18.189,15.62,0,0,0,0,0,0,0,0,0,0,0,18.46,15.452,0,0,0,0,0,0,0,0,0,0,0,0,0,0,0,0,0,0,0,0,0,0,0,19.532,15.654,0,0,15.567,15.567,0,0,0,0,0,0,0,0,0,0,20.243,15.315,0,0,0,0,0,0,0,0,0,0,0,0,0,0,0,0,0,18.261,16.234,0,0,0,0,0,0,0,0,0,0,0,0,0,0,0,20.911,16.173,0,0,0,0,0,0,0,0,0,0,0,0,0,0,0,0,20.854,17.883,0,0,0,0,0,0,0,0,0,0,0,0,0,0,0,18.949,15.753,0,0,0,0,0,0,0,0,0,18.23,15.558,15.462,0,0,0,0,21.461,15.787,0,18.496,15.753,0,18.329,15.711,0,18.248,15.717,18.243,15.573,0,0,0,0,18.334,18.833,18.279,15.59,0,0,0,0,0,0,0,0,0,0,0,0,0,20.069,15.602,0,0,0,0,0,0,0,0,0,0,0,0,0,0,0,20.519,15.586,0,0,0,0,17.943,15.393,0,0,0,0,0,0,0,0,0,0,21.111,15.59,0,0,0,0,0,0,0,0,0,0,0,0,0,0,18.211,17.631,15.726,15.597,0,0,0,0,15.44,20.162,15.97,18.069,15.297,17.893,15.422,18.156,15.338,15.326,17.77,21.463,18.478,30.777,31.05,32.652,34.174,31.445,34.459,31.617,0,0,0,0,0,0,34.618,32.619,35.998,35.463,32.72,0,0,0,0,0,0,0,0,0,0,34.859,32.084,32.181,34.602,30.981,34.284,26.868,0,23.484,23.484,0,22.772,20.2,0,0,0,0,0,18.16,18.118,0,0,23.123,17.202,19.531,16.868,0,17.553,20.791,19.243,18.19,15.352,0,18.284,17.736,15.451,0,0,17.874,15.281,0,17.893,15.3,0,0,0,17.78,15.348,15.359,15.306,15.353,20.818,15.444,0,18.212,17.488,15.474,18.074,15.555,0,0,0,0,18.211,18.211,17.705,15.533,21.491,15.705,0,0,0,0,0,0,0,0,0,0,0,0,0,0,0,0,0,19.974,17.344,0,0,0,0,0,0,0,0,0,0,0,0,0,0,18.299,15.57,17.579,0,0,0,0,0,0,19.185,15.72,18.014,0,0,0,18.1,18.661,15.912,18.867,22.346,16.077,0,0,20.323,16.132,15.941,18.861,16.226,15.985,15.94,0,0,18.462,15.514,15.604,20.388,15.404,17.794,16.697,0,0,0,0,0,0,0,0,0,0,0,0,0,21.29,15.503,0,0,0,0,0,0,0,18.801,15.851,0,0,0,18.683,15.724,18.555,17.903,0,18.463,15.493,0,0,0,0,0,0,0,0,0,0,0,21.393,17.138,0,0,0,0,0,0,0,0,0,0,0,0,0,23.034,15.653,0,0,0,0,0,0,0,0,0,0,0,0,0,0,21.947,15.855,0,0,0,0,0,0,0,0,0,0,0,0,0,0,19.94,16.64,0,0,0,0,0,19.144,16.38,0,0,18.786,15.835,0,18.904,15.881,21.048,16.07,20.463,15.991,0,0,0,0,0,0,0,0,0,0,0,19.588,16.746,0,18.491,18.491,18.961,16.096,0,0,0,0,0,0,0,0,19.128,16.126,16.325,0,0,0,0,0,0,0,0,0,0,0,0,0,0,21.457,17.502,15.976,0,18.72,15.857,16.07,0,0,0,0,0,0,18.734,15.942,0,22.365,17.66,16.051,0,0,0,0,0,0,0,0,0,18.918,15.943,19.255,16.32,23.793,16.658,0,0,0,0,0,0,0,0,0,0,0,0,0,0,22.3,18.206,0,0,0,0,0,0,0,0,0,0,0,0,0,0,22.446,18.911,0,0,0,0,0,0,0,0,0,0,0,0,0,0,19.041,16.111,0,0,0,0,0,0,0,0,0,0,0,0,20.225,15.628,15.572,15.621,0,0,0,0,0,0,0,0,0,0,0,0,0,0,23.645,17.693,0,0
LivingRoomOutlets_AP,91.538,90.29,88.689,90.39,88.908,90.848,90.914,89.606,0,0,94.491,94.982,98.877,93.546,94.842,96.609,95.155,95.717,93.787,95.177,95.5,96.242,95.515,95,95.765,0,98.278,96.515,97.617,97.617,95.522,98.717,96.575,98.752,98.752,0,0,0,0,99.58,100.488,99.002,99.412,99.832,0,0,98.454,98.454,0,0,96.202,96.202,95.921,98.504,97.367,97.336,95.887,95.753,96.103,96.779,94.681,96.424,94.606,94.29,96.529,95.351,0,0,0,0,0,96.438,95.455,95.214,0,0,0,0,0,0,0,0,0,98.757,99.686,98.48,0,0,0,99.439,98.87,98.461,97.217,98.254,98.072,97.203,97.672,97.773,98.987,97.25,97.018,98.663,97.371,98.345,96.618,98.748,96.877,0,98.663,98.529,0,0,99.114,99.11,0,0,0,0,0,0,100.26,100.767,99.261,0,0,103.454,100.821,0,0,0,0,0,98.968,99.592,99.517,101.159,97.861,98.135,99.022,97.105,94.691,95.947,96.275,95.335,97.675,97.298,95.149,96.284,0,0,0,0,0,94.985,94.985,95.56,0,98.429,97.069,0,98.062,98.062,0,0,0,0,0,98.218,97.363,98.912,0,0,0,0,96.995,96.924,97.146,95.828,96.915,93.711,95.103,94.847,95.922,95.215,93.578,94.043,96.163,96.067,94.672,0,0,96.89,96.741,0,95.424,95.424,0,0,0,0,0,0,0,0,0,0,0,0,96.804,96.165,0,0,0,0,95.205,95.205,96.137,94.239,94.054,95.547,96.386,94.817,93.546,93.727,95.535,94.145,94.826,96.525,96.345,94.849,0,0,0,0,0,0,97.926,97.926,0,0,0,0,97.916,96.472,0,0,0,97.714,96.159,0,0,0,95.352,93.598,0,92.823,92.823,92.034,92.925,93.896,94.38,95.25,92.371,92.064,92.139,92.754,92.433,92.482,94.073,92.368,94.741,0,0,0,0,0,0,0,0,0,97.059,97.059,0,0,0,0,0,0,0,0,0,0,0,0,0,0,93.949,93.866,92.621,93.555,91.605,93.22,92.714,92.312,95.009,92.064,92.051,94.104,96.339,96.55,96.306,96.258,0,0,0,0,94.911,94.911,0,0,0,0,0,0,0,95.43,94.444,0,0,0,0,0,0,0,95.776,95.776,0,94.041,95.036,95.217,95.621,96.165,94.777,95.85,94.932,93.887,94.424,94.167,94.77,93.606,94.098,95.394,95.741,0,0,0,0,0,0,0,96.67,96.508,96.255,0,0,0,0,0,0,0,0,0,0,93.417,93.417,0,0,0,93.503,93.211,95.617,96.24,95.455,93.087,95.518,96.42,94.114,93.244,93.646,-0,93.289,94.17,95.848,94.749,0,0,98.079,96.563,0,0,0,0,0,0,0,0,0,0,0,0,0,0,0,0,96.733,95.497,0,0,0,96,96.204,95.533,95.198,94.935,94.735,92.609,93.233,94.415,94.819,95.85,94.311,96.675,94.263,95.341,0,0,0,0,0,0,96.696,95.513,95.513,0,0,0,0,0,94.844,94.844,0,0,0,0,0,0,0,0,0,0,96.849,94.464,93.748,93.669,95.502,93.88,96.471,94.347,94.06,95.463,95.016,94.602,94.749,94.868,93.62,0,0,0,94.42,94.42,0,0,0,97.105,94.857,0,0,0,0,0,0,0,0,0,0,0,0,0,0,0,96.5,94.249,94.569,94.58,94.361,95.798,93.935,95.348,112.62,114.418,113.801,114.031,110.165,113.797,108.763,111.624,111.553,112.388,114.509,126.585,134.477,0,0,0,0,129.436,133.621,0,0,0,0,0,0,135.128,132.764,134.28,132.306,0,0,0,134.067,133.95,131.77,133.315,131.438,132.165,132.508,130.717,132.169,133.038,132.554,132.043,130.584,131.961,132.055,131.769,132.021,0,0,0,0,0,0,0,135.052,133.499,0,0,0,0,134.862,133.216,0,0,133.988,133.988,137.568,133.49,133.692,0,132.173,134.672,132.998,131.161,131.487,131.013,132.14,132.338,132.891,131.612,133.644,132.682,132.729,132.953,132.861,131.291,132.612,132.102,0,136.621,134.824,0,0,0,0,0,0,0,0,0,0,0,0,132.47,132.47,133.617,133.143,0,0,0,0,0,0,0,132.799,131.285,131.282,130.865,132.183,131.819,130.81,130.873,132.701,131.312,132.162,133.597,132.227,132.329,131.849,0,0,135.272,135.272,0,0,0,0,134.954,134.954,0,0,133.788,135.868,134.595,134.595,133.516,0,0,134.703,134.703,137.941,135.001,0,0,134.44,134.44,115.444,112.322,112.214,113.728,112.22,111.368,112.012,113.473,95.327,96.462,96.443,96.07,96.481,95.317,0,0,0,91.658,91.997,92.817,91.473,91.261,91.621,0,0,0,0,0,0,93.226,93.226,0,0,0,0,0,0,0,0,0,91.99,90.706,90.391,91.865,91.612,92.81,89.976,89.526,91.879,90.951,90.299,90.406,89.896,89.156,91.419,0,0,0,0,0,0,0,89.555,89.555,0,0,0,0,90.406,88.866,0,0,0,0,0,0,0,0,0,0,88.483,88.483,89.215,89.341,87.697,88.987,87.094,87.433,88.858,88.034,88.308,89.518,89.073,88.016,88.185,88.849,0,0,0,91.64,89.625,0,0,0,0,0,0,0,0,0,0,0,0,0,91.333,93.856,91.895,0,0,0,0,90.574,90.574,91.462,90.637,89.77,89.904,90.013,88.099,88.448,90.246,90.867,88.618,90.398,88.862,89.586,90.744,0,0,0,0,0,0,0,0,0,91.62,91.62,0,0,0,0,0,0,0,0,0,0,0,0,0,0,93.951,90.983,90.489,88.685,88.283,90.09,88.563,89.918,88.213,89.458,89.506,89.54,90.656,88.691,90.008,89.116,88.922,90.504,91.287,90.921,90.921,92.155,90.128,0,90.412,91.852,0,0,0,90.7,90.03,90.03,91.722,91.427,0,0,0,0,92.115,92.404,92.404,91.083,89.467,89.499,89.53,88.527,91.352,92.256,89.329,91.645,90.437,91.259,90.933,89.686,93.618,91.551,93.711,0,0,0,0,0,93.066,93.066,94.369,92.555,93.079,93.079,0,0,0,0,0,0,0,0,0,0,0,0,92.781,92.781,92.741,92.686,92.737,93.202,91.6,94.208,91.554,91.431,92.818,92.757,91.054,90.916,90.719,90.002,89.365,89.961,0,0,0,0,0,0,89.985,90.044,0,89.03,89.03,88.939,89.514,89.514,91.303,91.145,89.95,91.669,90.698,0,0,0,0,91.375,91.375,89.446,89.822,91.343,90.487,91.889,90.513,90.516,88.913,91.711
GuestBathOutlets_AP,0,0,0,0,0,0,0,0,0,0,1.633,1.633,0,0,0,0,0,0,0,0,0,0,0,0,0,0,0,0,0,0,0,0,0,0,0,0,0,0,0,0,0,0,0,0,0,0,0,0,0,0,0,0,0,0,0,0,0,0,0,0,0,0,0,0,0,0,0,0,0,0,0,0,0,0,0,0,0,0,0,0,0,0,0,0,0,0,0,0,0,0,0,0,0,0,0,0,0,0,0,0,0,0,0,0,0,0,0,0,0,0,0,0,0,0,0,0,0,0,0,0,0,0,0,0,0,0,0,0,0,0,0,0,0,0,0,0,0,0,0,0,0,0,0,0,0,0,0,0,0,0,0,0,0,0,0,0,0,0,0,0,0,0,0,0,0,0,0,0,0,0,0,0,0,0,0,0,0,0,0,0,0,0,0,0,0,0,0,0,0,0,0,0,0,0,0,0,0,0,0,0,0,0,0,0,0,0,0,0,0,0,0,0,0,0,0,0,0,0,0,0,0,0,0,0,0,0,0,0,0,0,0,0,0,0,0,0,0,0,0,0,0,0,0,0,0,0,0,0,0,0,0,0,0,0,0,0,0,0,0,0,0,0,0,0,0,0,0,0,0,0,0,0,0,0,0,0,0,0,0,0,0,0,0,0,0,0,0,0,0,0,0,0,0,0,0,0,0,0,0,0,0,0,0,0,0,0,0,0,0,0,0,0,0,0,0,0,0,0,0,0,0,0,0,0,0,0,0,0,0,0,0,0,0,0,0,0,0,0,0,0,0,0,0,0,0,0,0,0,0,0,0,0,0,0,0,0,0,0,0,0,0,0,0,0,0,0,0,0,0,0,0,0,0,0,0,0,0,0,0,0,0,0,0,0,0,0,0,0,0,0,0,0,0,0,0,0,0,0,0,0,0,0,0,0,0,0,0,0,0,0,0,0,0,0,0,0,0,0,0,0,0,0,0,0,0,0,0,0,0,0,0,0,0,0,0,0,0,0,0,0,0,0,0,0,0,0,0,0,0,0,0,0,0,0,0,0,0,0,0,0,0,0,0,0,0,0,0,0,0,0,0,0,0,0,0,0,0,0,0,0,0,0,0,0,0,0,0,0,0,0,0,0,0,0,0,0,0,0,0,0,0,0,0,0,0,0,0,0,0,0,0,0,0,0,0,0,0,0,0,0,0,0,0,0,0,0,0,0,0,0,0,0,0,0,0,0,0,0,0,0,0,0,0,0,0,0,0,0,0,0,0,0,0,0,0,0,0,0,0,0,0,0,0,0,0,0,0,0,0,0,0,0,0,0,0,0,0,0,0,0,0,0,0,0,0,0,0,0,0,0,0,0,0,0,0,0,0,0,0,0,0,0,0,0,0,0,0,0,0,0,0,0,0,0,0,0,0,0,0,0,0,0,0,0,0,0,0,0,0,0,0,0,0,0,0,0,0,0,0,0,0,0,0,0,0,0,0,0,0,0,0,0,0,0,0,0,0,0,0,0,0,0,0,0,0,0,0,0,0,0,0,0,0,0,0,0,0,0,0,0,0,0,0,0,0,0,0,0,0,0,0,0,0,0,0,0,0,0,0,0,0,0,0,0,0,0,0,0,0,0,0,0,0,0,0,0,0,0,0,0,0,0,0,0,0,0,0,0,0,0,0,0,0,0,0,0,0,0,0,0,0,0,0,0,0,0,0,0,0,0,0,0,0,0,0,0,0,0,0,0,0,0,0,0,0,0,0,0,0,0,0,0,0,0,0,0,0,0,0,0,0,0,0,0,0,0,0,0,0,0,0,0,0,0,0,0,0,0,0,0,0,0,0,0,0,0,0,0,0,0,0,0,0,0,0,0,0,0,0,0,0,0,0,0,0,0,0,0,0,0,0,0,0,0,0,0,0,0,0,0,0,0,0,0,0,0,0,0,0,0,0,0,0,0,0,0,0,0,0,0,0,0,0,0,0,0,0,0,0,0,0,0,0,0,0,0,0,0,0,0,0,0,0,0,0,0,0,0,0,0,0,0,0,0,0,0,0,0,0,0,0,0,0,0,0,0,0,0,0,0,0,0,0,0,0,0,0,0,0,0,0,0,0,0,0,0,0,0,0,0,0,0,0,0,0,0,0,0,0,0,0,0,0,0,0,0,0,0,0,0,0,0,0,0,0,0,0,0,0,0
MasterBathOutlets_AP,0,0,0,0,0,0,0,0,0,0,3.326,3.326,0,0,0,0,0,0,0,0,0,0,0,0,0,0,0,0,0,0,0,0,0,0,0,0,0,0,0,4.283,4.283,0,0,0,0,0,0,0,0,0,0,0,0,0,0,0,0,0,0,0,0,0,0,0,0,0,0,0,0,0,0,0,0,0,0,0,0,0,0,0,0,0,0,0,0,0,0,0,0,0,0,0,0,0,0,0,0,0,0,0,0,0,0,0,0,0,0,0,0,0,0,0,0,0,0,0,0,0,0,0,0,0,0,0,0,0,0,0,0,0,0,0,0,0,0,0,0,0,0,0,0,0,0,0,0,0,0,0,0,0,0,0,0,0,0,0,0,0,0,0,0,0,0,0,0,0,0,0,0,0,0,0,0,0,4.042,4.042,0,0,0,0,0,0,0,0,0,0,0,0,0,0,0,0,0,0,0,0,0,0,0,0,0,0,0,0,0,0,0,0,4.384,4.384,0,0,0,0,0,0,0,0,0,0,0,0,0,0,0,0,0,0,0,0,0,0,0,0,0,0,0,0,0,0,0,0,0,0,0,0,0,0,0,0,0,0,0,0,0,0,0,0,0,0,0,0,0,0,0,0,0,0,0,0,0,0,0,0,0,0,0,0,0,0,0,0,0,0,0,0,0,0,0,0,0,0,0,0,0,0,0,0,0,0,0,0,0,0,0,0,0,0,0,0,0,0,0,0,0,0,0,0,0,0,0,0,0,0,0,0,0,0,0,0,0,0,0,0,0,0,0,0,0,0,0,0,0,0,0,0,0,0,0,0,0,0,0,0,0,0,0,0,0,0,0,0,0,0,0,0,0,0,0,0,0,0,0,0,0,0,0,0,0,0,0,0,0,0,0,0,0,0,0,0,0,0,0,0,0,0,0,0,0,0,0,0,0,0,0,0,0,0,0,0,0,0,0,0,0,0,0,0,0,0,0,0,0,0,0,0,0,0,0,0,0,4.085,4.085,0,0,0,0,0,0,0,0,0,0,0,0,0,0,0,0,0,0,0,0,0,0,0,0,0,0,0,0,0,0,0,0,0,0,0,0,0,0,0,0,0,0,0,0,0,0,0,0,0,0,0,0,0,0,0,0,0,0,0,0,0,0,0,0,0,0,0,0,0,0,0,0,0,0,0,0,0,0,0,0,0,0,0,0,0,0,0,0,0,0,0,0,0,0,0,0,0,0,0,0,0,0,0,0,0,0,0,0,0,0,0,0,0,0,0,0,0,0,0,0,0,0,0,0,0,0,0,0,0,0,0,0,0,0,0,0,0,0,0,0,0,0,0,0,0,0,0,0,0,0,0,0,0,0,0,0,0,0,0,0,0,0,0,0,0,0,0,0,0,0,0,0,0,0,0,0,0,0,0,0,0,0,4.244,4.244,0,0,0,0,0,0,0,0,0,0,0,0,0,0,0,0,0,0,0,0,0,0,0,0,0,0,0,0,0,0,0,0,0,0,0,0,0,0,0,0,0,0,0,0,0,0,0,0,0,0,0,0,0,0,0,0,0,0,0,0,0,0,0,0,0,0,0,0,0,0,0,0,0,0,0,0,0,0,0,0,0,0,0,0,0,0,0,0,0,0,0,0,0,0,0,0,0,0,0,0,4.014,4.014,0,0,0,0,0,0,0,0,0,0,0,0,0,0,0,0,0,0,0,0,0,0,0,0,0,0,0,0,0,0,0,0,0,0,0,0,0,0,0,0,0,0,0,0,0,0,0,0,0,0,0,0,0,0,0,0,0,0,0,0,0,0,0,0,0,0,0,0,0,0,0,0,0,0,0,0,0,0,0,0,0,0,0,0,0,0,0,0,0,0,0,0,0,0,0,0,0,0,0,0,0,0,0,0,0,0,0,0,0,0,0,0,0,0,0,0,0,0,0,0,0,0,0,0,0,0,0,0,0,0,0,0,0,0,0,0,0,0,0,0,0,0,0,0,0,0,0,0,0,0,0,0,0,0,0,0,0,0,0,0,0,0,0,0,0,0,0,0,0,0,0,0,0,0,0,0,0,0,0,0,0,0,0,0,0,0,0,0,0,0,0,0,0,0,0,0,0,0,0,0,0,0,0,0,0,0,0,0,0,0,0,0,0,0,0,0,0,0,0,0,0,4.219,4.219,0,0,0,0,0,0,0,0,0,0,0,0,0,0,0,0,0,0
LivingRoomPatioLights_AP,0,0,0,0,0,0,0,0,0,0,9.593,9.593,0,0,0,0,0,0,0,0,0,0,0,0,0,0,0,0,0,0,0,0,0,0,0,0,0,0,0,10.122,9.905,0,0,0,0,0,0,0,0,0,0,0,0,0,0,0,0,0,0,0,0,0,0,0,0,0,0,0,0,0,0,9.79,9.79,0,0,0,0,0,0,0,0,0,0,0,0,0,0,0,0,0,0,0,0,0,0,0,0,0,0,0,0,0,0,0,0,0,0,0,0,0,0,0,0,0,0,0,0,0,0,0,0,125.529,117.193,0,116.337,116.337,0,0,0,0,0,0,0,0,0,0,0,0,117.844,117.844,119.135,117.065,117.001,117.001,0,118.615,118.615,0,117.895,10.744,0,0,0,0,0,0,0,0,0,0,0,0,0,0,0,0,0,0,0,9.799,9.799,0,0,0,9.786,9.613,0,0,0,0,0,0,0,0,0,0,0,0,0,0,0,0,0,0,0,0,0,0,0,0,0,0,0,0,0,0,0,0,9.764,9.474,0,0,0,0,0,0,0,0,0,0,0,0,0,0,0,0,0,0,0,0,0,0,0,0,0,0,0,0,0,0,0,0,0,0,0,0,0,0,0,0,0,0,0,0,0,0,0,0,0,0,0,0,0,0,0,0,0,9.833,9.833,0,0,0,0,0,0,0,0,0,0,0,0,0,0,0,0,0,0,0,0,0,0,0,0,0,0,0,0,0,0,0,0,0,0,0,0,0,0,0,0,0,0,0,0,0,0,0,0,0,0,0,0,0,0,0,0,0,0,0,0,0,0,0,0,0,0,0,0,0,0,0,0,0,0,0,0,0,0,0,0,0,0,0,0,0,0,0,0,0,0,0,0,9.81,9.81,0,0,0,0,0,0,0,0,0,0,0,0,0,0,0,0,0,0,0,0,0,0,0,0,0,0,0,0,0,0,0,0,0,0,0,0,0,0,0,0,0,0,0,0,0,0,0,0,0,0,0,0,0,0,0,0,0,0,0,0,0,0,0,0,0,0,0,0,9.769,9.771,0,0,0,0,0,0,0,0,0,0,0,0,0,0,0,0,0,0,0,0,0,0,0,0,0,0,0,0,0,0,0,0,0,0,0,0,0,0,0,0,0,0,0,0,0,9.603,9.603,0,0,0,0,0,0,0,0,0,0,0,0,0,0,0,0,0,0,0,0,0,0,0,0,0,0,0,103.438,134.687,134.687,0,133.956,134.935,134.935,135.416,135.416,0,0,0,0,0,0,0,0,0,0,0,0,0,0,0,0,0,0,0,132.189,133.012,0,0,0,0,0,0,0,0,0,0,0,0,0,0,0,0,0,0,0,0,0,0,0,0,0,0,0,0,0,0,0,0,0,133.973,133.973,0,0,0,0,0,0,0,0,0,0,66.748,9.445,0,0,0,0,0,0,0,0,0,0,0,0,0,0,0,0,0,0,0,0,0,0,0,0,0,0,0,0,0,0,0,9.776,9.596,0,0,0,0,0,0,0,0,0,0,0,0,0,0,0,0,0,0,0,0,0,0,0,0,0,0,0,0,0,0,0,0,0,0,0,0,0,0,0,0,0,0,0,0,0,0,0,0,0,0,0,0,0,0,0,0,0,0,0,0,0,0,0,0,0,0,0,0,0,0,0,0,0,0,0,0,0,0,0,0,0,0,0,0,0,0,0,0,0,0,0,0,0,0,0,0,0,0,0,0,9.886,9.852,0,0,0,0,0,0,0,0,0,0,0,0,0,0,0,0,0,0,0,0,0,0,0,0,0,0,0,0,0,0,0,0,0,0,0,0,0,0,0,0,0,0,0,0,0,0,0,0,0,0,0,0,0,0,0,0,0,0,0,0,0,10.204,10.013,0,0,0,0,0,0,0,0,0,0,0,0,0,0,0,0,0,0,0,0,0,0,0,0,0,0,0,0,0,0,0,0,0,0,0,0,0,0,0,0,0,0,0,0,0,0,0,0,0,0,0,0,0,0,0,0,0,0,0,0,0,0,0,0,0,0,0,0,0,0,0,0,0,0,0,0,0,0,0,0,0,0,0,0,0,0,0,0,0,0,0,0,0,0,0,0,0,0,0,0,0,0,0,0,0,0,0,0,0,0,0,0,0,0,0,0,0,0,0,0,0,0,0,0,0,0,0,0,0,0,0,0,0,0,0,0,0,0,0,0,0,0,0,0,0,0,0,0,0,0,0,0,0,0,0,0,0,0,9.914,9.807,0,0,0,0,0,0,0,0,0,0,0,0,0,0,10.202,10.202,0,0
GuestBathHallLights_AP,0,0,0,0,0,0,0,0,0,0,14.323,14.323,14.61,14.314,14.312,0,0,0,0,0,0,0,0,0,0,0,0,0,0,0,0,14.883,14.963,0,0,0,0,0,0,0,0,0,0,0,0,0,0,0,0,0,0,0,0,0,0,0,0,0,0,0,0,0,0,0,0,0,0,0,0,0,0,0,0,0,0,0,0,0,0,0,0,0,0,0,0,0,0,0,0,0,14.658,14.895,0,0,0,0,0,0,0,0,0,0,0,0,0,16.446,14.509,0,14.783,17.266,0,0,16.424,16.424,0,0,0,0,0,0,0,0,0,0,0,0,0,0,0,0,0,0,0,0,0,0,0,0,0,0,0,0,15.855,15.855,0,0,0,0,0,0,0,0,0,0,0,0,0,14.62,14.62,0,0,0,0,0,0,0,0,0,0,0,0,0,0,0,0,0,0,0,0,0,0,0,0,0,0,0,0,0,0,0,0,16.528,14.365,0,0,0,0,0,0,0,0,0,0,0,0,0,0,0,0,0,0,0,0,0,0,0,0,0,0,0,0,0,0,0,0,0,0,0,0,0,0,0,0,0,0,0,0,0,0,0,0,0,14.431,14.431,0,0,0,0,0,0,0,0,0,0,0,0,0,0,0,0,0,0,0,0,0,0,0,0,0,0,0,0,0,0,0,0,0,0,0,0,0,0,0,0,0,0,0,0,0,0,0,0,0,0,0,0,0,0,0,0,0,0,0,0,0,0,0,0,0,14.109,14.109,0,0,0,0,0,0,0,0,0,0,0,0,0,0,0,0,0,0,0,0,0,0,0,0,0,0,0,0,0,0,0,0,0,0,0,0,0,0,0,0,0,0,0,0,0,0,0,0,0,0,0,0,0,0,0,0,0,0,0,0,0,0,0,0,0,0,0,0,0,0,0,0,0,0,0,0,0,0,0,0,0,0,0,0,0,0,0,0,0,0,0,0,0,0,0,0,0,0,0,0,0,0,0,0,0,0,0,0,0,0,0,0,0,0,0,0,0,0,0,0,16.079,14.387,0,0,0,0,0,0,0,0,0,0,0,0,0,0,0,0,0,0,0,0,0,0,0,0,0,0,0,0,0,0,0,0,0,0,0,0,0,0,0,0,0,0,0,0,0,0,0,0,0,0,0,0,0,0,0,0,0,0,0,0,0,0,0,0,0,0,0,0,0,0,0,0,0,0,0,16.802,14.25,0,0,0,0,0,118.928,107.951,15.518,16.4,16.4,0,0,0,0,0,0,0,0,0,0,0,0,0,0,0,14.437,14.437,0,0,0,0,0,0,0,0,0,0,0,0,0,0,0,0,15.943,14.124,0,0,0,0,0,0,0,0,0,16.183,16.183,0,0,0,0,0,0,0,0,0,14.36,14.445,14.43,0,0,0,0,0,0,0,0,0,0,0,0,0,0,0,0,0,0,0,0,0,0,0,0,0,0,0,0,0,0,0,0,0,0,0,0,0,0,0,0,0,0,0,0,0,0,0,0,0,0,0,0,0,0,0,0,0,0,0,0,0,0,0,0,0,0,0,0,0,0,0,0,0,0,0,0,0,0,0,0,0,0,14.698,14.698,0,0,0,95.829,14.539,14.841,0,16.744,14.895,0,0,16.851,15.059,14.616,0,0,0,0,0,0,0,16.466,16.466,0,16.337,14.475,0,0,0,0,0,0,0,0,0,0,0,0,0,0,0,0,0,0,0,0,0,0,0,0,0,0,0,0,0,0,0,0,0,0,0,0,0,0,0,0,0,0,0,0,0,0,0,0,0,0,0,0,0,0,0,0,0,0,0,0,0,16.434,16.434,0,0,0,0,0,0,0,0,0,0,0,0,0,0,0,0,0,0,0,0,0,0,0,0,0,0,0,0,0,0,0,0,0,0,0,0,0,0,0,0,0,0,0,0,0,0,0,0,120.69,14.737,0,0,0,0,0,0,0,0,0,0,0,0,0,0,0,0,0,0,0,0,0,0,0,0,0,0,0,14.915,14.915,0,0,0,0,0,0,0,0,0,0,0,0,0,0,0,0,0,0,0,0,0,0,0,0,0,0,0,0,0,0,0,0,0,0,0,0,0,0,0,0,0,0,0,0,0,0,0,0,0,0,0,0,0,0,0,0,0,0,0,0,0,0,0,0,0,0,0,0,0,0,0,0,0,0,0,0,0,0,0,0,0,0,0,0,0,0,0,0,0,0,0,0,0,0,0,0,0,0,0,0,0,0,0,0,0,0,0,0,0,0,0,0,0,0,0,0,0,0,0,0,0,0,0,0,0,0,0,0,0,0
DiningRoomOutlets_AP,0,0,0,0,0,0,0,0,0,0,21.623,21.623,23.388,21.703,24.111,0,0,0,0,0,0,0,20.165,20.232,0,0,0,0,0,0,0,0,0,0,0,0,0,0,0,21.734,21.975,21.368,21.368,0,0,0,22.291,22.291,0,0,0,0,0,0,0,24.281,21.977,0,0,0,0,0,0,0,0,0,0,0,0,0,0,0,20.679,20.656,22.527,22.527,21.971,0,0,0,0,0,0,22.47,20.522,20.976,0,0,0,20.754,20.754,22.882,20.774,23.038,22.837,22.352,20.801,20.752,20.752,0,0,0,0,0,0,20.838,20.748,0,23.353,21.373,0,0,22.088,20.59,20.59,0,0,0,20.671,20.68,0,0,22.831,20.994,0,20.359,20.359,0,22.348,20.612,0,0,22.094,22.094,0,0,0,0,0,0,20.026,20.026,21.615,21.928,0,0,21.427,19.818,22.056,20.142,0,0,0,0,20.553,20.533,0,20.869,20.869,0,0,0,0,0,0,0,0,0,0,0,0,0,0,0,0,0,0,0,0,0,0,0,0,0,0,0,0,0,0,0,0,23.341,20.703,0,0,0,0,0,0,0,0,0,0,0,0,0,0,0,0,0,0,0,0,0,0,0,0,0,0,0,0,0,0,0,0,22.866,20.877,0,0,0,0,0,0,0,0,0,0,0,0,0,0,0,22.683,20.683,0,0,0,22.394,20.513,0,0,0,21.963,20.391,0,21.473,21.473,0,0,0,0,0,0,0,0,0,0,0,0,0,0,0,0,0,0,0,0,0,0,0,22.129,22.129,0,0,0,0,0,0,0,0,0,0,0,0,0,0,0,0,0,0,0,0,0,0,0,0,0,0,0,0,0,0,0,0,0,0,0,0,0,0,0,0,0,0,0,20.02,20.02,0,0,0,0,0,0,0,0,0,0,0,0,0,0,0,0,0,20.332,20.332,0,0,0,0,0,0,0,0,0,0,0,0,0,0,0,20.179,20.523,0,0,0,0,0,0,0,0,0,0,0,0,0,0,0,0,20.447,20.447,0,0,0,0,0,0,0,0,0,0,0,0,0,0,0,0,0,0,0,22.034,22.034,0,0,0,0,0,0,22.758,20.922,21.882,21.882,0,0,22.901,20.688,21.965,21.965,20.368,20.368,0,0,0,0,0,0,0,0,0,0,0,20.408,22.03,20.256,0,0,0,0,0,0,0,0,0,0,0,0,0,0,20.387,20.387,0,0,0,0,0,0,0,0,0,0,0,0,0,0,0,20.125,20.125,0,0,0,0,0,0,0,0,0,0,0,0,0,0,0,0,20.803,20.312,0,0,0,0,0,0,0,0,0,0,0,0,0,0,0,22.609,20.216,0,0,0,0,0,0,20.568,20.31,0,20.119,22.247,20.244,21.776,21.432,21.819,21.819,0,20.017,20.097,20.131,20.265,22.23,20.107,0,0,0,0,0,0,0,0,23.257,23.257,21.424,22.96,22.96,0,0,0,0,0,0,0,0,0,0,0,0,22.369,20.646,0,22.654,20.601,0,0,0,0,0,0,0,0,0,0,0,0,0,0,0,20.404,20.404,0,0,0,20.545,21.821,20.836,0,0,0,0,21.863,19.93,0,0,0,0,0,0,0,0,0,0,0,0,0,0,0,20.235,20.235,0,0,22.172,20.219,0,0,0,0,0,0,0,0,0,0,23.336,20.506,0,0,0,0,0,0,0,0,0,0,0,0,0,0,0,0,0,0,0,0,0,0,0,0,0,0,0,0,0,0,0,0,0,20.672,20.672,0,0,0,0,0,0,0,23.387,20.908,20.85,0,0,0,21.273,21.273,0,0,24.067,21.581,0,0,21.075,21.347,20.995,22.788,23.419,22.879,20.856,0,0,21.912,20.033,20.126,19.963,20.154,22.164,21.994,0,0,0,0,0,0,0,0,0,0,0,0,0,20.197,20.197,0,0,0,0,0,0,0,0,0,0,0,0,0,20.34,20.34,0,0,0,0,0,0,0,0,0,0,0,0,0,0,0,0,0,0,0,0,0,0,0,0,0,0,0,0,0,0,23.524,23.524,0,0,0,0,0,0,0,0,0,0,0,0,0,0,20.543,20.543,0,0,0,0,0,0,0,0,0,0,0,0,0,0,21.857,21.857,0,0,0,0,0,0,0,0,0,0,0,0,0,0,22.633,20.844,22.737,20.844,0,0,0,0,0,0,0,0,0,0,0,0,0,0,0,0,0,0,0,0,0,0,0,0,0,0,23.357,21.065,21.371,0,0,0,0,0,0,0,0,0,0,0,0,0,0,0,0,0,0,0,0,0,0,0,0,0,0,0,0,0,0,0,23.052,23.052,0,0,0,0,0,0,0,0,0,22.513,22.437,22.767,22.767,24.585,22.373,0,0,0,0,0,0,0,0,0,0,0,0,0,0,21.688,21.688,0,0,0,0,0,0,0,0,0,0,0,0,0,0,22.144,22.144,0,0,0,0,0,0,0,0,0,0,0,0,0,0,21.159,21.18,0,0,0,0,0,0,0,0,0,0,0,0,20.389,20.389,20.477,20.477,0,0,0,0,0,0,0,0,0,0,0,0,0,0,23.921,21.711,0,0
OutsideOutlets_AP,0,0,0,0,0,0,0,0,0,0,1.39,1.39,0,0,0,0,0,0,0,0,0,0,0,0,0,0,0,0,0,0,0,0,0,0,0,0,0,0,0,2.687,1.591,0,0,0,0,0,0,0,0,0,0,0,0,0,0,0,0,0,0,0,0,0,0,0,0,0,0,0,0,0,0,2.57,2.57,0,0,0,0,0,0,0,0,0,0,0,0,0,0,0,0,0,0,0,0,0,0,0,0,0,0,0,0,0,0,0,0,0,0,0,0,0,0,0,0,0,0,0,0,0,0,0,0,0,0,0,0,0,0,0,0,0,0,0,0,0,0,0,0,0,0,0,0,0,0,0,0,0,0,0,0,0,0,0,0,0,0,0,0,0,0,0,0,0,0,0,0,0,0,0,0,0,0,0,0,0,2.595,1.389,0,0,0,0,0,0,0,0,0,0,0,0,0,0,0,0,0,0,0,0,0,0,0,0,0,0,0,0,0,0,0,0,3.205,1.453,0,0,0,0,0,0,0,0,0,0,0,0,0,0,0,0,0,0,0,0,0,0,0,0,0,0,0,0,0,0,0,0,2.227,2.227,0,0,0,0,0,0,0,0,0,0,0,0,0,0,0,0,0,0,0,0,0,0,0,0,0,0,0,0,0,0,0,0,0,0,0,0,0,0,0,0,0,0,0,0,0,0,0,0,0,0,0,0,0,0,0,0,0,0,0,0,0,0,0,0,0,0,0,0,0,0,0,0,0,0,0,0,0,0,0,0,0,0,0,0,0,0,0,0,0,0,0,0,0,0,0,0,0,0,0,0,0,0,0,0,0,0,0,0,0,0,0,0,0,0,0,0,0,2.678,1.58,0,0,0,0,0,0,0,0,0,0,0,0,0,0,0,0,0,0,0,0,0,0,0,0,0,0,0,0,0,0,0,0,0,0,0,0,0,0,0,0,0,0,0,0,0,0,0,0,0,0,0,0,0,0,0,0,0,0,0,0,0,0,0,0,0,0,0,0,2.632,1.5,0,0,0,0,0,0,0,0,0,0,0,0,0,0,0,0,0,0,0,0,0,0,0,0,0,0,0,0,0,0,0,0,0,0,0,0,0,0,0,0,0,0,0,0,0,0,0,0,0,0,0,0,0,0,0,0,0,0,0,0,0,0,0,0,0,0,0,2.898,2.898,0,0,0,0,0,0,0,0,0,0,0,0,0,0,0,0,0,0,0,0,0,0,0,0,0,0,0,0,0,0,0,0,0,0,0,0,0,0,0,0,0,0,0,0,0,0,0,0,0,0,0,0,0,0,0,0,0,0,0,0,0,0,0,0,0,0,0,0,0,0,0,0,0,0,0,0,0,0,0,0,0,0,0,0,0,0,0,0,0,0,0,0,0,0,0,0,0,0,0,0,0,0,0,0,0,0,0,0,0,0,0,0,0,2.839,2.044,0,0,0,0,0,0,0,0,0,0,0,0,0,0,0,0,0,0,0,0,0,0,0,0,0,0,0,0,0,0,0,0,0,0,0,0,0,0,0,0,0,0,0,0,0,0,0,0,0,0,0,0,0,0,0,0,0,0,0,0,0,0,0,0,0,0,0,0,2.493,2.493,0,0,0,0,0,0,0,0,0,0,0,0,0,0,0,0,0,0,0,0,0,0,0,0,0,0,0,0,0,0,2.613,1.998,0,0,0,0,0,0,0,0,0,0,0,0,0,0,0,0,0,0,0,0,0,0,0,0,0,0,0,0,0,0,0,0,0,0,0,0,0,0,0,0,0,0,0,0,0,0,0,0,0,0,0,0,0,0,0,0,0,0,0,0,0,2.878,1.728,0,0,0,0,0,0,0,0,0,0,0,0,0,0,0,0,0,0,0,0,0,0,0,0,0,0,0,0,0,0,2.545,2.545,0,0,0,0,0,0,0,0,0,0,0,0,0,0,0,0,0,0,0,0,0,0,0,0,0,0,0,0,0,0,2.943,2.255,0,0,0,0,0,0,0,0,0,0,0,0,0,0,0,0,0,0,0,0,0,0,0,0,0,0,0,0,0,0,0,0,0,0,0,0,0,0,0,0,0,0,0,0,0,0,0,0,0,0,0,0,0,0,0,0,0,0,0,0,0,0,0,0,0,0,0,0,0,0,0,0,0,0,0,0,0,0,0,0,0,0,0,0,0,0,0,0,0,0,0,0,0,0,2.911,2.195,0,0,0,0,0,0,0,0,0,0,0,0,0,0,0,0,0,0
CellarLights_AP,0,0,0,0,0,0,0,0,0,0,4.038,4.038,0,0,0,0,0,0,0,0,0,0,0,0,0,0,0,0,0,0,0,0,0,0,0,0,0,0,0,0,0,0,0,0,0,0,0,0,0,0,0,0,0,0,0,0,0,0,0,0,0,0,0,0,0,0,0,0,0,0,0,0,0,0,0,0,0,0,0,0,0,0,0,0,0,0,0,0,0,0,0,0,0,0,0,0,0,0,0,0,0,0,0,0,0,0,0,0,0,0,0,0,0,0,0,0,0,0,0,0,0,0,0,0,0,0,0,0,0,0,0,0,0,0,0,0,0,0,0,0,0,0,0,0,0,0,0,0,0,0,0,0,0,0,0,0,0,0,0,0,0,0,0,0,0,0,0,0,0,0,0,0,0,0,0,0,0,0,0,0,0,0,0,0,0,0,0,0,0,0,0,0,0,0,0,0,0,0,0,0,0,0,0,0,0,0,0,0,0,0,0,0,0,0,0,0,0,0,0,0,0,0,0,0,0,0,0,0,0,0,0,0,0,0,0,0,0,0,0,0,0,0,0,0,0,0,0,0,0,0,0,0,0,0,0,0,0,0,0,0,0,0,0,0,0,0,0,0,0,0,0,0,0,0,0,0,0,0,0,0,0,0,0,0,0,0,0,0,0,0,0,0,0,0,0,0,0,0,0,0,0,0,0,0,0,0,0,0,0,0,0,0,0,0,0,0,0,0,0,0,0,0,0,0,0,0,0,0,0,0,0,0,0,0,0,0,0,0,0,0,0,0,0,0,0,0,0,0,0,0,0,0,0,0,0,0,0,0,0,0,0,0,0,0,0,0,0,0,0,0,0,0,0,0,0,0,0,0,0,0,0,0,0,0,0,0,0,0,0,0,0,0,0,0,0,0,0,0,0,0,0,0,0,0,0,0,0,0,0,0,0,0,0,0,0,0,0,0,0,0,0,0,0,0,0,0,0,0,0,0,0,0,0,0,0,0,0,0,0,0,0,0,0,0,0,0,0,0,0,0,0,0,0,0,0,0,0,0,0,0,0,0,0,0,0,0,0,0,0,0,0,0,0,0,0,0,0,0,0,0,0,0,0,0,0,0,0,0,0,0,0,0,0,0,0,0,0,0,0,0,0,0,0,0,0,0,0,0,0,0,0,0,0,0,0,0,0,0,0,0,0,0,0,0,0,0,0,0,0,0,0,0,0,0,0,0,0,0,0,0,0,0,0,0,0,0,0,0,0,0,0,0,0,0,0,0,0,0,0,0,0,0,0,0,0,0,0,0,0,0,0,0,0,0,0,0,0,79.106,4.191,0,0,0,0,0,0,0,0,0,0,0,0,0,0,0,0,0,0,0,0,0,0,0,0,0,0,0,0,0,0,0,0,0,0,0,0,0,0,0,0,0,0,0,0,0,0,0,0,0,0,0,0,0,0,0,0,0,0,0,0,0,0,0,0,0,0,0,0,0,0,0,0,0,0,0,0,0,0,0,0,0,0,0,0,0,0,0,0,0,0,0,0,0,0,0,0,0,0,0,0,0,0,0,0,0,0,0,0,0,0,0,0,0,0,0,0,0,0,0,0,0,0,0,0,0,0,0,0,0,0,0,0,0,0,0,0,0,0,0,0,0,0,0,0,0,0,0,0,0,0,0,0,0,0,0,0,0,0,0,0,0,0,0,0,0,0,0,0,0,0,0,0,0,0,0,0,0,0,0,0,0,0,0,0,0,0,0,0,0,0,0,0,0,0,0,0,0,0,0,0,0,0,0,0,0,0,0,0,0,0,0,0,0,0,0,0,0,0,0,0,0,0,0,0,0,0,0,0,0,0,0,0,0,0,0,0,0,0,0,0,0,0,0,0,0,0,0,0,0,0,0,0,0,0,0,0,0,0,0,0,0,0,0,0,0,0,0,0,0,0,0,0,0,0,0,0,0,0,0,0,0,0,0,0,0,0,0,0,0,0,0,0,0,0,0,0,0,0,0,0,0,0,0,0,0,0,0,0,0,0,0,0,0,0,0,0,0,0,0,0,0,0,0,0,0,0,0,0,0,0,0,0,0,0,0,0,0,0,0,0,0,0,0,0,0,0,0,0,0,0,0,0,0,0,0,0,0,0,0,0,0,0,0,0,0,0,0,0,0,0,0,0,0,0,0,0,0,0,0,0,0
FurnaceHRV_AP,503.921,497.948,499.625,-0,503.622,500.893,470.243,0,0,0,486.571,485.846,486.96,490.36,492.481,495.459,496.716,493.981,117.442,486.82,487.318,491.4,493.874,493.308,458.753,150.814,83.845,859.895,452.824,462.336,462.336,464.942,465.987,465.765,-0,797.717,456.595,0,467.781,469.179,469.724,471.82,87.546,845.371,462.259,461.051,462.704,0,0,0,90.925,120.619,496.645,488.212,488.611,504.704,497.296,501.481,497.625,117.634,118.77,488.699,492.521,496.273,496.732,460.564,451.372,82.83,864.72,462.032,449.591,459.481,457.513,457.206,460.586,458.235,237.444,631.379,614.017,614.976,612.811,619.333,623.004,612.355,242.88,982.51,614.476,621.725,612.31,461.511,462.031,462.031,118.276,117.549,486.21,490.424,489.83,496.942,492.639,496.442,69.993,121.034,494.389,481.656,487.582,493.837,37.646,81.309,459.153,455.099,385.427,36.786,62.405,451.289,442.063,152.167,34.601,69.374,450.381,444.455,34.581,84.033,451.641,449.34,434.88,35.912,70.587,449.575,223.145,36.406,84.979,451.062,468.148,489.695,68.825,486.609,482.811,489.606,490.983,69.069,121.399,483.939,488.517,490.756,70.109,120.885,485.341,454.286,36.937,473.633,460.216,457.189,439.8,65.384,453.023,455.59,456.899,36.472,468.315,452.969,452.241,35.511,473.535,454.732,0,0,457.382,457.382,35.923,54.651,465.003,450.609,0,505.666,491.989,494.128,494.764,116.821,116.338,478.159,483.414,489.425,487.684,491.344,490.002,117.385,116.452,482.544,447.63,451.544,451.544,453.797,455.467,300.253,881.596,451.687,445.296,445.296,451.568,0,0,291.242,80.751,300.239,449.362,0,0,0,459.242,456.839,81.31,538.338,453.724,0,451.331,488.791,488.518,489.371,492.813,116.558,485.106,481.354,485.918,489.208,489.225,492.44,493.539,115.805,472.792,445.852,0,452.67,452.67,0,254.745,81.072,820.444,451.826,444.863,0,0,0,457.085,81.515,771.769,449.797,0,455.215,455.13,456.199,458.515,233.927,82.136,460.433,445.493,494.494,486.277,486.79,489.938,486.476,116.081,116.523,478.828,481.242,487.842,488.033,489.608,490.068,117.408,115.503,451.819,448.122,450.377,452.361,452.361,455.032,199.426,81.554,458.849,445.274,450.837,449.626,452.028,452.028,185.655,81.046,794.832,446.789,451.092,451.092,0,0,174.388,81.5,861.401,444.652,459.153,487.297,488.002,489.188,489.259,492.256,116.928,487.1,478.951,484.613,484.865,487.546,492.733,487.213,116.055,821.062,448.635,451.959,451.959,0,0,456.265,80.979,796.134,447.897,0,0,455.192,455.192,458.685,101.433,799.445,456.189,450.554,0,0,458.407,458.407,532.637,82.166,849.41,447.334,486.582,489.383,490.33,493.981,490.623,117.334,115.652,478.832,483.96,485.418,490.995,491.876,489.434,116.285,814.866,450.763,0,455.703,457.367,456.464,459.359,442.149,81.841,454.791,450.091,450.091,0,0,0,436.823,81.95,875.78,455.716,454.991,455.624,0,0,457.628,81.906,831.276,507.48,482.319,485.922,489.349,495.307,492.813,493.26,118.091,503.458,485.671,487.344,-0,490.306,490.802,493.405,82.46,847.963,446.641,457.363,457.479,457.953,461.633,461.749,82.688,818.244,454.117,453.867,456.561,459.039,461.228,461.329,412.617,82.309,464.67,452.198,452.198,0,0,462.991,408.86,81.807,134.641,485.698,492.156,491.785,492.339,491.909,495.868,290.322,117.934,482.459,484.794,493.22,492.751,493.827,483.584,397.305,840.333,460.708,454.738,460.98,628.502,627.364,626.714,624.737,252.193,883.453,449.689,449.689,457.188,460.913,460.074,0,460.021,81.51,415.723,455.194,455.735,460.524,460.524,458.325,337.054,122.796,117.774,485.137,486.392,491.626,492.019,497.737,494.867,115.857,117.554,487.143,486.036,486.533,489.775,458.539,458.027,193.513,81.792,873.685,456.61,0,457.429,458.435,460.792,461.334,460.343,81.586,808.401,450.501,456.44,456.44,458.221,461.488,343.641,81.276,854.835,456.079,451.527,455.081,456.232,461.27,496.065,661.425,290.851,287.123,653.682,659.585,648.109,649.915,493.248,497.111,493.751,490.586,498.668,494.614,466.733,464.127,464.127,465.545,0,0,0,0,461.117,461.92,462.941,462.484,460.732,0,0,459.413,459.413,0,0,0,464.207,462.991,460.588,460.588,0,458.067,460.527,494.099,493.138,495.886,492.837,646.29,494.622,499.085,497.958,495.978,673.798,669.715,667.204,660.86,658.05,628.173,464.927,468.166,468.166,469.211,469.884,469.884,467.838,468.476,0,0,0,0,0,466.923,466.115,465.746,465.971,465.009,464.951,36.711,0,0,64.793,454.957,590.272,624.674,666.054,669.607,655.294,657.819,654.471,659.781,656.053,502.172,497.329,498.343,501.202,497.391,496.691,500.779,463.861,0,0,0,0,460.337,461.576,459.367,0,457.882,457.882,0,461.076,458.192,460.06,0,659.721,622.52,622.928,462.006,0,460.037,460.037,459.727,565.945,461.464,516.411,492.188,493.085,493.927,495.248,495.898,495.238,498.303,493,497.871,495.545,493.802,496.266,498.376,494.447,463.381,0,0,0,0,462.735,462.735,0,462.969,462.969,183.271,35.993,0,70.632,455.349,457.285,461.73,466.551,465.936,467.231,467.357,467.357,467.544,36.869,477.006,459.997,482.248,497.702,498.425,677.26,672.261,670.046,658.146,651.501,672.425,502.01,506.36,505.956,504.475,506.925,507.653,472.319,0,0,465.775,464.308,467.439,465.788,465.9,467.302,0,468.003,467.728,468.488,465.646,467.727,467.617,467.617,0,0,0,467.168,468.766,319.98,36.916,39.515,461.984,462.85,499.094,502.104,502.448,500.944,502.189,501.508,502.272,498.573,504.377,502.419,500.2,501.024,506.597,501.561,469.82,0,466.005,36.816,72.459,456.337,456.337,464.34,464.34,0,466.951,467.532,0,0,468.254,468.254,0,467.917,467.917,467.348,467.896,467.896,0,0,0,0,523.257,500.773,504.207,500.925,503.304,500.771,502.122,499.71,504.016,503.9,500.478,505.138,502.587,502.716,504.091,469.139,0,0,0,0,0,0,467.823,467.823,0,464.873,464.873,465.798,467.459,466.517,463.416,463.416,0,0,469.959,467.169,467.622,466.355,466.355,466.48,466.48,641.491,670.747,669.792,673.64,663.507,661.646,501.859,502.372,500.231,505.438,504.382,499.887,503.183,504.859,498.465,466.566,466.682,0,0,0,0,465.551,461.389,36.399,0,69.705,461.47,462.758,460.923,0,463.949,463.949,0,0,465.789,467.606,36.97,72.898,461.508,0,465.997,498.297,501.352,503.365,504.578,504.008,502.061,506.664,502.644,506.305,506.146,502.348,505.899,505.125,501.919,504.855,472.629,470.702,470.702,0,0,0,470.826,469.648,468.446,0,471.178,468.453,470.53,470.53,470.519,0,257.334,37.794,60.959,464.89,466.28,465.632,0,0,0,470.902,472.011,504.59,500.102,505.072,501.296,503.209,498.871,502.14,499.219,498.6,501.255,500.337,499.992,502.009,503.04,466.91,0,0,0,468.64,470.076,468.46,296.221,83.282,799.178,464.973,0,467.654,468.379,468.379,468.776,466.982,468.992,0,469.62,467.013,468.9,468.9,0,469.401,469.401,466.338,498.313,501.308,497.225,498.604,497.077,501.744,494.932,500.539,500.439,496.657,500.999,-0,498.123,499.42,464.889,0,0,0,0,465.797,650.969,641.049,637.91,640.686,640.832,629.943,631.114,631.118,470.995,473.175,469.565,468.58,468.58,469.768,0,466.519,466.519,0,217.036,36.675,63.078,110.157,487.29,494.106,497.091,499.396,500.628,501.548,499.25
CellarOutlets_AP,0,0,0,0,0,0,0,0,0,0,130.058,130.058,129.879,129.258,128.015,128.015,0,0,0,0,0,0,100.56,29.873,0,0,0,0,0,0,0,0,0,0,0,0,0,0,0,1050.998,139.085,0,0,129.646,129.646,0,0,0,0,126.558,126.558,0,125.783,125.783,0,124.143,31.238,0,0,0,0,0,0,0,0,0,0,0,0,0,0,1027.372,136.355,142.415,0,129.397,128.219,0,0,0,0,0,0,125.715,125.715,0,0,0,58.631,30.141,0,0,0,0,0,0,0,0,0,0,0,0,0,0,0,847.745,141.8,0,129.079,129.276,0,0,126.995,126.995,0,126.242,126.242,0,0,122.745,122.745,0,47.828,30.436,0,0,0,0,0,0,0,0,0,0,0,0,0,0,0,0,1012.781,139.73,128.309,129.221,126.602,127.818,125.707,125.707,0,0,0,0,0,0,170.602,124.073,0,88.944,29.551,0,0,0,0,0,0,0,0,0,0,0,0,0,0,0,1042.29,138.879,0,129.148,128.069,128.047,128.047,0,0,124.679,125.999,0,123.905,123.905,124.321,0,0,84.686,29.367,0,0,0,0,0,0,0,0,0,0,0,0,0,0,0,1036.616,139.22,128.925,128.925,0,0,0,0,125.297,125.297,125.004,0,0,123.937,123.937,0,0,77.222,29.593,0,0,0,0,0,0,0,0,0,0,0,0,0,0,0,741.811,139.864,0,0,0,339.145,454.48,438.687,438.687,436.332,269.885,30.427,0,0,0,0,0,0,0,0,0,0,0,0,0,906.982,157.269,137.785,0,0,0,0,138.532,138.532,134.719,134.719,133.038,130.901,131.151,131.198,129.757,130.592,0,0,0,128.252,128.252,0,0,0,0,0,0,0,126.589,126.589,0,124.091,124.091,0,123.61,123.61,0,0,0,0,0,73.476,29.317,0,0,0,0,0,0,0,0,0,0,0,0,0,0,879.466,136.934,0,0,0,0,0,0,0,125.408,125.408,0,0,124.39,125.48,0,0,124.589,124.589,80.377,29.649,0,0,0,0,0,0,0,0,0,0,0,0,0,0,0,1033.865,139.317,0,0,127.579,127.579,127.827,0,0,0,0,0,0,0,0,0,0,0,47.301,29.786,0,0,0,0,0,0,0,0,0,0,0,0,0,0,0,702.414,142.214,139.537,0,0,0,126.877,126.877,0,127.028,127.028,125.769,0,0,0,0,0,0,79.17,31.125,0,0,0,0,0,0,0,0,0,0,0,0,0,0,0,1034.144,138.687,0,0,0,0,0,0,0,0,0,0,0,0,0,0,0,32.405,29.586,0,0,0,0,0,0,0,0,0,0,0,0,0,0,0,746.477,140.515,0,0,128.919,128.919,126.809,126.809,0,0,125.217,125.217,0,0,0,0,0,0,71.241,29.604,0,0,0,0,0,0,0,0,0,0,0,0,0,0,0,961.094,139.491,0,127.914,128.83,128.83,126.008,126.008,125.478,124.275,0,0,0,0,123.106,124.179,0,0,77.731,29.162,0,0,0,0,0,0,0,0,0,0,0,0,0,0,0,773.375,139.013,0,128.071,128.253,127.26,125.406,125.406,0,0,0,123.837,0,0,0,0,0,0,93.333,29.461,0,0,0,0,0,0,0,0,0,0,0,0,0,0,0,706.642,137.065,129.666,0,0,127.745,126.104,144.591,137.489,132.238,132.238,0,128.656,129.477,0,126.02,127.255,126.826,124.657,123.91,123.91,0,0,0,0,0,0,0,87.336,29.211,0,0,0,0,0,0,0,0,0,0,0,0,0,0,0,1018.778,138.44,0,0,126.352,126.352,0,0,0,0,124.309,124.309,0,0,0,0,0,0,0,109.023,29.526,0,0,0,0,0,0,0,0,0,0,0,0,0,0,0,712.473,139.959,0,0,128.094,127.201,0,126.491,125.47,0,0,0,0,0,124.943,124.943,125.661,125.574,52.969,31.514,0,0,0,30.006,30.006,0,0,0,0,0,0,0,0,0,963.71,138.765,0,0,0,0,0,0,0,0,0,0,0,0,0,0,78.353,78.353,29.948,0,0,0,0,0,0,0,0,0,0,0,0,0,1042.527,141.532,132.633,132.052,131.484,132.651,0,0,0,0,0,0,0,0,0,0,0,120.062,30.27,0,0,0,0,0,0,0,0,0,0,0,0,0,603.549,140.928,140.928,134.132,134.066,0,0,132.034,130.84,130.84,0,0,0,0,0,0,30.508,31.897,0,0,0,0,0,0,0,0,0,0,0,0,0,1037.397,141.599,144.94,0,0,132.543,133.616,0,0,0,0,0,0,0,0,0,117.024,30.63,0,0,0,0,0,0,0,0,0,0,0,0,0,0,978.636,144.658,0,132.677,132.677,133.315,0,0,0,0,0,129.284,129.284,0,0,0,48.231,30.554,0,0,0,0,0,0,0,0,0,0,0,0,0,0,661.584,143.546,134.346,134.791,134.054,0,0,0,0,0,130.807,130.807,0,0,0,0,66.698,31.862,0,0,0,0,0,0,0,0,0,0,0,0,0,0,940.108,140.636,140.636,0,0,0,0,132.484,132.484,0,0,0,0,0,0,0,101.439,30.43,0,0,0,0,0,0,0,0,0,0,0,0,0,0,789.554,144.297,0,0,133.552,133.552,0,131.074,131.074,130.078,130.401,0,0,0,0,0,80.844,30.411,0,0,0,0,0,0,0,0,0,0,0,0,0,0,220.675,146.406,0,132.229,132.229,0,0,0,0,0,0,0,0,0,0,0,122.093,30.663,0,0
WashingMachine_AP,0,0,0,0,0,0,0,0,0,0,2.011,2.011,0,0,0,0,0,0,0,0,0,0,0,0,0,0,0,0,0,0,0,0,0,0,0,0,0,0,0,0,0,0,0,0,0,0,0,0,0,0,0,0,0,0,0,0,0,0,0,0,0,0,0,0,0,0,0,0,0,0,0,0,0,0,0,0,0,0,0,0,0,0,0,0,0,0,0,0,0,0,0,0,0,0,0,0,0,0,0,0,0,0,0,0,0,0,0,0,0,0,0,0,0,0,0,0,0,0,0,0,0,0,0,0,0,0,0,0,0,0,0,0,0,0,0,0,0,0,0,0,0,0,0,0,0,0,0,0,0,0,0,0,0,0,0,0,0,0,0,0,0,0,0,0,0,0,0,0,0,0,0,0,0,0,0,0,0,0,0,0,0,0,0,0,0,0,0,0,0,0,0,0,0,0,0,0,0,0,0,0,0,0,0,0,0,0,0,0,0,0,0,0,0,0,0,0,0,0,0,0,0,0,0,0,0,0,0,0,0,0,0,0,0,0,0,0,0,0,0,0,0,0,0,0,0,0,0,0,0,0,0,0,0,0,0,0,0,0,0,0,0,0,0,0,0,0,0,0,0,0,0,0,0,0,0,0,0,0,0,0,0,0,0,0,0,0,0,0,0,0,0,0,0,0,0,0,0,0,0,0,0,0,0,0,0,0,0,0,0,0,0,0,0,0,0,0,0,0,0,0,0,0,0,0,0,0,0,0,0,0,0,0,0,0,0,0,0,0,0,0,0,0,0,0,0,0,0,0,0,0,0,0,0,0,0,0,0,0,0,0,0,0,0,0,0,0,0,0,0,0,0,0,0,0,0,0,0,0,0,0,0,0,0,0,0,0,0,0,0,0,0,0,0,0,0,0,0,0,0,0,0,0,0,0,0,0,0,0,0,0,0,0,0,0,0,0,0,0,0,0,0,0,0,0,0,0,0,0,0,0,0,0,0,0,0,0,0,0,0,0,0,0,0,0,0,0,0,0,0,0,0,0,0,0,0,0,0,0,0,0,0,0,0,0,0,0,0,0,0,0,0,0,0,0,0,0,0,0,0,0,0,0,0,0,0,0,0,0,0,0,0,0,0,0,0,0,0,0,0,0,0,0,0,0,0,0,0,0,0,0,0,0,0,0,0,0,0,0,0,0,0,0,0,0,0,0,0,0,0,0,0,0,0,0,0,0,0,0,0,0,0,0,0,0,0,0,0,0,0,0,0,0,0,0,0,0,0,0,0,0,0,0,0,0,0,0,0,0,0,0,0,0,0,0,0,0,0,0,0,0,0,0,0,0,0,0,0,0,0,0,0,0,0,0,0,0,0,0,0,0,0,0,0,0,0,0,0,0,0,0,0,0,0,0,0,0,0,0,0,0,0,0,0,0,0,0,0,0,0,0,0,0,0,0,0,0,0,0,0,0,0,0,0,0,0,0,0,0,0,0,0,0,0,0,0,0,0,0,0,0,0,0,0,0,0,0,0,0,0,0,0,0,0,0,0,0,0,0,0,0,0,0,0,0,0,0,0,0,0,0,0,0,0,0,0,0,0,0,0,0,0,0,0,0,0,0,0,0,0,0,0,0,0,0,0,0,0,0,0,0,0,0,0,0,0,0,0,0,0,0,0,0,0,0,0,0,0,0,0,0,0,0,0,0,0,0,0,0,0,0,0,0,0,0,0,0,0,0,0,0,0,0,0,0,0,0,0,0,0,0,0,0,0,0,0,0,0,0,0,0,0,0,0,0,0,0,0,0,0,0,0,0,0,0,0,0,0,0,0,0,0,0,0,0,0,0,0,0,0,0,0,0,0,0,0,0,0,0,0,0,0,0,0,0,0,0,0,0,0,0,0,0,0,0,0,0,0,0,0,0,0,0,0,0,0,0,0,0,0,0,0,0,0,0,0,0,0,0,0,0,0,0,0,0,0,0,0,0,0,0,0,0,0,0,0,0,0,0,0,0,0,0,0,0,0,0,0,0,0,0,0,0,0,0,0,0,0,0,0,0,0,0,0,0,0,0,0,0,0,0,0,0,0,0,0,0,0,0,0,0,0,0,0,0,0,0,0,0,0,0,0,0,0,0,0,0,0,0,0,0,0,0,0,0,0,0,0,0,0,0,0,0,0,0,0,0,0,0,0,0
FridgeRange_AP,198.911,202.851,200.984,199.602,198.997,11.853,10.394,0,0,0,199.074,196.94,198.443,196.925,199.018,201.533,201.105,11.497,10.675,10.247,12.966,11.688,11.648,10.495,10.076,0,0,0,0,0,0,0,0,0,0,0,0,0,0,0,0,0,0,0,0,0,0,0,0,0,11.635,11.635,11.265,11.15,12.262,12.973,11.652,212.052,207.71,207.627,207.019,206.399,206.43,205.624,204.984,207.275,0,204.709,203.634,0,198.056,198.056,196.925,200.16,199.555,200.834,199.996,0,193.737,193.737,192.969,194.414,198.753,200.165,199.147,0,0,68.792,11.472,0,0,11.989,11.989,11.814,12.029,10.877,11.868,10.321,11.916,10.807,10.65,11.44,10.462,10.385,10.707,10.691,10.144,0,0,0,0,0,0,10.864,74.678,13.793,9.656,1364.783,203.514,206.276,203.257,201.551,0,0,216.17,201.619,0,0,201.782,198.79,0,195.002,198.646,202.561,200.633,203.286,202.916,199.24,197.964,197.179,196.612,199.274,200.964,203.034,199.777,196.01,196.13,194.2,193.472,0,108.504,10.322,0,0,0,0,0,0,0,0,0,0,0,0,0,0,0,0,0,0,0,0,0,11.66,11.91,10.971,11.167,11.459,11.309,11.391,202.587,203.186,204.784,204.931,204.95,202.498,203.717,203.025,201.193,0,202.491,202.437,0,0,193.941,192.888,199.091,199.091,198.968,197.979,0,193.58,194.257,193.042,197.591,196.158,196.998,0,73.083,12.913,10.418,0,0,0,11.494,11.347,11.503,10.471,10.473,11.395,11.631,10.663,11.405,11.641,11.527,10.799,10.669,11.454,10.192,9.945,0,0,0,0,0,0,0,0,0,0,0,0,768.749,207.978,0,0,0,0,0,0,0,0,201.966,200.418,0,198.147,197.814,196.363,199.11,200.148,200.375,197.209,195.675,196.639,195.796,194.419,198.288,199.506,196.484,69.034,10.102,12.468,11.101,0,0,0,0,0,0,0,0,0,0,0,0,0,0,0,0,0,0,0,0,0,0,0,11.388,11.477,11.549,10.418,10.508,11.507,10.255,10.654,11.663,10.403,11.448,1342.461,199.295,202.642,203.657,201.693,0,0,0,0,0,202.73,201.899,0,194.635,194.635,195.539,0,199.156,198.567,0,0,193.447,194.43,193.49,198.956,196.893,197.452,0,181.914,12.477,11.235,11.588,11.332,10.299,10.681,10.474,10.053,11.189,10.496,11.414,10.606,10.151,11.27,11.506,10.615,10.538,0,0,0,0,0,0,0,0,0,0,0,0,0,0,0,0,0,0,0,1280.391,216.762,210.368,0,0,0,205.209,205.273,204.663,203.715,202.98,204.99,201.027,200.617,200.32,198.852,201.943,200.524,201.518,199.518,198.559,0,195.459,195.554,193.904,198.447,200.725,199.165,125.691,10.437,10.52,0,0,0,0,0,0,0,0,0,0,0,0,0,0,0,11.595,11.595,10.836,11.881,11.893,12.082,10.816,11.074,10.671,10.953,11.567,11.741,10.762,11.542,10.705,11.811,0,0,0,0,0,1351.89,207.193,0,0,0,0,0,0,0,0,203.855,202.621,0,0,196.316,196.316,0,200.741,201.389,200.357,0,195.112,195.433,196.558,199.442,198.766,197.98,194.788,194.523,11.054,10.161,11.4,10.507,11.006,11.291,10.913,0,0,0,0,0,0,0,0,0,0,0,0,0,0,0,0,0,0,0,0,0,0,0,0,132.723,9.962,11.11,11.021,199.608,200.62,202.486,202.587,203.194,203.23,201.397,201.18,202.725,205.181,295.275,200.581,197.77,202.125,202.125,0,202.969,200.887,199.915,196.196,193.902,287.258,200.41,199.827,201.575,198.97,197.812,0,0,192.902,192.46,0,197.412,273.302,195.412,191.508,194.845,195.626,199.304,200.146,193.738,192.31,191.119,191.83,192.015,191.544,194.059,194.26,192.7,192.568,193.467,191.976,192.335,192.311,0,0,0,0,0,0,0,0,0,195.165,190.515,0,0,0,188.642,188.642,0,0,0,0,0,0,0,196.696,458.989,450.129,450.61,446.188,446.167,446.937,443.609,444.467,447.011,441.385,10.835,9.973,9.629,10.095,10.121,10.119,263.41,226.028,0,0,0,0,182.94,196.178,0,0,0,0,0,0,277.545,210.441,211.401,210.223,0,0,0,0,0,0,0,197.493,199.756,204.062,202.708,203.647,204.633,198.871,196.375,193.729,195.741,194.488,197.168,200.065,200.253,199.1,195.633,195.728,193.706,192.995,193.272,199.479,197.758,197.315,0,0,194.427,9.821,0,0,0,0,0,9.36,9.36,0,0,0,52.227,67.712,10.416,0,0,11.983,11.088,10.992,11.095,11.064,11.073,11.03,10.92,11.168,12.022,308.06,208.242,209.631,208.427,208.768,206.218,0,0,0,0,0,202.268,221.106,198.489,0,197.933,197.933,202.153,202.153,202.696,201.122,0,196.275,196.275,195.91,200.382,200.382,202.303,201.085,166.747,10.302,10.255,11.692,10.517,10.654,11.419,11.554,10.787,11.682,11.622,11.585,11.457,11.632,11.735,10.247,11.708,10.138,0,0,0,0,0,0,0,0,0,0,0,0,0,0,0,0,1273.321,216.857,0,0,0,0,0,0,0,207.272,206.12,205.306,204.022,200.692,199.976,198.299,198.425,199.468,202.189,203.484,199.915,200.126,197.519,199.044,196.879,196.227,199.278,200.741,158.93,10.333,12.709,10.524,0,0,0,0,0,0,0,0,0,0,0,0,0,0,0,0,0,0,11.841,11.65,11.937,10.898,11.71,11.409,10.834,11.72,11.497,11.619,11.668,11.468,11.994,10.384,11.378,9.696,0,1170.988,216.44,0,0,0,0,0,0,0,0,202.909,201.507,0,0,198.063,196.363,195.479,200.078,200.583,201.497,0,196.186,196.285,196.763,200.842,203.058,201.918,199.827,197.668,199.247,198.211,11.974,10.793,10.976,11.749,11.707,10.846,11.757,11.927,10.93,0,0,0,0,0,0,0,0,0,0,0,0,0,0,0,0,0,0,0,0,0,0,0,0,1317.283,217.376,206.036,206.662,206.04,207.457,204.552,206.085,205.115,203.998,202.309,205.192,202.346,201.589,200.857,199.123,197.55,201.311,199.643,201.831,201.732,0,196.152,196.152,196.459,195.532,200.176,202.006,144.476,10.759,13.289,10.523,0,0,0,0,0,0,0,0,0,0,11.009,11.897,10.684,11.585,11.809,10.779,10.483,10.356,10.746,10.61,11.563,10.647,10.792,11.752,10.618,10.964,0,0,0,0,0,0,0,0,0,1211.729,217.044,0,0,0,0,0,0,0,0,203.769,202.879,0,0,197.378,196.61,200.803,200.62,201.077,198.575,196.517,196.072,197.271,196.271,198.83
DisposalDishwasher_AP,32.782,32.834,32.978,32.786,32.995,33.035,32.974,0,0,0,32.452,32.452,32.326,32.395,32.457,32.27,32.17,32.457,32.372,32.314,32.395,32.395,32.237,32.207,32.302,0,0,0,0,0,0,0,0,0,0,0,0,0,0,0,0,0,0,0,0,0,0,0,0,0,0,0,32.599,32.622,32.763,33.683,32.637,32.634,32.532,32.5,32.565,32.626,32.709,32.42,32.568,32.606,0,0,0,0,0,0,0,0,0,0,0,0,0,0,0,0,0,0,0,0,0,0,0,0,0,0,32.585,32.585,32.576,32.482,32.441,32.234,32.234,32.446,32.24,32.216,32.313,32,32.158,32.289,32.144,0,0,0,0,0,0,0,0,0,0,0,0,0,0,0,0,0,0,0,0,0,0,0,0,0,31.763,31.763,31.507,31.679,31.68,31.796,31.812,31.941,31.818,31.819,31.915,32.007,31.806,31.705,31.852,31.752,0,0,0,0,0,0,0,0,0,0,0,0,0,0,0,0,0,0,0,0,0,0,0,0,0,32.312,32.312,32.249,32.254,32.1,31.77,31.959,31.91,31.795,31.709,31.715,31.681,31.807,31.846,31.826,31.585,0,0,0,0,0,0,0,0,0,0,0,0,0,0,0,0,0,0,0,0,0,0,0,0,0,0,0,31.779,31.983,31.724,31.811,32.11,31.953,31.853,31.958,31.92,31.833,31.981,31.961,31.976,31.991,0,0,0,0,0,0,0,0,0,0,0,0,0,0,0,0,0,0,0,0,0,0,0,0,0,0,31.911,31.911,31.761,31.718,31.659,31.799,31.831,31.978,31.887,31.789,31.901,31.817,31.711,31.731,31.818,0,0,0,0,0,0,0,0,0,0,0,0,0,0,0,0,0,0,0,0,0,0,0,0,0,0,31.813,32.031,31.792,31.818,32.047,31.73,31.637,31.966,31.702,31.667,31.824,31.503,31.47,31.612,31.687,0,0,0,0,0,0,0,0,0,0,0,0,0,0,0,0,0,0,0,0,0,0,0,0,0,32.101,32.02,32.164,32.084,31.976,32.166,31.809,31.873,32.043,31.983,31.994,31.959,32.073,32.067,32.131,31.947,0,0,0,0,0,0,0,0,0,0,0,0,0,0,0,0,0,0,0,0,0,0,0,0,0,0,31.992,32.06,32.1,32.184,32.06,32.21,32.274,32.275,32.297,32.224,32.058,31.949,32.008,32.171,0,0,0,0,0,0,0,0,0,0,0,0,0,0,0,0,0,0,0,0,0,0,0,0,0,32.354,32.354,32.247,32.245,32.47,32.464,32.372,32.176,32.285,32.193,32.248,32.44,32.314,32.249,32.451,32.441,0,0,0,0,0,0,0,0,0,0,0,0,0,0,0,0,0,0,0,0,0,0,0,0,0,0,31.854,31.838,31.839,31.832,32.007,31.821,31.993,32.009,32.165,31.988,31.992,31.906,31.684,31.954,31.768,0,0,0,0,0,0,0,0,0,0,0,0,0,0,0,0,0,0,0,0,0,0,0,0,0,31.686,31.686,31.563,31.356,31.49,31.572,31.578,31.618,31.455,31.464,31.505,31.441,30.966,31.533,30.069,31.37,0,0,0,0,0,0,0,0,0,30.371,31.344,0,0,0,0,0,0,0,0,0,0,0,0,0,0,0,31.26,31.336,31.353,31.328,31.543,31.504,31.565,31.692,31.817,31.633,31.83,31.778,31.698,31.858,31.8,0,0,0,0,0,0,0,0,0,0,0,0,0,0,0,0,0,0,0,0,0,0,0,0,0,31.64,31.419,31.487,31.487,31.401,31.47,31.536,31.513,31.282,31.437,31.64,31.528,31.592,31.731,31.742,31.739,0,0,0,0,0,0,0,0,0,0,0,0,0,0,0,0,0,0,0,0,0,0,0,0,0,0,31.219,31.282,31.204,31.276,31.322,31.531,31.169,31.478,31.474,31.559,31.548,31.416,31.283,31.464,31.581,0,0,0,0,0,0,0,0,0,0,0,0,0,0,0,1383.281,31.87,0,0,0,0,0,0,0,0,0,32.273,32.14,32.295,32.312,32.43,32.284,32.183,32.351,32.512,32.223,32.445,32.594,32.525,32.576,32.429,0,0,0,0,0,0,0,0,0,0,0,0,0,0,0,0,0,0,0,0,0,0,0,0,0,32.602,32.545,32.583,32.762,32.551,32.601,32.734,32.733,32.646,32.909,32.631,32.764,32.666,32.666,32.805,32.676,0,0,0,0,0,0,0,0,0,0,0,0,0,0,0,0,0,0,0,0,0,0,0,0,0,0,32.916,32.869,32.986,32.986,32.716,32.813,32.808,32.73,32.781,32.898,32.865,32.881,32.549,32.911,32.777,0,0,0,0,0,0,0,0,0,0,0,0,0,0,0,0,0,0,0,0,0,0,0,0,0,32.881,32.628,32.805,33.003,32.996,32.761,32.977,32.897,32.773,33.05,32.918,32.816,32.79,32.779,32.491,32.46,0,0,0,0,0,0,0,0,0,0,0,0,0,0,0,0,0,0,0,0,0,0,0,0,0,32.942,32.989,32.812,32.81,33.096,33.187,33.197,33.396,33.288,33.466,33.111,33.133,33.252,33.163,33.196,33.343,0,0,0,0,0,0,0,0,0,0,0,0,0,0,0,0,0,0,0,0,0,0,0,0,0,32.925,32.933,32.934,33.088,33.136,32.91,32.823,32.544,32.769,32.644,32.741,32.872,32.772,33.115,33.15,32.845,0,0,0,0,0,0,0,0,0,0,0,0,0,0,0,0,0,0,0,0,0,0,0,0,0,32.768,32.872,32.652,32.767,32.736,32.855,32.721,32.511,32.587,32.899,32.688,32.867,32.727,32.984,32.847,32.753,0,0,0,0,0,0,0,0,0,0,0,0,0,0,0,0,0,0,0,0,0,0,0,0,0,32.532,32.641,32.584,32.581,32.801,32.612,32.808,32.933,33.046
Microwave_AP,0,0,0,0,0,0,0,0,0,0,4.037,4.037,0,0,0,0,0,0,0,0,0,0,0,0,0,0,0,0,0,0,0,0,0,0,0,0,0,0,0,0,0,0,0,0,0,0,0,0,0,0,0,0,0,0,0,0,0,0,0,0,0,0,0,0,0,0,0,0,0,0,0,0,0,0,0,0,0,0,0,0,0,0,0,0,0,0,0,0,0,0,0,0,0,0,0,0,0,0,0,0,0,0,0,0,0,0,0,0,0,0,0,0,0,0,0,0,0,0,0,0,0,0,0,0,0,0,0,0,0,0,0,0,0,0,0,0,0,0,0,0,0,0,0,0,0,0,0,0,0,0,0,0,0,0,0,0,0,0,0,0,0,0,0,0,0,0,0,0,0,0,0,0,0,0,0,0,0,0,0,0,0,0,0,0,0,0,0,0,0,0,0,0,0,0,0,0,0,0,0,0,0,0,0,0,0,0,0,0,0,0,0,0,0,0,0,0,0,0,0,0,0,0,0,0,0,0,0,0,0,0,0,0,0,0,0,0,0,0,0,0,0,0,0,0,0,0,0,0,0,0,0,0,0,0,0,0,0,0,0,0,0,0,0,0,0,0,0,0,0,0,0,0,0,0,0,0,0,0,0,0,0,0,0,0,0,0,0,0,0,0,0,0,0,0,0,0,0,0,0,0,0,0,0,0,0,0,0,0,0,0,0,0,0,0,0,0,0,0,0,0,0,0,0,0,0,0,0,0,0,0,0,0,0,0,0,0,0,0,0,0,0,0,0,0,0,0,0,0,0,0,0,0,0,0,0,0,0,0,0,0,0,0,0,0,0,0,0,0,0,0,0,0,0,0,0,0,0,0,0,0,0,0,0,0,0,0,0,0,0,0,0,0,0,0,0,0,0,0,0,0,0,0,0,0,0,0,0,0,0,0,0,0,0,0,0,0,0,0,0,0,0,0,0,0,0,0,0,0,0,0,0,0,0,0,0,0,0,0,0,0,0,0,0,0,0,0,0,0,0,0,0,0,0,0,0,0,0,0,0,0,0,0,0,0,0,0,0,0,0,0,0,0,0,0,0,0,0,0,0,0,0,0,0,0,0,0,0,0,0,0,0,0,0,0,0,0,0,0,0,0,0,0,0,0,0,0,0,0,0,0,26.243,73.47,988.29,4.214,878.255,4.198,0,0,0,0,0,0,0,0,0,30.347,4.643,0,0,0,0,0,0,0,0,0,0,0,0,0,0,0,0,0,0,0,0,0,0,0,0,0,0,0,0,0,0,0,0,0,0,0,0,0,0,0,0,0,0,0,0,0,0,0,0,0,0,0,0,0,0,0,0,0,0,0,0,0,0,0,0,0,0,0,0,0,0,0,0,0,0,0,0,0,0,0,0,0,0,0,0,0,0,0,0,0,0,0,0,0,0,0,0,0,0,0,0,0,0,0,0,0,0,0,0,0,0,0,0,0,0,0,0,0,0,0,0,0,0,0,0,0,0,0,0,0,0,0,0,0,0,0,0,0,0,0,0,0,0,0,0,0,0,0,0,0,0,0,0,0,0,0,0,0,0,0,0,0,0,0,0,0,0,0,0,0,0,0,0,0,0,0,0,0,0,0,0,0,0,0,0,0,0,0,0,0,0,0,0,0,0,0,0,0,0,0,0,0,0,0,0,0,0,0,0,0,0,0,0,0,0,0,0,0,0,0,0,0,0,0,0,0,0,0,0,0,0,0,0,0,0,0,0,0,0,0,0,0,0,0,0,0,0,0,0,0,0,0,0,0,0,0,0,0,0,0,0,0,0,0,0,0,0,0,0,0,0,0,0,0,0,0,0,0,0,0,0,0,0,0,0,0,0,0,0,0,0,0,0,0,0,0,0,0,0,0,0,0,0,0,0,0,0,0,0,0,0,0,0,0,0,0,0,0,0,0,0,0,0,0,0,0,0,0,0,0,0,0,0,0,0,0,0,0,0,0,0,0,0,0,0,0,0,0,0,0,0,0,0,0,0,0,0,0,0,0,0,0,0,0,0,0,0,0,0,0,0,0,0,0,0,0,0,0,0,0,0,0,0,0,0,0,0,0,0,0,0,0,0,0,0,0,0,0,0,0,0,0,0,0,0,0,0,0,0,0,0,0,0,0,0,0,0,0,0,0,0,0,0,0,0,0,0,0,0,0,0,0,0,0
KitchenLights_AP,9.087,9.076,8.562,8.744,8.621,8.76,0,0,0,0,8.171,8.171,9.596,9.311,8.312,0,8.456,8.082,8.026,8.085,8.085,0,8.169,7.943,8.291,0,0,0,0,0,0,0,0,0,0,0,0,0,0,0,0,0,0,0,0,0,0,0,0,0,0,0,0,0,8.382,8.431,8.367,8.525,8.841,8.362,8.292,8.356,0,0,0,0,0,0,0,0,0,0,0,0,0,0,0,0,0,0,0,0,0,0,0,0,0,0,0,0,0,0,8.496,8.244,8.288,8.204,8.624,8.274,8.37,8.344,8.273,8.589,8.288,8.403,8.273,8.242,8.164,0,0,0,0,0,171.33,264.734,266.647,262.587,262.587,256.672,262.953,264.596,261.638,260.469,0,260.269,260.269,0,260.26,260.26,0,0,259.912,259.912,0,259.168,260.085,0,260.169,260.169,0,0,260.76,262.35,258.906,261.986,0,0,0,0,152.013,8.641,0,0,0,0,0,0,0,0,0,0,0,0,0,0,0,0,0,0,0,0,0,0,0,0,7.929,7.929,8.126,8.126,8.007,8.007,8.242,8.333,8.311,8.083,8.041,8.083,0,8.348,8.348,0,0,0,0,0,0,0,0,0,0,0,0,0,0,0,0,0,0,0,0,0,0,0,0,0,0,0,0,8.08,7.97,8.118,7.972,0,0,8.146,7.948,0,7.999,7.98,8.31,8.184,0,0,0,0,0,0,0,0,0,0,0,0,8.589,8.428,0,0,0,0,0,0,0,0,0,0,0,0,0,8.314,8.314,8.13,8.13,8.443,8.431,8.137,8.355,8.437,8.437,8.342,8.156,8.025,7.954,0,0,0,0,0,0,0,0,0,0,0,0,0,0,0,0,0,0,0,0,0,0,0,0,0,0,0,0,0,8.089,7.958,7.873,7.873,0,7.939,7.939,8.79,8.35,8.167,8.171,8.171,0,0,0,0,0,0,0,0,0,0,0,0,0,0,0,0,0,0,0,0,0,0,0,0,0,0,0,8.097,8.097,8.165,8.165,8.12,8.12,0,0,7.993,7.993,0,8.182,8.182,0,0,0,0,0,0,0,0,0,0,0,0,0,0,0,0,0,0,0,0,8.598,8.47,0,0,0,0,0,8.327,8.327,8.24,8.24,8.636,8.279,8.572,8.255,8.406,8.49,8.652,8.608,8.441,8.181,0,0,0,0,0,0,0,0,0,0,0,0,0,0,0,0,0,0,0,0,0,0,0,0,0,0,0,0,8.502,8.055,0,8.227,8.227,8.504,8.421,8.492,8.277,0,9.595,8.396,8.203,0,0,0,0,0,8.793,8.576,0,0,0,0,0,0,0,0,0,0,0,0,0,0,0,0,0,0,0,8.388,8.181,8.41,8.433,8.274,8.196,8.269,8.21,8.111,8.074,7.98,8.344,8.344,8.135,8.02,0,0,0,0,0,0,0,0,0,0,0,0,0,0,0,0,0,0,0,0,0,0,0,0,0,213.32,264.163,256.705,260.128,259.366,259.366,0,0,0,0,0,259.577,259.577,0,0,303.14,453.143,453.286,453.585,450.866,450.866,452.455,452.455,0,450.941,452.679,451.391,450.399,450.608,0,448.677,448.737,0,394.71,385.166,383.738,384.955,383.949,385.446,382.599,383.798,384.346,383.604,384.862,383.653,385.264,386.951,386.951,386.663,0,387.109,388.827,0,0,0,388.577,388.577,387.378,388.701,0,0,0,0,387.662,389.518,0,0,386.591,388.003,0,386.864,386.192,0,388.115,388.115,0,0,385.382,386.498,0,385.381,385.079,332.129,260.222,0,0,0,0,0,0,259.335,259.335,0,259.59,259.59,0,254.325,259.321,0,0,0,0,0,0,0,0,257.055,257.055,0,0,257.734,257.734,0,257.805,257.805,256.906,258.917,0,0,0,0,0,0,0,0,0,257.104,257.104,0,0,0,0,0,0,0,0,258.561,259.553,0,0,0,0,0,0,0,0,260.978,260.978,0,261.082,261.082,261.897,264.96,291.32,262.458,263.127,0,0,0,0,253.578,9.645,0,0,0,8.682,8.65,8.254,8.481,8.501,8.132,8.2,8.236,8.122,201.748,8.599,8.822,8.755,9.347,8.738,0,0,0,0,0,0,0,0,0,0,0,0,0,0,0,0,0,0,0,0,0,0,0,0,0,8.146,8.146,8.684,8.722,8.579,8.337,8.326,8.619,8.27,8.55,8.336,8.297,8.346,8.638,8.648,8.794,0,0,0,0,0,0,0,0,0,0,0,0,0,0,0,0,8.812,8.687,0,0,0,0,0,0,0,0,8.787,9.049,9.036,9.018,9.078,8.454,8.843,8.464,8.807,8.449,8.604,8.678,8.968,8.621,0,0,0,0,0,0,0,0,0,0,0,0,0,0,0,0,0,0,0,0,0,0,0,0,0,0,0,8.689,8.52,8.548,8.715,8.713,8.416,8.631,8.651,8.878,8.804,8.665,45.812,8.479,8.317,8.317,0,9.09,9.09,0,0,0,0,0,0,0,0,0,0,0,0,0,0,0,0,0,0,0,0,0,0,10.031,10.031,8.861,8.976,8.99,8.656,8.733,8.646,8.803,8.46,8.521,8.793,8.599,8.488,8.565,8.694,0,0,0,0,0,0,0,0,0,0,0,0,0,0,0,0,0,0,0,0,0,0,0,0,9.264,9.084,8.781,8.902,8.97,8.789,8.958,8.931,8.902,9.081,8.971,9.207,9.343,9.113,9.117,9.123,9.044,0,0,0,0,0,0,0,0,0,0,0,0,0,0,0,0,0,0,0,0,0,0,0,0,0,8.938,8.593,8.655,8.555,8.567,8.824,9.008,8.779,8.574,9.064,8.798,8.58,8.493,8.516,8.544,8.719,0,0,0,0,0,0,0,0,0,8.959,8.959,0,0,0,0,0,0,0,0,0,0,0,0,0,0,9.043,8.719,8.653,8.742,8.757,9.523,8.9,8.764,9.105
BedroomOutlets_AP,0,0,0,0,0,0,0,0,0,0,20.383,20.383,23.909,20.444,20.449,0,0,0,0,0,0,0,20.482,20.709,0,0,0,0,0,0,16.127,22.741,16.189,0,0,0,0,0,0,21.721,16.297,0,0,0,0,0,0,0,0,0,0,0,0,0,0,21.169,16.514,0,0,0,0,0,0,0,0,0,0,0,0,0,0,0,20.567,15.741,15.835,15.835,0,0,0,0,0,0,0,18.81,15.824,15.811,0,0,16.925,15.944,25.24,56.299,57.141,54.056,0,0,0,53.3,50.281,0,0,0,0,0,0,55.331,50.675,0,34.123,32.53,0,20.081,16.085,16.038,0,0,0,0,0,0,0,16.02,16.02,15.843,0,19.002,19.002,0,0,0,0,0,0,0,0,0,0,0,0,0,20.052,15.361,19.216,15.572,0,0,0,0,20.758,15.673,0,0,0,0,20.501,15.767,0,21.378,16.082,0,0,0,0,0,0,0,0,0,0,0,0,0,0,0,19.982,17.218,0,0,0,0,0,0,0,0,0,0,0,0,0,0,0,21.012,15.675,0,0,0,0,0,0,0,0,0,0,0,0,0,0,0,20.144,15.607,0,0,0,0,0,0,0,0,0,0,0,0,0,0,0,20.657,15.449,0,0,0,0,0,0,0,0,0,0,0,0,0,0,0,15.667,15.683,0,0,0,20.39,15.977,0,0,0,19.981,16.444,0,0,0,0,0,0,0,0,0,0,0,0,0,15.201,19.206,0,0,0,0,0,0,0,0,0,0,0,0,0,0,0,18.282,15.598,0,0,0,0,0,0,0,0,0,0,0,0,0,0,0,0,0,0,0,0,0,0,0,15.46,15.284,0,0,0,0,0,0,0,0,0,0,0,0,0,0,19.009,15.429,0,0,0,0,0,0,0,0,0,0,0,0,0,0,0,0,0,19.405,16.054,0,0,0,0,0,0,0,0,0,0,0,0,0,0,0,19.965,16.726,0,0,0,0,0,0,0,0,0,0,0,0,0,0,0,0,19.287,18.927,0,0,0,0,0,0,0,0,0,0,0,0,0,0,0,18.468,15.805,0,0,0,0,0,0,0,0,0,0,0,0,0,0,0,0,20.259,15.798,0,0,0,0,0,0,0,0,0,0,0,0,0,0,0,20.51,16.461,0,0,0,0,0,0,0,0,0,0,0,0,0,0,0,15.86,15.889,0,0,0,0,0,0,0,0,0,0,0,0,0,0,0,18.253,15.377,0,0,0,0,0,0,0,0,0,0,0,0,0,0,0,0,20.345,15.76,0,0,0,0,0,0,0,0,0,0,0,0,0,0,0,20.323,15.71,0,0,0,0,0,0,22.229,16.281,0,0,0,15.423,18.783,15.363,15.696,15.665,20.981,20.996,19.041,15.608,0,19.375,15.854,0,0,0,0,0,0,0,0,18.573,16.366,20.139,16.065,0,0,0,0,0,0,0,0,0,0,0,0,0,0,0,0,18.84,15.333,0,19.505,15.647,0,0,0,0,0,0,32.255,36.566,0,0,0,0,35.808,33.289,0,0,0,35.979,38.544,33.491,33.466,0,0,36.483,33.342,0,0,0,0,0,0,0,0,0,0,0,0,0,0,0,33.128,36.609,33.17,0,0,0,0,0,0,0,0,0,0,0,0,35.059,37.696,40.08,37.021,0,0,0,0,0,28.332,20.634,0,0,0,0,0,0,0,0,0,0,25.221,20.726,0,0,0,0,0,0,0,0,0,0,0,0,0,0,0,24.816,24.131,0,0,0,0,0,0,0,26.498,21.058,0,0,0,22.712,23.384,20.87,20.647,24.96,21.525,0,0,26.736,25.467,20.858,0,23.994,23.994,0,0,0,0,24.99,20.719,20.762,23.972,20.688,23.95,0,0,0,0,0,0,0,0,0,0,0,0,0,24.382,24.077,0,0,0,0,0,0,0,0,0,0,0,0,0,24.751,23.177,0,0,0,0,0,0,0,0,0,0,0,0,0,0,0,24.793,21.309,0,0,0,0,0,0,0,0,0,0,0,0,0,24.604,20.707,0,0,0,0,0,0,0,0,0,0,0,0,0,0,25.162,21.041,0,0,0,0,0,0,0,0,0,0,0,0,0,0,21.047,21.098,0,0,0,0,0,0,0,0,0,0,0,0,0,0,24.492,20.768,25.124,20.407,0,0,0,0,0,0,0,0,0,0,0,21.026,20.893,0,0,0,0,0,0,0,0,0,0,0,0,0,0,25.058,20.846,0,0,0,0,0,0,0,0,0,0,0,0,0,0,20.922,23.96,0,0,0,23.583,20.944,0,0,0,0,0,0,0,0,0,25.414,21.404,21.134,0,0,0,0,0,0,0,0,0,0,0,0,0,24.993,20.712,0,0,0,0,0,0,0,0,0,0,0,0,0,0,26.295,21.872,0,0,0,0,0,0,0,0,0,0,0,0,0,0,25.04,22.037,0,0,0,0,0,0,0,0,0,0,0,0,0,0,25.169,21.841,0,0,0,0,0,0,0,0,0,0,0,0,25.117,20.823,20.802,20.986,0,0,0,0,0,0,0,0,0,0,0,0,0,0,24.051,21.762,0,0
BedroomLights_AP,0,0,0,0,0,0,0,0,0,0,11.467,11.467,11.528,11.407,0,0,0,0,0,0,0,0,0,0,0,0,0,0,0,0,0,0,0,0,0,0,0,0,0,11.884,11.884,0,0,0,0,0,0,0,0,0,0,0,0,0,0,14.925,12.476,0,0,0,0,0,0,0,0,0,0,0,0,0,0,0,11.358,11.443,57.701,65.657,0,0,0,0,0,0,0,35.423,11.774,0,0,0,0,0,0,0,0,0,0,0,0,0,0,0,0,0,0,0,0,14.09,11.521,0,0,0,0,0,0,0,0,0,0,0,0,0,0,13.063,11.733,13.205,0,84.092,11.846,0,0,0,0,0,0,0,0,0,0,0,0,0,0,0,0,93.382,106.72,95.338,12.081,0,0,0,0,0,0,0,11.425,11.425,0,0,0,0,0,0,0,0,0,0,0,0,0,0,0,0,0,0,0,0,0,0,0,0,0,0,0,0,0,0,0,0,0,0,0,14.185,11.454,0,0,0,0,0,0,0,0,0,0,0,0,0,0,0,0,0,0,0,0,0,0,0,0,0,0,0,0,0,0,0,0,14.318,11.431,0,0,0,0,0,0,0,0,0,0,0,0,0,0,0,11.352,11.34,0,0,0,13.969,13.969,0,0,0,13.426,13.426,0,0,0,0,0,0,0,0,0,0,0,0,0,0,0,0,0,0,0,0,0,0,0,0,0,0,0,0,0,0,0,0,0,0,0,0,0,0,0,0,0,0,0,0,0,0,0,0,0,0,0,0,0,0,0,0,0,0,0,0,0,0,0,0,0,0,0,0,0,0,0,11.169,11.169,0,0,0,0,0,0,0,0,0,0,0,0,0,0,0,0,0,0,0,0,0,0,0,0,0,0,0,0,0,0,0,0,0,0,0,0,0,0,0,0,0,0,0,0,0,0,0,0,0,0,0,0,0,0,0,0,0,0,0,0,0,0,0,0,0,0,0,0,0,0,0,0,0,0,0,0,0,0,0,0,0,0,0,0,0,0,0,13.881,13.881,0,0,0,0,0,0,0,0,0,0,0,0,0,0,0,0,0,0,0,0,0,0,0,0,0,0,0,0,0,0,0,0,0,0,0,0,0,0,0,0,0,0,0,0,0,0,0,0,0,0,0,0,0,0,0,0,0,0,0,0,0,0,0,0,0,0,0,13.759,11.452,0,0,0,0,0,0,0,0,0,0,0,0,0,0,0,14.074,11.732,0,0,0,0,0,0,0,0,0,0,0,0,0,0,0,0,0,0,0,0,0,0,0,0,0,0,0,0,0,0,0,0,0,11.555,11.555,0,0,0,0,0,0,0,0,0,0,0,0,0,0,0,0,0,0,0,0,0,0,0,0,0,0,0,0,0,0,0,0,0,11.451,11.451,0,0,0,0,0,0,0,0,0,0,0,0,0,0,0,0,0,0,0,0,0,0,0,0,0,0,0,0,0,0,0,0,0,0,0,0,0,0,0,0,0,73.777,11.217,13.635,13.635,0,0,0,0,0,0,0,0,0,0,0,0,0,0,0,0,0,0,0,0,0,0,0,0,0,0,0,0,0,0,0,0,0,0,0,0,0,0,0,0,0,0,0,0,0,0,0,0,0,0,0,0,14.479,14.479,0,0,0,13.634,13.634,0,62.956,66.715,0,0,0,42.106,11.374,0,0,0,0,0,0,0,0,0,0,0,0,0,0,0,0,0,0,0,0,0,0,0,0,0,0,0,0,0,0,0,0,0,0,0,0,0,0,0,0,0,0,0,0,0,0,0,0,0,0,11.351,11.351,0,0,0,0,0,0,0,0,0,0,0,0,0,0,0,0,0,0,0,0,0,0,0,0,0,0,0,0,0,0,0,0,0,0,0,0,0,0,0,0,0,0,0,0,0,11.811,11.811,0,0,0,0,0,0,0,0,0,0,0,0,0,0,14.211,14.211,0,0,0,0,0,0,0,0,0,0,0,0,0,0,0,0,0,0,0,0,0,0,0,0,0,0,0,0,0,11.896,11.896,0,0,0,0,0,0,0,0,0,0,0,0,0,0,0,0,0,0,0,0,0,0,0,0,0,0,0,0,0,0,14.064,14.064,0,0,0,0,0,0,0,0,0,0,0,0,0,0,14.822,14.822,0,0,0,0,0,0,0,0,0,0,0,0,0,0,11.938,11.938,0,0,0,0,0,0,0,0,0,0,0,0,0,0,0,0,0,0,0,0,0,0,0,0,0,0,0,0,0,0,11.79,11.79,0,0,0,0,0,0,0,0,0,0,0,0,0,0,11.459,11.459,0,0,0,0,0,0,0,0,0,0,0,0,0,0,14.524,11.976,0,0
MasterOutlets_AP,83.403,82.752,80.93,83.238,83.426,84.709,84.047,81.985,81.492,80.967,83.864,88.952,94.044,86.449,87.131,86.667,86.174,88.111,90.398,87.892,94.69,88.123,89.416,88.005,88.609,89.301,89.847,93.911,91.341,89.832,91.653,91.942,90.122,92.441,92.924,91.712,0,0,93.61,94.867,90.777,90.909,90.015,92.093,90.097,92.465,92.233,90.995,90.207,88.271,90.403,93.515,87.317,87.581,90.267,90.886,88.965,90.579,88.578,89.63,89.036,88.845,88.123,87.664,84.595,90.121,89.272,89.988,88.828,88.517,88.383,95.004,91.012,87.422,91.357,90.007,89.74,87.488,89.233,88.577,86.801,85.632,91.662,91.683,101.113,101.468,102.672,104.378,103.361,101.116,102.958,102.676,99.993,102.335,101.201,103.604,100.519,101.457,88.443,91.023,90.125,90.034,92.012,89.36,88.86,88.839,92.288,91.962,90.641,91.65,91.635,89.521,93.508,91.238,92.669,92.011,90.498,90.843,91.203,89.549,92.168,89.858,92.622,90.5,90.318,92.583,93.021,90.951,90.944,89.804,92.435,90.049,92.218,91.025,88.807,89.267,89.223,89.252,89.594,87.701,90.07,87.158,87.706,89.605,87.602,89.442,87.252,89.59,89.173,87.595,88.475,90.243,88.482,88.685,88.556,91.647,89.91,92.552,88.195,91.689,93.113,92.939,92.976,90.996,93.968,92.375,92.529,91.209,90.531,90.438,92.55,90.512,89.962,90.797,90.49,88.664,88.593,0,90.747,89.725,93.361,88.449,89.199,87.544,87.121,87.591,89.223,89.207,88.757,89.314,91.368,92.956,89.383,88.832,90.49,90.76,90.783,90.106,91.189,90.661,90.077,90.063,92.579,92.656,90.398,86.756,93.106,93.004,94.004,92.796,92.947,92.629,89.649,92.767,91.136,90.307,88.61,90.055,90.214,87.437,93.532,90.107,89.444,88.4,90.692,90.891,91.391,90.266,90.43,89.401,92.071,89.817,90.466,91.142,92.93,89.248,89.637,90.074,92.018,92.198,89.98,90.595,92.023,90.144,90.602,90.247,91.738,92.555,89.233,89.994,89.986,90.159,84.706,86.427,84.606,85.852,85.403,83.385,85.21,89.697,88.763,88.981,89.643,88.606,90.192,90,90.652,90.392,88.521,89.247,92.634,90.503,90.174,90.416,91.15,88.648,90.956,89.6,91.246,89.545,88.802,89.249,91.348,90.309,90.086,91.406,89.746,88.788,87.764,87.419,89.17,89.945,88.701,88.887,91.097,91.181,91.613,89.363,90.678,86.631,86.945,86.825,90.529,87.349,87.675,88.395,87.913,88.03,89.822,89.234,89.593,91.087,89.457,89.674,89.892,90.331,89.72,89.759,91.991,90.096,88.579,88.196,89.895,88.153,87.873,89.557,87.619,89.488,88.034,87.773,90.14,91.048,88.056,89.98,93.087,89.837,89.52,88.254,87.339,87.675,87.399,89.209,87.502,88.883,89.503,87.867,91.226,89.632,89.514,87.711,88.071,88.329,88.605,87.317,90.328,89.276,87.878,88.271,89.64,88.078,84.619,87.425,84.811,90.257,89.859,90.574,91.153,88.934,0,91.3,91.3,89.538,87.815,91.226,90.239,88.448,88.219,87.959,89.615,87.631,88.405,88.293,90.94,87.949,89.775,90.679,89.153,90.576,89.161,86.961,88.874,90.109,88.528,88.802,91.282,89.642,92.333,89.634,90.569,89.128,88.985,88.884,91.153,89.137,91.218,89.21,89.04,89.022,88.453,88.449,86.904,87.737,84.689,84.776,84.987,85.363,84.991,84.997,86.512,86.296,85.336,84.338,85.531,86.59,84.072,84.043,83.672,86.544,83.899,83.424,83.811,86.194,87.438,83.515,86.505,85.57,85.812,86.26,86.636,84.958,83.971,84.02,86.289,84.992,86.151,84.828,87.058,87.462,87.213,84.53,86.667,85.182,89.016,84.682,86.659,85.196,85.359,85.049,87.124,86.637,85.075,82.786,85.784,84.541,84.349,83.802,85.69,84.389,83.009,82.555,82.828,86.209,84.461,82.825,82.412,82.949,82.918,0,83.262,86.666,84.324,84.753,86.553,86.464,84.512,83.822,85.994,84.723,83.039,83.593,87.145,84.149,86.371,86.601,86.557,85.375,87.337,84.455,87.207,86.528,87.054,84.91,86.436,86.841,85.087,85.315,87.827,84.177,83.92,83.972,84.268,80.692,81.517,85.92,85.109,86.953,84.646,84.524,86.557,87.098,87.294,84.63,84.511,84.551,84.505,84.036,87.881,85.131,86.151,87.405,86.572,84.385,84.441,87.873,88.041,88.456,87.641,85.61,87.372,87.838,89.175,85.736,86.885,85.625,85.472,84.923,85.923,84.963,84.518,83.952,86.026,83.267,84.761,82.894,83.115,84.201,86.049,84.096,85.719,83.564,0,0,86.057,83.981,83.788,84.431,86.796,85.775,83.632,83.728,86.152,86.018,86.25,84.425,86.895,87.046,88.205,84.413,86.7,87.015,89.199,85.356,86.486,83.25,84.114,83.278,86.365,85.999,85.459,83.243,85.898,86.045,86.312,83.15,86.049,85.677,84.576,83.908,87.164,84.596,84.56,83.854,85.668,86.437,92.495,86.985,86.73,85.13,87.314,84.768,87.085,87.444,84.755,86.288,86.639,85.046,87.011,83.668,85.567,83.507,88.926,85.042,86.98,86.358,86.189,84.079,86.533,83.97,84.765,85.206,85.551,83.141,84.919,86.02,86.307,86.304,83.899,85.948,87.184,86.86,85.122,87.307,87.542,85.67,89.374,86.639,84.672,85.123,85.433,0,84.957,85.533,84.295,86.445,86.178,84.387,86.748,84.603,86.582,84.991,91.408,85.01,86.401,84.453,93.634,84.199,87.672,84.875,86.925,85.645,84.891,86.174,84.743,83.748,86.65,98.727,97.296,96.34,96.808,96.566,95.241,95.329,95.836,80.654,93.28,92.007,91.778,94.869,88.925,87.783,89.653,88.718,86.704,89.044,88.854,86.482,85.882,85.789,85.782,85.797,92.342,85.707,87.754,88.277,91.59,87.232,85.1,86.678,85.006,85.665,84.409,84.757,84.852,83.154,86.031,83.509,83.188,82.877,85.876,82.85,82.576,84.358,84.144,82.834,88.062,80.732,82.6,82.355,81.002,80.286,0,83.164,81.243,81.876,84.679,80.264,80.778,80.118,81.285,79.79,88.124,79.376,82.255,82.476,86.994,81.266,83.222,82.663,80.757,80.645,79.776,79.256,81.07,79.156,81.14,82.142,80.609,80.42,82.977,82.689,81.37,82.436,84.8,84.901,92.04,82.689,84.496,84.627,84.554,81.756,83.337,87.471,83.923,82.913,85.198,85.143,84.433,86.187,88.839,87.094,96.606,87.069,90.327,87.769,94.506,86.906,87.087,87.371,86.503,86.572,85.228,83.812,82.571,85.547,82.985,81.977,83.734,85.699,82.841,82.878,84.019,81.084,85.421,85.181,88.968,82.345,84.679,84.386,81.939,80.77,82.913,83.516,84.259,84.638,86.088,84.605,86.312,86.487,86.948,86.948,92.893,85.592,0,87.256,93.198,84.129,87.084,84.469,87.599,85.12,85.015,83.153,83.183,81.407,84.655,84.316,84.87,82.474,84.81,85.484,83.425,84.389,86.482,87.644,90.045,82.141,86.322,86.382,85.571,83.991,84.525,84.334,90.071,84.637,86.486,84.303,86.924,84.444,87.098,86.185,85.371,87.306,87,85.944,90.279,83.945,87.359,85.294,84.412,84.44,85.823,82.312,86.466,83.223,86.209,84.052,86.028,87.153,89.345,85.294,85.25,85.631,89.401,86.543,95.318,86.412,92.753,87.094,88.314,90.219,90.572,87.162,89.063,88.963,89.425,88.12,88.14,85.739,87.923,85.705,87.968,86.55,89.176,87.712,92.104,87.325,89.315,88.671,87.301,87.647,86.836,86.836,88.015,86.023,88.082,89.299,88.77,86.251,87.793,85.708,84.915,84.445,87.894,87.737,84.108,85.178,87.041,86.145,87.817,84.576,86.665,84.289,83.616,81.32,83.282,84.192,84.368,81.9,82.969,84.372,83.745,82.074,84.678,84.566,88.414,87.751,86.626,84.082,82.592,83.331,86.234,85.736,82.905,82.899,85.992,83.625,87.105,83.839,86.779,86.059
MasterLights_AP,46.663,47.141,47.501,46.941,47.046,47.905,46.972,0,0,0,46.863,46.726,46.927,46.569,47.076,46.86,46.241,46.593,46.817,46.966,45.887,46.221,46.372,46.011,45.895,0,0,0,0,0,0,0,0,0,0,0,0,0,0,0,0,0,0,0,0,0,0,0,0,0,46.972,46.834,47.242,46.587,47.423,48.052,47.024,46.448,47.217,46.785,46.651,47.192,46.605,46.157,46.429,46.03,0,0,0,0,0,0,0,0,45.934,45.664,0,0,0,0,0,0,0,0,0,0,0,0,0,0,0,46.398,46.935,46.584,47.024,46.279,47.009,45.742,46.824,46.244,46.458,46.673,45.829,45.866,46.448,46.426,45.628,0,0,0,0,0,0,0,0,0,0,0,45.36,45.314,0,0,0,0,0,0,0,0,0,0,0,0,45.899,45.444,45.633,45.67,45.696,45.518,46.074,45.729,46.054,45.842,45.488,46.207,45.519,45.034,45.789,45.055,0,0,0,0,0,0,0,0,0,0,0,0,0,0,0,0,0,0,0,0,0,0,0,0,0,46.519,46.643,46.366,46.037,45.743,45.956,45.64,46.083,45.281,45.927,45.443,45.577,45.559,45.94,45.43,44.903,0,0,0,0,0,0,0,0,0,0,0,0,0,0,45.193,45.193,0,0,0,0,0,0,0,0,0,45.329,45.767,45.973,46.127,45.538,46.068,45.561,45.396,45.996,45.673,46.304,46.067,45.557,46.134,46.073,45.041,0,0,0,0,0,0,0,0,0,0,0,0,0,0,0,0,0,0,0,0,0,0,0,0,0,45.545,46.126,45.979,45.46,45.711,45.312,45.802,45.361,46.145,45.823,45.762,45.924,45.759,45.726,45.738,44.822,0,0,0,0,0,0,0,0,0,0,0,0,0,0,0,0,0,0,0,0,0,0,0,0,0,45.856,45.794,46.281,45.846,46.105,45.759,45.529,45.89,45.549,45.647,45.873,45.643,44.804,45.177,45.83,44.906,0,0,0,0,0,0,0,0,0,0,0,0,0,0,0,0,0,0,0,0,0,0,0,0,0,46.226,46.093,45.898,45.623,45.636,46.345,45.437,45.931,46.333,45.672,46.316,45.688,45.928,46.569,46.23,45.303,0,0,0,0,0,0,0,0,0,0,0,0,0,0,0,0,0,0,45.902,45.739,0,0,0,0,0,45.924,46.059,46.059,46.45,45.793,46.611,46.372,46.27,46.458,46.252,46.631,45.916,45.889,46.412,45.829,45.54,0,0,0,0,0,0,0,0,0,0,0,0,0,0,0,0,0,0,0,0,0,0,0,0,46.799,46.799,46.22,46.148,46.878,46.816,46.749,46.23,45.967,46.389,46.408,46.856,46.059,46.322,46.737,46.443,45.72,0,0,0,0,0,0,0,0,0,45.692,45.4,0,45.606,45.296,0,0,0,45.564,45.329,0,0,0,0,0,45.701,46.381,45.936,45.48,46.069,45.884,46.006,45.412,46.298,45.958,46.127,45.891,45.424,45.554,46.212,45.364,0,0,0,0,0,0,45.101,45.101,0,45.363,45.594,0,0,0,0,0,0,0,0,0,45.463,45.18,45.173,0,45.164,45.164,45.914,45.636,44.826,45.803,45.183,45.606,45.255,45.8,44.996,45.168,45.576,44.885,44.917,45.87,44.605,0,0,0,0,0,0,0,0,0,0,0,0,0,0,0,0,0,0,0,0,0,0,0,0,0,44.521,44.982,45.332,44.781,45.261,44.575,45.596,45.086,45.129,45.88,45.012,45.652,45.896,45.313,45.587,45.328,0,0,0,0,0,0,0,0,0,0,0,0,0,0,0,44.891,44.891,0,44.908,44.648,0,0,0,0,0,45.811,45.764,45.066,45.42,44.974,45.321,44.946,45.768,44.427,45.377,45.367,44.783,45.227,45.877,45.097,44.67,0,0,0,0,0,0,0,0,0,0,0,0,0,0,0,0,0,0,0,0,0,0,0,0,0,44.783,45.156,44.967,44.908,44.828,45.011,45.243,44.315,45.53,44.832,45.203,45.638,45.435,44.625,45.512,44.787,0,0,0,0,0,0,0,0,0,0,0,0,0,45.517,45.18,0,0,0,0,0,0,0,0,0,0,46.135,46.599,46.449,46.188,46.923,46.825,46.883,46.332,46.36,47.002,46.344,46.642,47.059,46.729,46.67,46.116,0,0,0,0,0,45.674,45.674,0,0,0,0,0,0,0,0,0,0,0,0,0,0,0,0,0,0,47.093,46.826,46.861,47.075,46.968,46.821,47.212,46.675,47.173,46.776,46.822,47.328,46.72,46.501,47.269,46.393,0,0,0,0,0,0,0,0,0,0,0,0,0,0,0,0,0,0,0,0,0,0,0,0,0,47.617,47.785,46.954,47.64,46.988,47.456,46.772,47.314,46.883,47.144,47.297,46.578,47.05,46.556,47.316,46.593,0,0,0,0,0,0,0,0,0,0,0,0,0,0,0,0,0,0,0,0,0,0,0,0,0,47.459,47.125,47.294,47.131,47.001,47.469,47.061,46.909,47.572,46.854,47.578,47.469,46.976,46.713,47.009,46.193,0,0,0,0,0,0,0,0,0,0,0,0,0,0,0,0,0,0,0,0,0,0,0,0,0,47.155,47.53,47.216,47.561,47.167,47.816,47.292,48.211,47.619,47.982,47.766,47.362,47.432,47.766,47.506,47.107,0,0,0,0,0,0,0,0,0,0,0,0,0,0,0,0,0,0,0,0,0,0,0,0,0,47.295,47.281,47.48,47.112,47.857,46.824,47.524,47.088,47.027,47.04,46.958,47.163,47.581,47.489,47.315,46.759,0,0,0,0,0,0,0,0,0,0,0,0,0,0,0,0,0,0,0,0,0,0,0,0,0,47.175,47.466,46.769,47.18,46.943,47.198,46.642,47.245,46.782,47.204,47.317,46.783,47.024,47.622,47.128,46.51,0,0,0,0,0,0,0,0,0,0,0,0,0,0,0,0,0,0,0,0,0,0,0,0,0,46.883,47.084,47.195,46.75,46.767,47.159,47.152,47.218,47.7
DuctHeaterHRV_AP,206.171,803.643,993.419,684.822,616.694,938.733,9.938,139.541,10.495,10.051,10.09,815.971,807.968,928.285,755.536,955.279,708.421,852.558,1011.714,1003.736,911.51,939.648,1005.809,484.792,9.744,0,142.286,98.348,197.937,10.185,189.833,10.196,221.164,10.208,10.41,263.805,220.974,10.252,10.273,244.77,10.469,222.647,201.038,10.507,243.834,10.335,243.42,10.461,330.059,12.454,197.215,940.258,1013.664,567.295,1018.811,748.42,827.25,324.479,1015.395,676.973,807.642,1015.617,785.738,414.518,876.635,9.818,0,96.886,139.945,9.962,10.385,168.422,9.886,10.294,9.927,9.888,9.942,9.788,9.742,236.744,9.592,215.362,256.739,9.959,168.37,10.071,291.536,10.159,96.017,13.615,195.93,11.371,1011.207,752.254,1015.471,551.005,993.906,89.698,1007.781,585.339,862.156,937.728,276.808,837.473,978.932,749.5,9.872,0,95.991,168.312,216.712,293.414,10.171,9.936,342.079,366.911,217.686,10.067,193.843,9.528,9.541,166.856,215.691,193.461,237.012,10.52,275.992,13.017,193.528,195.561,9.98,303.674,9.985,781.502,1000.938,788.768,988.632,783.376,1006.782,737.536,976.529,682.371,710.004,1006.634,890.063,323.041,839.941,10.281,0,216.627,10.398,167.35,258.527,168.517,167.05,167.891,9.974,217.668,216.043,9.956,9.784,256.255,9.696,236.281,333.913,9.839,215.639,9.746,238.182,9.927,255.309,9.843,217.054,10.279,997.105,814.92,687.421,641.375,940.146,724.062,1002.76,593.342,962.296,778.448,819.022,813.082,967.032,533.437,9.583,0,137.126,234.838,214.571,10.33,9.872,9.64,93.888,135.243,9.705,9.635,214.323,9.647,9.852,333.416,9.672,10.3,192.559,9.661,287.516,94.258,215.081,9.767,214.414,9.833,235.968,846.335,960.734,920.943,599.712,855.936,638.1,913.276,818.504,707.17,997.785,728.885,508.821,899.6,900.374,9.572,0,166.112,93.738,191.928,9.598,97.212,10.033,9.726,192.114,214.406,9.673,215.202,234.978,9.877,166.472,252.999,9.671,253.665,10.026,193.737,10.085,215.252,11.059,213.997,10.006,254.38,957.634,991.496,729.774,935.534,730.557,930.612,572.794,997.419,790.608,790.211,871.062,787.082,784.314,972.069,10.026,0,94.189,9.846,302.892,271.187,9.746,166.723,254.663,192.005,316.544,9.921,190.887,234.284,9.812,235.869,195.249,10.047,192.898,9.754,215.209,214.793,235.082,9.92,255.385,9.731,235.329,771.919,991.797,801.57,788.445,952.311,859.312,792.873,903.224,801.953,963.669,744.905,14.529,877.891,963.774,9.756,0,137.152,9.758,214.609,332.103,9.816,166.629,89.605,9.862,270.674,9.705,135.258,164.445,9.669,288.594,9.833,206.233,234.347,193.413,289.313,9.807,166.27,10.016,275.658,10.215,166.748,853.804,870.253,924.102,577.494,982.138,551.725,914.474,756.742,664.955,995.12,603.826,693.441,997.138,900.72,9.752,138.347,9.914,217.058,273.693,362.017,237.456,9.852,138.129,167.397,14.244,194.128,237.911,216.783,9.819,215.72,9.977,219.826,137.48,9.965,489.516,9.913,9.945,9.871,10.139,10.091,194.478,807.854,727.387,958.798,559.744,989.794,830.697,802.729,563.295,749.237,1005.938,677.422,639.551,999.683,772.731,11.475,95.507,9.971,193.95,167.243,10.239,10.027,9.947,293.435,258.666,10.345,10.338,291.46,10.235,10.3,257.147,10.248,239.098,10.252,263.986,275.089,195.172,194.703,10.385,216.918,10.145,1053.22,927.085,624.673,995.9,845.305,1002.532,581.311,491.594,752.281,919.535,987.188,490.176,842.095,1003.596,852.661,10.26,95.93,10.53,138.813,95.808,308.814,10.394,238.097,256.099,307.186,10.303,256.606,215.338,9.735,290.528,92.129,9.781,166.565,10.398,360.978,9.784,289.552,10.366,255.945,273.704,136.662,1006.606,1000.559,408.079,849.187,649.516,852.963,417.403,975.067,821.137,918.69,805.387,563.149,787.487,997.423,409.366,14.169,95.243,10.028,10.222,273.341,10.318,9.811,9.857,420.618,236.789,9.982,137.709,9.898,10.181,193.317,236.6,10.069,289.668,10.326,306.817,10.037,10.064,136.459,19.976,165.578,440.298,986.709,983.633,490.646,991.435,702.961,842.844,689.069,990.309,583.671,785.502,942.363,321.624,596.279,989.924,9.768,0,94.706,98.865,137.004,9.632,135.834,10.225,10.02,254.3,192.213,167.444,9.899,12.94,331.235,9.872,135.514,288.019,9.962,192.26,25.945,192.162,135.543,9.904,234.577,9.633,212.973,837.979,989.134,647.627,997.728,438.462,986.061,615.259,861.832,994.439,419.979,821.683,999.161,587.25,766.026,9.706,0,138.472,95.735,9.884,10.05,11.365,309.906,284.984,10.022,10.054,216.781,334.707,9.871,10.196,255.436,10.149,336.933,320.98,94.954,257.613,306.903,9.882,216.412,9.903,237.044,137.145,991.587,640.458,891.775,670.676,941.726,651.823,995.711,130.535,840.038,852.295,239.384,735.904,977.661,493.429,10.502,0,0,93.872,9.618,9.595,9.699,341.24,163.642,254.482,163.648,90.124,329.993,9.583,9.73,163.543,93.17,9.507,233.121,136.829,9.516,212.157,9.504,232.989,10.965,9.722,211.749,869.779,881.883,634.395,829.567,697.905,823.196,9.483,991.002,536.804,625.445,993.735,679.335,375.794,880.143,9.626,0,192.535,165.591,9.716,9.928,166.343,236.391,10.046,9.932,10.331,194.869,9.978,9.904,273.313,289.866,334.721,273.643,167.122,290.974,95.265,10.298,137.652,10.065,256.707,9.93,216.333,842.341,894.948,657.092,948.634,931.276,977.929,583.241,740.074,976.372,671.02,846.938,960.419,700.458,630.004,9.98,0,219.72,17.968,10.203,9.877,253.85,375.002,9.921,10.443,10.106,10.12,274.81,9.973,9.892,275.87,138.791,10.324,239.098,9.98,10.004,352.658,218.364,240.97,219.23,138.468,9.944,841.923,764.621,868.537,814.313,795.47,932.805,628.695,989.225,552.905,658.664,974.613,731.676,10.652,810.898,9.941,0,138.688,138.918,10.026,9.969,194.504,275.828,184.045,10.342,9.924,167.934,194.708,10.415,95.599,239.319,10.525,168.231,138.58,9.952,169.216,10.511,183.346,10.068,10.156,241.11,10.068,1013.359,536.583,956.668,942.512,973.06,678.949,993.706,630.704,719.303,924.008,272.776,697.71,407.106,859.298,10.522,0,96.736,169.823,10.121,277.657,11.344,10.017,168.607,259.859,196.48,195.834,231.108,195.993,10.105,10.471,217.237,10.052,9.825,195.352,10.115,219.089,10.344,196.416,239.964,10.369,217.875,835.132,906.827,729.217,772.551,832.246,845.14,676.532,983.939,449.775,714.547,936.113,624.124,206.468,914.242,9.877,0,138.653,9.969,10.212,168.213,194.807,257.368,11.611,10.085,10.057,217.275,238.822,9.836,238.496,238.716,10.38,137.924,239.083,9.866,276.162,10.487,241.384,138.532,95.99,195.935,10.448,940.77,741.902,881.189,553.433,976.726,515.98,1022.771,663.914,896.629,975.263,590.034,612.641,946.54,788.203,10.109,170.514,10.464,197.014,169.987,138.983,139.273,10.129,10.161,219.898,241.575,15.667,240.541,169.568,278.925,10.219,220.36,281.32,10.269,242.106,198.8,10.336,96.15,10.293,241.698,10.173,139.898,706.239,989.629,537.277,1027.856,581.792,999.462,662.782,735.12,886.17,714.142,747.564,1013.899,609.994,747.397,10.083,169.819,10.107,195.582,10.239,10.144,10.167,293.864,96.924,261.341,9.952,10.102,170.091,10.131,10.092,170.112,10.39,10.257,278.195,9.989,240.733,98.881,10.046,218.581,10.052,219.331,10.061,1014.621,570.841,932.407,795.147,907.212,294.951,1004.11,576.929,740.98,970.084,515.725,703.224,1013.146,787.165,9.993,95.633,168.188,195.263,95.678,138.015,10.005,10.131,194.28,217.767,240.022,9.985,221.04,218.598,10.105,10.137,259.613,10.062,218.889,239.861,10.016,168.744,9.902,258.098,10.528,10.084,241.578,935.743,831.265,841.984,608.973,745.46,724.752,761.151,987.992
CounterOutlets1_AP,6.295,5.955,5.461,5.87,5.955,5.476,6.188,0,0,0,5.444,5.499,5.494,5.48,5.398,5.363,5.393,5.903,5.742,5.454,5.88,5.262,5.71,5.85,6.113,0,0,0,0,0,0,0,0,0,0,0,0,0,0,0,0,0,0,0,0,0,0,0,0,0,5.555,5.555,5.267,5.837,5.284,5.892,5.701,6.099,5.488,5.433,5.542,5.899,5.763,5.951,5.94,5.961,0,0,0,0,0,0,0,0,0,0,0,0,0,0,0,0,0,0,0,0,0,0,0,0,0,5.295,5.739,5.694,5.339,5.914,5.436,6.019,5.384,5.848,5.354,5.4,6.036,5.373,5.375,5.97,6.143,0,0,0,0,0,0,785.988,1498.511,1488.167,6.399,0,1070.778,1505.639,1496.397,6.393,0,0,0,0,0,0,0,0,0,0,5.503,5.461,5.936,5.455,5.377,5.415,5.329,5.824,5.406,5.878,5.872,5.379,6.097,6.266,5.392,6.227,0,0,0,0,0,0,0,0,0,0,0,0,0,0,0,0,0,0,0,0,0,0,0,0,0,5.443,5.696,5.218,5.277,5.751,5.384,5.692,5.412,5.844,5.443,5.517,5.332,5.859,5.403,5.964,6.107,0,0,0,0,0,0,0,0,0,0,0,0,0,0,0,0,0,0,0,0,0,0,0,0,0,5.343,5.345,5.331,5.758,5.872,5.415,5.834,5.484,5.852,5.733,5.351,5.857,5.882,5.463,5.82,6.082,0,0,0,0,0,0,0,0,0,0,0,0,0,0,0,0,0,0,0,0,0,0,0,0,0,5.354,5.352,5.366,5.714,5.706,5.737,5.52,5.822,5.33,5.348,5.686,5.521,5.331,5.429,5.321,6.059,0,0,0,0,0,0,0,0,0,0,0,0,0,0,0,0,0,0,0,0,0,0,0,0,0,5.582,5.269,5.332,5.727,5.742,5.743,5.229,5.695,5.301,5.96,5.453,5.807,6.128,5.488,5.469,6.193,0,0,0,0,0,0,0,0,0,0,0,0,0,0,0,0,0,0,0,0,0,0,0,0,0,5.426,5.28,5.259,5.768,5.845,5.35,5.834,5.742,5.705,5.774,5.332,5.449,5.732,5.365,5.478,6.143,0,0,0,0,0,0,0,0,0,0,0,0,0,0,0,0,0,0,5.739,5.739,0,0,0,0,0,5.779,5.374,5.513,5.433,5.601,5.448,5.989,5.513,5.432,5.494,5.417,5.361,5.561,5.819,5.782,0,0,0,0,0,0,0,0,0,0,0,0,0,0,0,0,0,0,0,0,0,0,0,0,0,5.261,5.261,5.749,5.814,5.355,5.332,5.68,5.86,5.403,5.692,5.878,5.413,5.961,5.814,5.765,5.886,6.103,0,0,0,0,0,0,0,0,0,0,0,0,0,0,0,0,0,0,0,0,0,0,0,0,5.374,5.374,6.012,5.986,5.613,5.607,5.618,5.972,5.84,5.288,5.944,5.247,5.861,5.417,5.301,5.497,0,0,0,0,0,0,0,0,0,0,0,0,0,0,0,0,0,0,0,0,0,0,0,0,0,5.389,5.389,5.404,6.145,5.56,5.981,5.804,5.904,5.462,6.04,5.631,5.61,6.473,6.162,6.502,6.264,0,0,0,0,0,0,0,0,0,6.479,6.429,0,0,0,0,0,0,0,0,0,0,0,0,0,0,5.417,6.192,6.05,5.98,5.515,6.169,5.375,5.467,5.511,5.445,6.061,5.964,5.744,5.957,5.351,5.493,0,0,0,0,0,0,0,0,0,0,0,0,0,0,0,0,0,0,6.087,8.888,8.888,0,0,0,0,5.237,6.255,5.654,5.387,5.386,5.268,5.694,5.544,5.98,5.507,5.336,6.148,5.398,5.338,5.997,6.118,0,0,0,0,0,0,0,0,0,0,0,0,0,0,0,0,0,0,0,0,0,0,0,0,0,5.79,5.469,5.951,6.116,5.914,5.983,6.032,6.244,5.496,6.074,6.194,5.515,5.616,6.12,6.013,5.563,0,0,0,0,0,0,0,0,0,0,0,0,0,0,0,7.88,5.909,0,0,0,0,0,0,0,0,5.429,5.818,6.878,5.554,6.007,6.027,5.831,5.447,5.498,5.503,6.432,5.683,5.611,6.255,6.321,6.235,0,0,0,0,0,0,0,0,0,0,0,0,0,0,0,0,0,0,0,0,0,0,0,0,0,5.176,5.601,5.837,5.891,5.41,5.787,5.4,5.778,5.335,5.422,5.787,5.339,5.368,6.095,5.356,6.096,0,0,0,0,0,0,0,0,0,0,0,0,0,0,0,0,0,0,0,0,0,0,0,0,0,5.333,5.444,5.984,5.5,6.005,5.449,5.785,5.382,5.872,5.485,5.478,5.991,5.467,5.302,6.002,5.577,0,0,0,0,0,0,0,0,0,0,0,0,0,0,0,0,0,0,0,0,0,0,0,0,0,5.8,5.556,5.673,5.947,5.977,5.513,5.48,5.893,5.44,6.091,5.953,5.547,7.426,6.204,5.846,6.099,0,0,0,0,0,0,0,0,0,0,0,0,0,0,0,0,0,0,0,0,0,0,0,0,0,5.992,5.768,6.014,5.75,6.183,5.524,6.078,5.462,5.495,5.967,5.427,5.576,5.699,5.623,6.047,6.299,0,0,0,0,0,0,0,0,0,0,0,0,0,0,0,0,0,0,0,0,0,0,0,0,0,5.985,5.926,6.087,6.082,5.544,6.072,5.661,6.128,5.854,5.859,5.609,5.839,5.634,6.116,6.108,6.459,0,0,0,0,0,0,0,0,0,0,0,0,0,0,0,0,0,0,0,0,0,0,0,0,0,5.707,5.857,6.267,5.713,5.61,5.815,6.445,5.651,6.138,5.706,5.603,6.17,5.942,5.561,5.765,6.37,0,0,0,0,0,0,0,0,0,0,0,0,0,0,0,0,0,0,0,0,0,0,0,0,0,6.029,6.029,6.008,5.669,5.56,5.727,5.75,5.679,5.664
CounterOutlets2_AP,13.317,13.448,13.867,13.494,13.488,13.928,13.411,0,0,0,13.618,13.627,13.368,13.373,13.728,13.682,13.586,13.232,13.413,13.639,13.281,13.7,13.423,13.283,13.172,0,0,0,0,0,0,0,0,0,0,0,0,0,0,0,0,0,0,0,0,0,0,0,0,0,13.673,13.673,13.663,13.528,13.906,13.966,13.728,13.367,13.837,13.422,13.676,13.466,13.691,13.289,13.344,13.337,0,0,0,0,0,0,0,0,0,0,0,0,0,0,0,0,0,0,0,0,0,0,0,0,0,13.9,13.564,13.553,13.871,13.478,13.815,13.28,13.833,13.448,13.687,13.668,13.283,13.63,13.668,13.3,13.239,0,0,0,0,0,0,12.671,12.671,12.988,12.988,0,0,0,0,0,0,0,0,0,0,0,0,0,0,0,13.386,13.329,13.035,13.411,13.33,13.286,13.351,13.224,13.323,13.154,13.347,13.399,13.011,12.978,13.362,12.875,0,0,0,0,0,0,0,0,0,0,0,0,0,0,0,0,0,0,0,0,0,0,0,0,0,13.64,13.429,13.67,13.689,13.321,13.474,13.548,13.552,13.14,13.452,13.145,13.503,13.131,13.46,13.183,12.977,0,0,0,0,0,0,0,0,0,0,0,0,0,0,0,0,0,0,0,0,0,0,0,0,0,13.563,13.593,13.589,13.616,13.246,13.313,13.268,13.198,13.598,13.359,13.629,13.592,13.254,13.5,13.283,13.054,0,0,0,0,0,0,0,0,0,0,0,0,0,0,0,0,0,0,0,0,0,0,0,0,0,13.533,13.545,13.54,13.244,13.202,13.148,13.41,13.163,13.513,13.531,13.299,13.433,13.556,13.365,13.377,12.961,0,0,0,0,0,0,0,0,0,0,0,0,0,0,0,0,0,0,0,0,0,0,0,0,0,13.433,13.572,13.628,13.471,13.591,13.289,13.467,13.471,13.479,13.116,13.459,13.214,12.961,13.315,13.429,12.981,0,0,0,0,0,0,0,0,0,0,0,0,0,0,0,0,0,0,0,0,0,0,0,0,0,13.543,13.651,13.619,13.293,13.248,13.648,13.22,13.225,13.383,13.276,13.584,13.284,13.342,13.674,13.308,13.044,0,0,0,0,0,0,0,0,0,0,0,0,0,0,0,0,0,0,13.371,13.097,0,0,0,0,0,13.408,13.636,13.554,13.673,13.27,13.617,13.27,13.467,13.373,13.652,13.692,13.649,13.486,13.633,13.398,13.21,0,0,0,0,0,0,0,0,0,0,0,0,0,0,0,0,0,0,0,0,0,0,0,0,13.774,13.774,13.454,13.427,13.794,13.809,13.779,13.409,13.667,13.54,13.423,13.72,13.395,13.409,13.754,13.379,13.236,0,0,0,0,0,0,0,0,0,0,0,0,0,0,0,0,0,0,0,0,0,0,0,0,13.306,13.573,13.176,13.168,13.438,13.525,13.438,13.178,13.545,13.557,13.188,13.366,13.206,13.153,13.583,13.208,0,0,0,0,0,0,0,0,0,0,0,0,0,0,0,0,0,0,0,0,0,0,0,0,0,13.434,13.434,13.331,12.982,13.282,13.099,13.273,13.11,13.327,13.191,13.232,13.177,13.3,13.053,11.767,12.823,0,0,0,0,0,0,0,0,0,11.975,12.775,0,0,0,0,0,0,0,0,0,0,0,0,0,0,13.276,12.993,13.285,13.097,13.287,12.924,13.334,13.359,13.373,13.464,13.065,13.402,13.467,13.195,13.526,13.48,0,0,0,0,0,0,0,0,0,0,0,0,0,0,0,0,0,0,0,0,0,0,0,0,0,13.439,13.287,13.192,13.334,13.373,13.309,13.156,13.456,12.963,13.28,13.367,12.969,13.305,13.402,13.059,12.977,0,0,0,0,0,0,0,0,0,0,0,0,0,0,0,0,0,0,0,0,0,0,0,0,0,12.984,13.147,12.93,12.808,13.11,13.168,12.92,12.727,13.205,12.892,13.115,13.251,13.163,12.862,13.233,13.005,0,0,0,0,0,0,0,0,0,0,0,0,0,0,0,14.56,15.077,0,0,0,0,0,0,0,0,13.751,13.487,13.379,13.729,13.472,13.448,13.533,13.754,13.804,13.761,13.344,13.535,13.77,13.764,13.457,13.243,0,0,0,0,0,0,0,0,0,0,0,0,0,0,0,0,0,0,0,0,0,0,0,0,0,13.797,13.568,13.393,13.463,13.8,13.542,13.836,13.483,13.792,13.762,13.492,13.817,13.796,13.316,13.836,13.272,0,0,0,0,0,0,0,0,0,0,0,0,0,0,0,0,0,0,0,0,0,0,0,0,0,13.892,13.906,13.451,13.878,13.411,13.786,13.444,13.736,13.767,13.782,13.754,13.323,13.712,13.735,13.674,13.803,0,0,0,0,0,0,0,0,0,0,0,0,0,0,0,0,0,0,0,0,0,0,0,0,0,13.894,13.887,13.836,13.712,13.545,13.93,13.84,13.557,13.885,13.537,13.59,13.901,13.52,13.339,13.487,13.227,0,0,0,0,0,0,0,0,0,0,0,0,0,0,0,0,0,0,0,0,0,0,0,0,0,13.604,13.85,13.696,13.798,13.546,13.921,13.518,14.085,14.045,13.658,13.972,13.957,13.914,13.924,13.625,13.517,0,0,0,0,0,0,0,0,0,0,0,0,0,0,0,0,0,0,0,0,0,0,0,0,0,13.61,13.636,13.478,13.543,13.979,13.513,13.853,13.492,13.774,13.697,13.8,13.812,13.89,13.643,13.723,13.416,0,0,0,0,0,0,0,0,0,0,0,0,0,0,0,0,0,0,0,0,0,0,0,0,0,13.977,13.785,13.545,13.786,13.877,13.786,13.437,13.834,13.547,13.84,13.884,13.483,13.666,13.922,13.796,13.353,0,0,0,0,0,0,0,0,0,0,0,0,0,0,0,0,0,0,0,0,0,0,0,0,0,13.49,13.482,13.481,13.702,13.793,13.735,13.452,13.828,13.899
KitchenOutlets_AP,7.026,5.55,5.246,5.418,6.42,5.473,7.086,0,0,0,4.971,6.213,5.28,5.296,4.875,5.148,6.852,6.1,5.008,6.766,6.829,4.865,4.994,7.053,7.072,0,0,0,0,0,7.743,7.988,0,0,0,0,0,0,0,0,0,0,0,0,0,0,0,0,0,0,6.458,5.207,5.249,6.943,5.026,6.679,6.14,6.986,5.262,6.079,5.731,6.49,6.576,6.791,5.526,7.229,0,0,0,0,0,0,0,0,7.573,7.597,0,0,0,0,0,0,0,0,0,0,0,0,0,0,7.187,7.187,5.489,5.143,5.423,6.564,5.004,7.56,4.956,6.461,5.185,6.53,6.965,6.872,5.017,6.609,7.308,0,0,0,0,0,0,0,0,0,0,0,6.933,7.247,0,0,0,0,0,0,0,0,0,0,0,0,5.959,6.935,5.754,5.995,5.987,5.751,5.785,7.368,6.011,7.249,7.162,5.677,7.416,8.396,7.088,8.459,0,0,0,0,0,0,0,0,0,0,0,0,0,0,0,0,0,0,0,0,0,0,0,0,0,5.717,4.974,4.986,5.078,7.046,5.333,5.019,5.447,6.352,5.15,6.966,4.934,5.959,5.749,6.576,7.064,0,0,0,0,0,0,0,0,0,0,0,0,0,0,0,0,0,0,0,0,0,0,0,0,0,4.742,5.877,6.014,6.349,5.412,6.887,6.678,6.732,6.162,5.2,4.868,5.055,6.569,5.903,6.262,6.34,0,0,0,6.906,6.906,0,0,0,0,0,0,0,0,0,0,0,0,6.939,6.939,0,0,0,0,0,0,4.917,4.879,4.862,5.9,5.078,6.506,5.275,5.17,5.27,4.922,5.84,5.798,5.066,5.456,5.53,7.134,0,0,0,0,0,0,0,7.479,7.479,0,0,0,0,0,0,0,0,0,0,0,0,0,0,0,0,5.934,5.084,5.098,5.369,5.087,6.499,6.493,5.274,5.855,5.807,4.919,6.12,7.132,6.292,5.398,7.66,0,0,0,0,0,0,0,0,0,0,0,0,0,0,0,0,0,0,0,0,0,0,0,0,0,5.366,6.177,5.227,5.064,6.363,4.927,7.049,5.384,4.986,6.634,4.795,5.178,6.537,4.801,5.512,6.746,0,0,0,0,0,0,0,0,0,0,0,0,0,0,0,0,0,0,6.192,7.411,0,0,0,0,0,5.317,5.833,5.427,6.257,6.731,4.931,4.872,5.336,5.892,5.291,5.133,4.817,5.365,6.447,6.676,6.327,0,0,0,0,0,0,0,0,0,0,0,0,0,0,0,0,0,0,0,0,0,0,0,0,4.924,4.924,6.58,6.391,4.942,6.116,4.906,6.389,5.708,6.171,6.981,6.296,6.645,5.623,4.894,6.532,6.554,0,0,0,0,0,0,0,0,0,0,0,0,6.505,6.505,0,0,0,6.785,6.785,0,0,0,0,0,6.454,4.929,5.982,7.005,5.501,5.095,6.51,6.652,5.192,6.168,5.384,4.971,6.692,6.719,5.019,7.01,0,0,0,0,0,0,0,0,0,0,0,0,0,0,0,0,0,0,6.583,6.583,6.75,8.033,0,0,6.641,6.601,5.657,5.453,7.791,5.853,5.797,6.612,6.781,5.459,7.527,7.164,5.616,7.067,6.493,4.674,8.238,0,0,0,0,0,0,0,0,0,5.613,8.683,0,0,0,0,0,0,0,0,0,0,0,0,0,0,7.344,6.89,5.79,7.246,6.229,7.702,5.949,7.82,6.312,6.078,8.143,7.618,5.909,7.814,5.878,8.563,0,0,0,0,0,0,0,0,0,0,0,0,0,0,8.637,8.637,0,0,8.578,9.481,9.481,0,0,0,0,5.764,5.933,7.068,5.991,5.765,6.01,6.835,5.809,7.989,6.18,5.904,7.846,6.569,5.962,7.503,7.461,0,0,0,0,0,0,0,0,0,0,0,0,0,0,0,0,0,0,0,0,0,0,0,0,0,6.643,6.542,6.8,6.414,6.187,7.152,7.677,7.642,5.89,5.472,7.387,5.942,7.498,7.344,5.792,7.738,0,0,0,0,0,0,0,0,0,0,0,0,0,8.4,8.4,7.403,9.804,0,0,0,0,0,0,0,0,4.832,5.336,5.644,6.652,5.199,6.807,4.99,5.863,6.323,5.199,7.532,6.307,5.347,6.73,6.806,7.608,0,0,0,0,0,7.514,7.514,0,0,0,0,0,0,0,0,0,0,0,0,0,0,0,0,0,0,4.897,5.884,5.651,5.222,5.209,6.295,5.202,6.487,5.43,5.769,6.343,5.371,6.728,7.273,5.327,7.124,0,0,0,0,0,0,0,0,0,0,0,0,0,0,0,0,0,0,0,0,0,0,0,0,0,6.676,4.82,6.856,5.197,6.59,5.326,6.283,4.994,6.538,5.761,5.132,7.202,6.357,5.249,5.519,6.645,0,0,0,0,0,0,0,0,0,0,0,0,0,0,0,0,0,0,0,0,0,0,0,0,0,5.407,4.684,5.059,6.542,6.545,6.031,6.106,6.251,4.806,7.075,6.291,5.046,7.138,7.022,5.462,7.313,0,0,0,0,0,0,0,0,0,0,0,0,0,0,0,0,0,0,0,0,0,0,0,0,0,5.991,5.34,5.957,5.497,6.841,4.919,6.979,5.131,6.822,5.66,5.202,5.418,6.793,5.522,5.664,7.125,0,0,0,0,0,0,0,0,0,0,0,0,0,0,0,0,0,0,0,0,0,0,0,0,0,5.548,6.553,6.542,6.521,5.33,6.517,5.011,6.538,5.412,5.274,6.581,5.303,4.781,5.813,5.984,7.46,0,0,0,0,0,0,0,0,0,0,0,0,0,0,0,0,0,0,0,0,0,0,0,0,0,4.713,5.458,6.764,5.055,5.118,5.527,6.88,4.91,6.67,6.199,5.03,6.874,6.111,4.984,6.27,7.185,0,0,0,0,0,6.579,6.579,0,0,0,0,0,0,0,0,0,0,0,0,0,0,0,0,0,0,4.99,5.512,6.524,5.49,5.194,6.749,5.388,6.193,5.251
