Var1,Var2,Var3,Var4,Var5,Var6,Var7,Var8,Var9,Var10,Var11,Var12,Var13,Var14,Var15,Var16,Var17,Var18,Var19,Var20,Var21,Var22,Var23,Var24,Var25,Var26,Var27,Var28,Var29,Var30,Var31,Var32,Var33,Var34,Var35,Var36,Var37,Var38,Var39,Var40,Var41,Var42,Var43,Var44,Var45,Var46,Var47,Var48,Var49,Var50,Var51,Var52,Var53,Var54,Var55,Var56,Var57,Var58,Var59,Var60,Var61,Var62,Var63,Var64,Var65,Var66,Var67,Var68,Var69,Var70,Var71,Var72,Var73,Var74,Var75,Var76,Var77,Var78,Var79,Var80,Var81,Var82,Var83,Var84,Var85,Var86,Var87,Var88,Var89,Var90,Var91,Var92,Var93,Var94,Var95,Var96,Var97,Var98,Var99,Var100,Var101,Var102,Var103,Var104,Var105,Var106,Var107,Var108,Var109,Var110,Var111,Var112,Var113,Var114,Var115,Var116,Var117,Var118,Var119,Var120,Var121,Var122,Var123,Var124,Var125,Var126,Var127,Var128,Var129,Var130,Var131,Var132,Var133,Var134,Var135,Var136,Var137,Var138,Var139,Var140,Var141,Var142,Var143,Var144,Var145,Var146,Var147,Var148,Var149,Var150,Var151,Var152,Var153,Var154,Var155,Var156,Var157,Var158,Var159,Var160,Var161,Var162,Var163,Var164,Var165,Var166,Var167,Var168,Var169,Var170,Var171,Var172,Var173,Var174,Var175,Var176,Var177,Var178,Var179,Var180,Var181,Var182,Var183,Var184,Var185,Var186,Var187,Var188,Var189,Var190,Var191,Var192,Var193,Var194,Var195,Var196,Var197,Var198,Var199,Var200,Var201,Var202,Var203,Var204,Var205,Var206,Var207,Var208,Var209,Var210,Var211,Var212,Var213,Var214,Var215,Var216,Var217,Var218,Var219,Var220,Var221,Var222,Var223,Var224,Var225,Var226,Var227,Var228,Var229,Var230,Var231,Var232,Var233,Var234,Var235,Var236,Var237,Var238,Var239,Var240,Var241,Var242,Var243,Var244,Var245,Var246,Var247,Var248,Var249,Var250,Var251,Var252,Var253,Var254,Var255,Var256,Var257,Var258,Var259,Var260,Var261,Var262,Var263,Var264,Var265,Var266,Var267,Var268,Var269,Var270,Var271,Var272,Var273,Var274,Var275,Var276,Var277,Var278,Var279,Var280,Var281,Var282,Var283,Var284,Var285,Var286,Var287,Var288,Var289,Var290,Var291,Var292,Var293,Var294,Var295,Var296,Var297,Var298,Var299,Var300,Var301,Var302,Var303,Var304,Var305,Var306,Var307,Var308,Var309,Var310,Var311,Var312,Var313,Var314,Var315,Var316,Var317,Var318,Var319,Var320,Var321,Var322,Var323,Var324,Var325,Var326,Var327,Var328,Var329,Var330,Var331,Var332,Var333,Var334,Var335,Var336,Var337,Var338,Var339,Var340,Var341,Var342,Var343,Var344,Var345,Var346,Var347,Var348,Var349,Var350,Var351,Var352,Var353,Var354,Var355,Var356,Var357,Var358,Var359,Var360,Var361,Var362,Var363,Var364,Var365,Var366,Var367,Var368,Var369,Var370,Var371,Var372,Var373,Var374,Var375,Var376,Var377,Var378,Var379,Var380,Var381,Var382,Var383,Var384,Var385,Var386,Var387,Var388,Var389,Var390,Var391,Var392,Var393,Var394,Var395,Var396,Var397,Var398,Var399,Var400,Var401,Var402,Var403,Var404,Var405,Var406,Var407,Var408,Var409,Var410,Var411,Var412,Var413,Var414,Var415,Var416,Var417,Var418,Var419,Var420,Var421,Var422,Var423,Var424,Var425,Var426,Var427,Var428,Var429,Var430,Var431,Var432,Var433,Var434,Var435,Var436,Var437,Var438,Var439,Var440,Var441,Var442,Var443,Var444,Var445,Var446,Var447,Var448,Var449,Var450,Var451,Var452,Var453,Var454,Var455,Var456,Var457,Var458,Var459,Var460,Var461,Var462,Var463,Var464,Var465,Var466,Var467,Var468,Var469,Var470,Var471,Var472,Var473,Var474,Var475,Var476,Var477,Var478,Var479,Var480,Var481,Var482,Var483,Var484,Var485,Var486,Var487,Var488,Var489,Var490,Var491,Var492,Var493,Var494,Var495,Var496,Var497,Var498,Var499,Var500,Var501,Var502,Var503,Var504,Var505,Var506,Var507,Var508,Var509,Var510,Var511,Var512,Var513,Var514,Var515,Var516,Var517,Var518,Var519,Var520,Var521,Var522,Var523,Var524,Var525,Var526,Var527,Var528,Var529,Var530,Var531,Var532,Var533,Var534,Var535,Var536,Var537,Var538,Var539,Var540,Var541,Var542,Var543,Var544,Var545,Var546,Var547,Var548,Var549,Var550,Var551,Var552,Var553,Var554,Var555,Var556,Var557,Var558,Var559,Var560,Var561,Var562,Var563,Var564,Var565,Var566,Var567,Var568,Var569,Var570,Var571,Var572,Var573,Var574,Var575,Var576,Var577,Var578,Var579,Var580,Var581,Var582,Var583,Var584,Var585,Var586,Var587,Var588,Var589,Var590,Var591,Var592,Var593,Var594,Var595,Var596,Var597,Var598,Var599,Var600,Var601,Var602,Var603,Var604,Var605,Var606,Var607,Var608,Var609,Var610,Var611,Var612,Var613,Var614,Var615,Var616,Var617,Var618,Var619,Var620,Var621,Var622,Var623,Var624,Var625,Var626,Var627,Var628,Var629,Var630,Var631,Var632,Var633,Var634,Var635,Var636,Var637,Var638,Var639,Var640,Var641,Var642,Var643,Var644,Var645,Var646,Var647,Var648,Var649,Var650,Var651,Var652,Var653,Var654,Var655,Var656,Var657,Var658,Var659,Var660,Var661,Var662,Var663,Var664,Var665,Var666,Var667,Var668,Var669,Var670,Var671,Var672,Var673,Var674,Var675,Var676,Var677,Var678,Var679,Var680,Var681,Var682,Var683,Var684,Var685,Var686,Var687,Var688,Var689,Var690,Var691,Var692,Var693,Var694,Var695,Var696,Var697,Var698,Var699,Var700,Var701,Var702,Var703,Var704,Var705,Var706,Var707,Var708,Var709,Var710,Var711,Var712,Var713,Var714,Var715,Var716,Var717,Var718,Var719,Var720,Var721,Var722,Var723,Var724,Var725,Var726,Var727,Var728,Var729,Var730,Var731,Var732,Var733,Var734,Var735,Var736,Var737,Var738,Var739,Var740,Var741,Var742,Var743,Var744,Var745,Var746,Var747,Var748,Var749,Var750,Var751,Var752,Var753,Var754,Var755,Var756,Var757,Var758,Var759,Var760,Var761,Var762,Var763,Var764,Var765,Var766,Var767,Var768,Var769,Var770,Var771,Var772,Var773,Var774,Var775,Var776,Var777,Var778,Var779,Var780,Var781,Var782,Var783,Var784,Var785,Var786,Var787,Var788,Var789,Var790,Var791,Var792,Var793,Var794,Var795,Var796,Var797,Var798,Var799,Var800,Var801,Var802,Var803,Var804,Var805,Var806,Var807,Var808,Var809,Var810,Var811,Var812,Var813,Var814,Var815,Var816,Var817,Var818,Var819,Var820,Var821,Var822,Var823,Var824,Var825,Var826,Var827,Var828,Var829,Var830,Var831,Var832,Var833,Var834,Var835,Var836,Var837,Var838,Var839,Var840,Var841,Var842,Var843,Var844,Var845,Var846,Var847,Var848,Var849,Var850,Var851,Var852,Var853,Var854,Var855,Var856,Var857,Var858,Var859,Var860,Var861,Var862,Var863,Var864,Var865,Var866,Var867,Var868,Var869,Var870,Var871,Var872,Var873,Var874,Var875,Var876,Var877,Var878,Var879,Var880,Var881,Var882,Var883,Var884,Var885,Var886,Var887,Var888,Var889,Var890,Var891,Var892,Var893,Var894,Var895,Var896,Var897,Var898,Var899,Var900,Var901,Var902,Var903,Var904,Var905,Var906,Var907,Var908,Var909,Var910,Var911,Var912,Var913,Var914,Var915,Var916,Var917,Var918,Var919,Var920,Var921,Var922,Var923,Var924,Var925,Var926,Var927,Var928,Var929,Var930,Var931,Var932,Var933,Var934,Var935,Var936,Var937,Var938,Var939,Var940,Var941,Var942,Var943,Var944,Var945,Var946,Var947,Var948,Var949,Var950,Var951,Var952,Var953,Var954,Var955,Var956,Var957,Var958,Var959,Var960,Var961
Time,0,0.025,0.05,0.075,0.1,0.125,0.15,0.175,0.2,0.225,0.25,0.275,0.3,0.325,0.35,0.375,0.4,0.425,0.45,0.475,0.5,0.525,0.55,0.575,0.6,0.625,0.65,0.675,0.7,0.725,0.75,0.775,0.8,0.825,0.85,0.875,0.9,0.925,0.95,0.975,1,1.025,1.05,1.075,1.1,1.125,1.15,1.175,1.2,1.225,1.25,1.275,1.3,1.325,1.35,1.375,1.4,1.425,1.45,1.475,1.5,1.525,1.55,1.575,1.6,1.625,1.65,1.675,1.7,1.725,1.75,1.775,1.8,1.825,1.85,1.875,1.9,1.925,1.95,1.975,2,2.025,2.05,2.075,2.1,2.125,2.15,2.175,2.2,2.225,2.25,2.275,2.3,2.325,2.35,2.375,2.4,2.425,2.45,2.475,2.5,2.525,2.55,2.575,2.6,2.625,2.65,2.675,2.7,2.725,2.75,2.775,2.8,2.825,2.85,2.875,2.9,2.925,2.95,2.975,3,3.025,3.05,3.075,3.1,3.125,3.15,3.175,3.2,3.225,3.25,3.275,3.3,3.325,3.35,3.375,3.4,3.425,3.45,3.475,3.5,3.525,3.55,3.575,3.6,3.625,3.65,3.675,3.7,3.725,3.75,3.775,3.8,3.825,3.85,3.875,3.9,3.925,3.95,3.975,4,4.025,4.05,4.075,4.1,4.125,4.15,4.175,4.2,4.225,4.25,4.275,4.3,4.325,4.35,4.375,4.4,4.425,4.45,4.475,4.5,4.525,4.55,4.575,4.6,4.625,4.65,4.675,4.7,4.725,4.75,4.775,4.8,4.825,4.85,4.875,4.9,4.925,4.95,4.975,5,5.025,5.05,5.075,5.1,5.125,5.15,5.175,5.2,5.225,5.25,5.275,5.3,5.325,5.35,5.375,5.4,5.425,5.45,5.475,5.5,5.525,5.55,5.575,5.6,5.625,5.65,5.675,5.7,5.725,5.75,5.775,5.8,5.825,5.85,5.875,5.9,5.925,5.95,5.975,6,6.025,6.05,6.075,6.1,6.125,6.15,6.175,6.2,6.225,6.25,6.275,6.3,6.325,6.35,6.375,6.4,6.425,6.45,6.475,6.5,6.525,6.55,6.575,6.6,6.625,6.65,6.675,6.7,6.725,6.75,6.775,6.8,6.825,6.85,6.875,6.9,6.925,6.95,6.975,7,7.025,7.05,7.075,7.1,7.125,7.15,7.175,7.2,7.225,7.25,7.275,7.3,7.325,7.35,7.375,7.4,7.425,7.45,7.475,7.5,7.525,7.55,7.575,7.6,7.625,7.65,7.675,7.7,7.725,7.75,7.775,7.8,7.825,7.85,7.875,7.9,7.925,7.95,7.975,8,8.025,8.05,8.075,8.1,8.125,8.15,8.175,8.2,8.225,8.25,8.275,8.3,8.325,8.35,8.375,8.4,8.425,8.45,8.475,8.5,8.525,8.55,8.575,8.6,8.625,8.65,8.675,8.7,8.725,8.75,8.775,8.8,8.825,8.85,8.875,8.9,8.925,8.95,8.975,9,9.025,9.05,9.075,9.1,9.125,9.15,9.175,9.2,9.225,9.25,9.275,9.3,9.325,9.35,9.375,9.4,9.425,9.45,9.475,9.5,9.525,9.55,9.575,9.6,9.625,9.65,9.675,9.7,9.725,9.75,9.775,9.8,9.825,9.85,9.875,9.9,9.925,9.95,9.975,10,10.025,10.05,10.075,10.1,10.125,10.15,10.175,10.2,10.225,10.25,10.275,10.3,10.325,10.35,10.375,10.4,10.425,10.45,10.475,10.5,10.525,10.55,10.575,10.6,10.625,10.65,10.675,10.7,10.725,10.75,10.775,10.8,10.825,10.85,10.875,10.9,10.925,10.95,10.975,11,11.025,11.05,11.075,11.1,11.125,11.15,11.175,11.2,11.225,11.25,11.275,11.3,11.325,11.35,11.375,11.4,11.425,11.45,11.475,11.5,11.525,11.55,11.575,11.6,11.625,11.65,11.675,11.7,11.725,11.75,11.775,11.8,11.825,11.85,11.875,11.9,11.925,11.95,11.975,12,12.025,12.05,12.075,12.1,12.125,12.15,12.175,12.2,12.225,12.25,12.275,12.3,12.325,12.35,12.375,12.4,12.425,12.45,12.475,12.5,12.525,12.55,12.575,12.6,12.625,12.65,12.675,12.7,12.725,12.75,12.775,12.8,12.825,12.85,12.875,12.9,12.925,12.95,12.975,13,13.025,13.05,13.075,13.1,13.125,13.15,13.175,13.2,13.225,13.25,13.275,13.3,13.325,13.35,13.375,13.4,13.425,13.45,13.475,13.5,13.525,13.55,13.575,13.6,13.625,13.65,13.675,13.7,13.725,13.75,13.775,13.8,13.825,13.85,13.875,13.9,13.925,13.95,13.975,14,14.025,14.05,14.075,14.1,14.125,14.15,14.175,14.2,14.225,14.25,14.275,14.3,14.325,14.35,14.375,14.4,14.425,14.45,14.475,14.5,14.525,14.55,14.575,14.6,14.625,14.65,14.675,14.7,14.725,14.75,14.775,14.8,14.825,14.85,14.875,14.9,14.925,14.95,14.975,15,15.025,15.05,15.075,15.1,15.125,15.15,15.175,15.2,15.225,15.25,15.275,15.3,15.325,15.35,15.375,15.4,15.425,15.45,15.475,15.5,15.525,15.55,15.575,15.6,15.625,15.65,15.675,15.7,15.725,15.75,15.775,15.8,15.825,15.85,15.875,15.9,15.925,15.95,15.975,16,16.025,16.05,16.075,16.1,16.125,16.15,16.175,16.2,16.225,16.25,16.275,16.3,16.325,16.35,16.375,16.4,16.425,16.45,16.475,16.5,16.525,16.55,16.575,16.6,16.625,16.65,16.675,16.7,16.725,16.75,16.775,16.8,16.825,16.85,16.875,16.9,16.925,16.95,16.975,17,17.025,17.05,17.075,17.1,17.125,17.15,17.175,17.2,17.225,17.25,17.275,17.3,17.325,17.35,17.375,17.4,17.425,17.45,17.475,17.5,17.525,17.55,17.575,17.6,17.625,17.65,17.675,17.7,17.725,17.75,17.775,17.8,17.825,17.85,17.875,17.9,17.925,17.95,17.975,18,18.025,18.05,18.075,18.1,18.125,18.15,18.175,18.2,18.225,18.25,18.275,18.3,18.325,18.35,18.375,18.4,18.425,18.45,18.475,18.5,18.525,18.55,18.575,18.6,18.625,18.65,18.675,18.7,18.725,18.75,18.775,18.8,18.825,18.85,18.875,18.9,18.925,18.95,18.975,19,19.025,19.05,19.075,19.1,19.125,19.15,19.175,19.2,19.225,19.25,19.275,19.3,19.325,19.35,19.375,19.4,19.425,19.45,19.475,19.5,19.525,19.55,19.575,19.6,19.625,19.65,19.675,19.7,19.725,19.75,19.775,19.8,19.825,19.85,19.875,19.9,19.925,19.95,19.975,20,20.025,20.05,20.075,20.1,20.125,20.15,20.175,20.2,20.225,20.25,20.275,20.3,20.325,20.35,20.375,20.4,20.425,20.45,20.475,20.5,20.525,20.55,20.575,20.6,20.625,20.65,20.675,20.7,20.725,20.75,20.775,20.8,20.825,20.85,20.875,20.9,20.925,20.95,20.975,21,21.025,21.05,21.075,21.1,21.125,21.15,21.175,21.2,21.225,21.25,21.275,21.3,21.325,21.35,21.375,21.4,21.425,21.45,21.475,21.5,21.525,21.55,21.575,21.6,21.625,21.65,21.675,21.7,21.725,21.75,21.775,21.8,21.825,21.85,21.875,21.9,21.925,21.95,21.975,22,22.025,22.05,22.075,22.1,22.125,22.15,22.175,22.2,22.225,22.25,22.275,22.3,22.325,22.35,22.375,22.4,22.425,22.45,22.475,22.5,22.525,22.55,22.575,22.6,22.625,22.65,22.675,22.7,22.725,22.75,22.775,22.8,22.825,22.85,22.875,22.9,22.925,22.95,22.975,23,23.025,23.05,23.075,23.1,23.125,23.15,23.175,23.2,23.225,23.25,23.275,23.3,23.325,23.35,23.375,23.4,23.425,23.45,23.475,23.5,23.525,23.55,23.575,23.6,23.625,23.65,23.675,23.7,23.725,23.75,23.775,23.8,23.825,23.85,23.875,23.9,23.925,23.95,23.975
Grid_Re,0,0,0,0,0,0,0,0,0,0,0,1542.54,1419.161,2066.377,1359.948,1459.333,1651.885,1353.328,1356.8,2510.187,2530.81,1835.114,1415.677,1856.223,2146.157,1527.268,1504.577,1577.682,2307.296,1903.504,2290.314,2951.169,2360.406,1640.199,3153.358,2013.921,2345.852,3147.632,2724.633,2422.962,1703.096,2376.044,2149.246,1548.208,2266.348,2276.281,1555.397,1686.485,2389.063,1714.563,1397.738,2116.277,2123.687,1429.986,1432.854,2158.604,1442.038,1443.412,1456.835,2198.816,1439.739,1557.155,1944.343,1660.428,1945.041,2411.328,2564.542,1808.012,1829.075,2544.192,4387.988,2640.238,1863.601,3472.625,2768.578,2362.926,3270.296,2722.614,3296.084,2152.958,2760.829,3102.763,3246.679,2153.904,2019.511,2616.136,2387.422,2363.432,1425.116,1455.422,1696.991,1704.396,1768.348,961.448,976.049,1730.187,1881.896,2031.261,1268.206,1282.986,1996.847,2062.165,2099.979,2014.006,1069.338,1143.699,1802.146,1854.976,1921.068,1749.948,1002.847,1877.759,2032.722,2504.774,1787.703,1607.683,1279.443,2012.847,2380.51,1759.526,1937.842,1614.1,1102.631,1681.263,2267.186,1641.829,857.656,856.319,1590.294,1662.51,1650.798,979.567,1008.062,1750.156,1753.876,1883.212,1108.303,1076.258,1841.252,1884.294,1113.343,1072.06,1952.692,1857.687,1883.835,1198.515,1062.764,1818.264,1873.349,1881.743,1567.629,678.443,1711.566,2138.622,2243.632,2287.513,1292.784,1002.766,1846.106,2613.72,2641.683,1902.37,3268.53,3398.535,2887.373,3223.517,1804.457,1907.931,2916.815,2118.324,2141.009,2914.152,2899.384,3107.476,3185.665,3306.305,3299.175,3402.323,3278.461,3274.921,1437.615,1818.326,2613.467,2407.301,2990.911,3877.417,3843.915,2893.091,3383.524,3909.151,4050.686,4016.01,4443.143,4108.871,3720.086,3001.884,3836.134,3172.646,3545.868,3228.578,4258.095,3744.532,3228.111,3456.783,3863.117,3333.855,3161.909,3157.41,4118.103,2850.25,3137.218,3164.969,3087.786,2279.232,1884.748,2297.191,2277.065,2708.978,2738.399,2738.136,2739.607,2743.537,2320.024,2632.825,2124.988,2300.992,2163.411,1980.944,1833.182,1869.29,1829.85,1060.634,919.894,2559.564,2023.513,2149.124,2335.333,1971.798,2590.674,1935.447,2497.443,1421.585,1946.812,2725.12,2233.978,1996.641,2646.753,2046.449,1863.376,1849.414,1846.83,1849.23,952.233,952.946,1786.721,1497.335,592.716,943.404,2029.357,1834.442,1850.08,1872.177,1918.545,1869.124,1576.901,1897.037,1844.65,1439.292,1457.256,1826.608,1900.852,585.308,950.421,1870.61,1982.673,2293.63,2647.906,2148.277,2824.925,3163.437,1931.648,2235.439,2955.522,3812.208,2433.174,2704.229,3782.46,3029.786,2639.027,3060.213,2141.804,2152.406,2642.853,2960.43,2045.754,1957.322,2876.449,2861.227,2954.608,1506.959,1954.136,2806.786,2848.688,2430.685,1948.635,2051.138,2827.802,2838.629,2429.72,1930.843,2032.759,2497.645,2027.726,1524.839,1530.138,2621.792,3385.145,2797.794,2604.651,2525.935,2717.571,3413.763,3120.33,3606.828,2324.497,1770.585,3267.521,3039.702,2633.379,2569.432,2009.635,2018.375,2955.135,2541.759,2969.979,2039.044,2114.718,2516.915,2504.863,2482.188,2508.866,1540.424,2142.664,2541.296,2553.473,3200.66,2736.55,3134.723,3104.508,2167.917,2053.47,2855.059,2792.806,1430.2,1851.79,2773.625,3395.005,3010.82,3186.078,2943.917,2076.628,2022.363,2968.477,3255.151,2553.501,1940.751,2141.135,2063.237,2936.937,3613.547,2220.759,2029.997,2915.405,2893.994,2901.969,2449.597,2438.022,2573.848,1651.044,2904.825,2540.159,3051.942,3035.881,1705.613,1718.374,3041.175,3074.948,2205.559,2186.053,2614.835,2640.309,2635.172,2645.563,2139.126,2153.944,3026.822,3084.623,2822.994,3178.931,2997.456,2412.723,3469.739,3101.804,3819.966,3559.428,2822.324,3566.714,3184.931,2823.449,3433.805,2717.03,2492.1,2506.085,2962.011,2973.705,2553.438,2976.904,2968.051,2957.587,2948.663,2972.521,2084.791,1551.667,1909.31,2457.165,2495.626,2939.429,2973.385,2969.291,2620.223,2876.916,2369.077,1040.668,1549.967,2900.632,2970.567,2593.666,3007.173,3996.758,3196.455,3772.594,2683.908,2433.087,3174.186,3099.348,3351.229,2773.103,2965.967,3745.735,3167.404,3435.754,3546.768,3090.629,3089.957,3083.151,3081.808,2596.615,2598.185,2580.239,3038.182,3056.318,3057.967,2636.866,3076.23,2963.357,2955.344,2955.861,2521.183,2496.479,2453.017,1476.94,1210.985,2359.767,2801.788,2965.826,2838.992,1522.259,1588.68,2779.939,3503.506,2719.969,2651.728,3455.654,2882.757,3529.249,3045.192,3573.423,3734.58,2163.808,2828.969,2952.517,2620.694,3673.438,2978.891,2565.622,2559.129,2123.979,2123.96,2508.456,2523.147,2539.413,1711.883,2103.508,2929.638,3112.198,2679.124,2197.029,1797.845,1272.904,1848.73,2059.653,2368.385,2098.394,0,0,0,0,0,0,0,0,0,0,0,0,0,0,0,0,0,0,0,0,0,0,0,0,0,0,0,0,0,0,0,0,0,0,0,0,0,0,0,0,0,0,0,0,0,0,0,0,0,0,0,0,0,0,0,0,0,0,0,0,0,0,0,0,0,0,0,0,0,0,0,0,0,0,0,0,0,0,0,0,0,0,0,0,0,0,0,0,0,0,0,0,0,0,0,0,0,0,0,0,0,0,0,0,0,0,0,0,0,0,0,0,0,0,0,0,0,0,0,0,0,0,0,0,0,0,0,0,0,0,0,0,0,0,0,0,0,0,0,0,0,0,0,0,0,0,0,0,0,0,0,0,0,0,0,0,0,0,0,0,0,0,0,0,0,0,0,0,0,0,0,0,0,0,0,0,0,0,0,0,0,0,0,0,0,0,0,0,0,0,0,0,0,0,0,0,0,0,0,0,0,0,0,0,0,0,0,0,0,0,0,0,0,0,0,0,0,0,0,0,0,0,0,0,0,0,0,0,0,0,0,0,0,0,0,0,0,0,0,0,0,0,0,0,0,0,0,0,0,0,0,0,0,0,0,0,0,0,0,0,0,0,0,0,0,0,0,0,0,0,0,0,0,0,0,0,0,0,0,0,0,0,0,0,0,0,0,0,0,0,0,0,0,0,0,0,0,0,0,0,0,0,0,0,0,0,0,0,0,0,0,0,0,0,0,0,0,0,0,0,0,0,0,0,0,0,0,0,0,0,0,0,0,0,0,0,0,0,0,0,0,0,0,0,0,0,0,0,0,0,0,0,0,0,0,0,0,0,0,0,0,0,0,0,0,0,0,0,0,0,0,0,0,0,0,0,0,0,0,0,0,0,0,0,0,0,0,0,0,0,0,0,0,0,0,0,0,0,0,0,0,0,0,0,0,0,0,0,0,0,0,0,0,0,0,0,0,0,0,0,0,0,0,0,0,0,0,0,0,0,0,0,0,0,0,0,0,0,0,0,0,0,0,0,0,0,0
Dryer_Re,0,0,0,0,0,0,0,0,0,0,0,1.596,1.596,0,0,0.013,1.245,1.245,0,0,0,0.586,0.586,2.001,0,0,0.618,0.618,0,0,0,0,0,0,0,0,0,0,0,0,0,0,0,0,0,0,0,0,0,-0.055,-0.055,1.648,0,0,0,0,0,0,0,0,-0.129,1.358,-0.803,0.401,0,0,0,0,0,0,0,0,0,0,0,0,0,0,0,0,0,0,0,0,0,0,0,0,0,0,0,0,0,0,0,-0.178,1.213,0,0,0,0,0,0,0,0,0,0,0,0,0,0,0,0,0,0,0,0,0,0,0,0,0,0,0,0,0,0,0,0,0,0.514,0.514,0,0,0,0,0,0,0,0,0,0,0,0,0,0,0,0,0,0.126,-0.965,2.059,2.059,0,0,0,0,0,0,0,0,0,0,0,0,0,-0.958,1.11,0,0,0,0,0,0,0,0,0,0,0,0,0,0,-0.562,-0.562,0.697,5.22,1.869,1.869,-3.724,-2.01,0,0.298,0.298,0.108,1.865,0,0,0,0,-3.555,-1.757,1.313,-0.863,1.301,0,0,0,-2.557,-4.014,0.633,0.633,0,0,0,-0.617,-0.617,0,0,0,0,0,-0.963,-0.963,1.426,0,0,0,0,0,0,0,0,0,0,0,0,0,-0.424,1.516,0,0,0,0,0,0,0,0,0,0,0,0,0,0,0,-0.463,-0.463,1.352,1.352,0,0,0,0,0,-0.286,-0.286,1.324,-0.553,-0.553,1.056,1.056,-0.029,-0.029,1.304,0.113,-1.786,1.53,0,0,0,0.759,0.759,1.437,1.437,0,0,0,0.232,0.232,0,0,0,0.467,0.467,0,0,0,0,0,0.401,0.401,2.203,0,0.612,0.612,2.232,0,0,-0.097,2.406,2.406,1.779,-0.577,1.199,1.199,0,0,0.681,0.681,0,-0.255,-0.255,1.73,1.73,0.835,-0.24,1.806,0,0,-0.396,-0.396,2.204,0,-0.209,-0.209,1.694,0,0.737,0.737,1.585,0,0,0,-0.233,-0.233,1.182,0.199,0.199,1.49,0,-0.343,-1.56,-0.148,-1.85,-1.85,0.434,2.08,0.181,0.181,2.505,0,0.891,0.891,0,-0.045,-0.045,3.402,3.402,0,0,0.213,2.058,0,0,0,0,0,0,0,0,-0.698,1.393,1.393,0.436,0.436,1.301,1.301,-0.758,-0.758,0.849,0.849,-0.772,-0.772,0.824,0.824,0,0,-0.274,1.512,1.512,0.219,0.219,1.038,0,0,-0.083,1.588,1.588,-0.369,-0.369,1.174,1.174,0,0,0,-0.519,-0.519,1.696,0,0,0,-0.661,0.779,0.779,0.21,0.21,0,0,0,-0.488,-0.488,0,1.066,2.24,2.24,0,0.03,0.03,1.867,0,0,0,0,0.166,1.42,1.42,0,0,0,0,0,0,0,0,0,0,0,0,0,0,0,0,-0.626,1.544,1.544,0,0,-0.516,-0.516,0,0,0.494,0.494,0,0,0,0,0.424,0,0,0,0,0,0,0,-0.264,1.947,0,0.076,0.076,0,0,0,0,-0.644,-0.644,1.104,1.104,0,0,0,-0.181,1.593,1.593,0,-0.248,-0.248,1.51,-0.81,-0.81,1.307,0,0,0,0,0,0,0,0,0,0,0,0,0,0,0,0,0,0,0,0,0,0,0,0,0,0,0,0,0,0,0,0,0,0,0,0,0,0,0,0,0,0,0,0,0,0,0,0,0,0,0,0,0,0,0,0,0,0,0,0,0,0,0,0,0,0,0,0,0,0,0,0,0,0,0,0,0,0,0,0,0,0,0,0,0,0,0,0,0,0,0,0,0,0,0,0,0,0,0,0,0,0,0,0,0,0,0,0,0,0,0,0,0,0,0,0,0,0,0,0,0,0,0,0,0,0,0,0,0,0,0,0,0,0,0,0,0,0,0,0,0,0,0,0,0,0,0,0,0,0,0,0,0,0,0,0,0,0,0,0,0,0,0,0,0,0,0,0,0,0,0,0,0,0,0,0,0,0,0,0,0,0,0,0,0,0,0,0,0,0,0,0,0,0,0,0,0,0,0,0,0,0,0,0,0,0,0,0,0,0,0,0,0,0,0,0,0,0,0,0,0,0,0,0,0,0,0,0,0,0,0,0,0,0,0,0,0,0,0,0,0,0,0,0,0,0,0,0,0,0,0,0,0,0,0,0,0,0,0,0,0,0,0,0,0,0,0,0,0,0,0,0,0,0,0,0,0,0,0,0,0,0,0,0,0,0,0,0,0,0,0,0,0,0,0,0,0,0,0,0,0,0,0,0,0,0,0,0,0,0,0,0,0,0,0,0,0,0,0,0,0,0,0,0,0,0,0,0,0,0,0,0,0,0,0,0,0,0,0,0,0,0,0,0,0,0,0,0,0,0,0,0,0,0,0,0,0,0,0,0,0,0,0,0,0,0,0,0,0,0,0,0,0,0,0,0,0,0,0,0,0,0,0,0,0,0,0,0,0,0,0,0,0,0,0,0,0,0,0,0,0,0,0,0,0,0,0,0,0,0,0,0,0,0,0,0,0,0,0,0,0,0,0,0,0,0,0,0,0,0,0,0,0,0,0,0,0,0,0,0,0,0,0,0,0,0,0,0,0,0
OfficeOutlets_Re,0,0,0,0,0,0,0,0,0,0,0,76.929,74.965,75.903,77.615,75.358,76.538,75.121,79.408,76.349,76.349,77.851,76.532,76.465,76.237,76.058,78.992,74.103,76.309,76.309,75.772,75.772,76.843,76.795,76.89,76.89,0,76.825,77.8,77.8,76.382,75.092,78.608,74.527,74.527,0,78.848,78.814,76.427,75.736,75.419,73.151,0,76.095,74.812,75.635,74.309,77.095,73.333,75.782,74.548,73.723,71.762,73.379,73.379,72.621,73.741,73.741,73.418,72.654,74.36,73.773,73.991,72.756,72.421,73.721,71.809,74.461,72.915,75.162,73.64,73.178,73.339,76.191,76.22,72.739,73.214,11.898,11.319,10.002,10.965,9.466,9.406,11.405,10.035,11.94,9.285,9.385,9.382,0,10.648,10.623,10.765,10.6,9.492,0,0,0,10.539,12.579,14.719,0,0,0,0,15.971,17.944,14.754,0,0,0,0,0,0,0,0,0,0,0,0,0,17.614,14.355,14.757,13.628,13.57,15.307,0,0,0,0,0,0,0,0,0,0,0,0,0,14.943,13.674,15.001,13.818,0,0,0,12.533,12.533,0,13.19,13.427,14.534,15.086,15.88,16.15,15.701,14.884,16.81,15.655,17.518,16.274,16.569,15.153,14.853,16.432,14.867,15.414,14.864,16.909,16.557,14.906,15.374,14.751,16.57,17.08,15.732,14.493,1010.497,1020.059,1021.936,1009.872,462.796,991.388,14.468,15.475,14.238,14.203,0,1608.156,1033.737,14.942,13.145,14.024,14.165,14.072,0,1134.055,969.739,13.857,13.857,0,0,16.13,15.904,14.71,13.624,0,15.221,14.061,0,0,16.885,14.019,14.279,14.275,15.344,14.93,14.975,15.038,13.743,13.743,0,14.69,13.474,13.303,0,16.001,13.024,14.446,13.013,0,0,14.435,13.245,0,0,0,14.442,13.156,0,0,0,0,0,0,0,0,16.415,13.157,0,0,0,0,0,0,0,0,0,0,14.124,12.906,15.259,14.172,15.3,13.163,14.397,14.336,14.41,25.867,25.01,0,0,0,26.815,25.412,0,0,0,26.055,26.055,0,0,0,28.415,25.662,0,0,25.712,24.394,0,0,0,0,0,0,26.153,24.93,24.622,29.037,25.821,24.938,24.597,25.731,25.696,26.958,26.84,25.159,27.388,26.031,0,0,0,0,26.867,27.153,25.826,24.993,25.151,26.164,25.59,0,26.151,24.77,0,0,27.311,24.787,24.832,0,0,26.168,26.098,0,27.853,25.881,0,26.373,27.237,25.976,26.645,22.331,21.352,20.066,21.909,20.701,18.925,18.776,0,0,0,0,17.656,16.26,16.241,17.934,16.539,17.705,15.699,14.197,18.587,15.897,16.321,15.019,15.1,16.211,14.951,0,16.167,16.335,14.074,0,16.017,14.81,0,15.061,13.885,14.624,13.422,0,14.145,14.007,0,16.033,14.612,0,15.024,13.703,13.762,13.633,0,14.195,14.617,0,0,0,0,0,0,13.741,13.558,0,13.819,15.253,0,0,0,0,0,0,13.374,13.418,0,14.595,14.699,13.413,0,0,0,16.208,15.649,14.843,14.521,14.699,14,14,0,0,15.204,14.027,15.323,14.801,14.939,13.375,15.39,14.731,13.74,15.187,15.128,13.747,14.099,15.944,13.794,0,0,15.393,13.857,0,15.616,14,13.705,13.705,0,0,15.084,13.832,0,15.511,16.841,17.495,14.86,16.085,13.715,0,0,0,15.898,15.876,13.928,15.179,14.368,14.093,16.118,14.166,15.913,14.036,0,15.995,13.551,14.989,0,14.186,15.458,15.363,13.983,0,0,15.176,14.126,0,16.375,16.316,14.58,0,0,14.538,14.538,15.079,14.529,18.358,15.279,16.748,15.297,0,0,0,0,0,0,0,0,0,0,0,0,0,0,0,0,0,0,0,0,0,0,0,0,0,0,0,0,0,0,0,0,0,0,0,0,0,0,0,0,0,0,0,0,0,0,0,0,0,0,0,0,0,0,0,0,0,0,0,0,0,0,0,0,0,0,0,0,0,0,0,0,0,0,0,0,0,0,0,0,0,0,0,0,0,0,0,0,0,0,0,0,0,0,0,0,0,0,0,0,0,0,0,0,0,0,0,0,0,0,0,0,0,0,0,0,0,0,0,0,0,0,0,0,0,0,0,0,0,0,0,0,0,0,0,0,0,0,0,0,0,0,0,0,0,0,0,0,0,0,0,0,0,0,0,0,0,0,0,0,0,0,0,0,0,0,0,0,0,0,0,0,0,0,0,0,0,0,0,0,0,0,0,0,0,0,0,0,0,0,0,0,0,0,0,0,0,0,0,0,0,0,0,0,0,0,0,0,0,0,0,0,0,0,0,0,0,0,0,0,0,0,0,0,0,0,0,0,0,0,0,0,0,0,0,0,0,0,0,0,0,0,0,0,0,0,0,0,0,0,0,0,0,0,0,0,0,0,0,0,0,0,0,0,0,0,0,0,0,0,0,0,0,0,0,0,0,0,0,0,0,0,0,0,0,0,0,0,0,0,0,0,0,0,0,0,0,0,0,0,0,0,0,0,0,0,0,0,0,0,0,0,0,0,0,0,0,0,0,0,0,0,0,0,0,0,0,0,0,0,0,0,0,0,0,0,0,0,0,0,0,0,0,0,0,0,0,0,0,0,0,0,0,0,0,0,0,0,0,0,0,0,0,0,0,0,0,0,0,0,0,0,0,0,0,0,0,0,0,0,0,0,0,0,0,0,0,0,0,0,0,0,0,0,0,0,0,0,0,0,0,0,0,0,0,0,0,0,0,0,0,0,0,0,0,0,0,0,0,0,0,0,0,0,0,0,0,0,0,0,0,0,0,0,0,0,0,0,0,0,0,0,0,0,0,0,0
LivingRoomOutlets_Re,0,0,0,0,0,0,0,0,0,0,0,70.193,71.739,74.357,70.061,71.3,72.809,70.078,72.297,73.382,71.605,0,0,71.071,72.573,0,72.598,72.185,70.756,70.901,69.426,70.551,70.731,70.943,70.944,70.533,71.33,71.458,71.875,70.899,71.162,71.84,69.524,71.406,71.406,0,72.412,73.227,71.026,72.215,72.205,71.194,0,0,71.317,71.317,69.615,69.6,70.787,70.787,71.346,69.862,70.804,69.866,69.866,69.781,0,0,69.987,69.903,69.906,68.848,69.537,69.435,69.663,70.331,71.337,72.019,71.083,71.082,70.552,70.768,71.385,70.07,71.84,72.583,70.672,70.811,0,0,0,0,70.436,70.39,72.115,72.811,71.315,71.432,69.835,71.781,71.891,71.891,0,0,0,72.209,72.209,0,0,0,69.245,70.453,71.445,71.046,71.803,70.463,68.418,70.813,70.845,70.148,68.4,68.332,67.279,69.641,68.532,67.915,67.915,69.557,69.557,0,67.95,69.779,69.854,69.854,0,67.895,67.895,69.782,69.782,68.313,68.313,68.236,69.533,0,0,0,0,0,0,0,69.549,67.4,67.39,68.441,69.265,70.525,68.665,68.184,70.28,69.518,70.716,69.585,969.729,1146.45,1182.486,1136.356,73.672,634.597,1095.533,1110.402,1134.157,1122.344,1096.142,1023.393,1100.162,1114.932,1107.479,1113.142,1098.933,1089.608,71.194,68.153,68.59,0,64.852,66.504,66.504,68.693,68.612,69.143,69.382,67.97,69.131,67.772,68.771,68.892,67.718,68.885,68.997,68.062,67.334,67.432,68.949,67.753,69.307,69.164,68.688,69.489,68.65,68.893,68.893,0,67.125,68.515,68.264,0,0,0,0,0,0,0,71.67,70.316,71.478,69.38,71.367,69.784,0,0,0,0,70.147,69.046,67.99,70.094,68.859,69.915,70.585,69.656,70.178,68.974,69.911,68.439,69.631,68.635,68.865,68.889,0,0,0,0,0,68.782,69.894,0,0,70.047,70.047,69.733,0,0,0,70.632,70.632,69.115,0,0,0,0,0,67.998,67.998,68.298,71.705,70.224,69.18,70.116,69.943,68.623,67.928,67.173,68.469,69.556,67.389,68.482,69.572,69.635,70.113,68.364,68.364,70.636,70.553,68.392,69.998,69.159,69.159,0,0,0,0,0,0,0,0,0,0,0,0,69.388,68.24,70.939,70.634,70.152,69.774,68.601,71.242,71.123,68.164,67.713,69.803,69.821,69.588,68.317,69.219,67.717,68.832,68.938,69.811,71.401,67.589,69.317,70.032,0,0,0,70.274,71.708,70.74,0,0,68.687,68.284,0,69.805,70.411,70.687,70.687,67.805,67.805,70.806,70.267,69.612,69.612,69.239,71.435,68.396,70.215,68.676,69.444,67.301,69.261,69.087,70.044,70.941,70.273,69.171,69.09,71.038,71.164,71.498,69.792,0,0,71.726,71.651,0,70.13,69.645,71.266,70.874,0,68.475,68.475,70.288,69.208,72.185,69.727,0,0,71.85,71.87,68.302,68.302,70.089,69.502,69.27,69.363,71.957,70.736,70.71,68.546,69.866,69.843,69.656,70.45,69.822,68.767,69.335,70.952,70.336,69.853,71.424,69.73,0,0,0,0,0,0,73.014,70.221,68.332,68.332,69.809,0,0,0,0,69.987,71.089,68.111,68.111,69.965,69.999,0,69.009,69.009,69.486,69.302,68.244,68.156,68.633,69.547,70.001,69.95,70.572,68.876,69.389,69.478,68.776,84.576,117.78,0,0,121.09,118.72,117.162,119.543,115.688,0,113.279,113.279,114.391,111.038,111.038,0,112.863,113.104,110.63,109.115,110.726,110.591,0,0,108.936,108.936,110.449,110.449,109.595,113.697,111.99,118.559,117.41,113.866,115.397,113.907,105.697,117.597,100.469,99.673,101.064,100.596,99.429,99.429,96.602,95.354,95.354,94.777,0,92.19,92.425,90.58,0,0,87.918,87.918,87.289,87.619,94.654,126.63,124.611,123.26,0,0,0,0,0,0,0,0,0,0,0,0,0,0,0,0,0,0,0,0,0,0,0,0,0,0,0,0,0,0,0,0,0,0,0,0,0,0,0,0,0,0,0,0,0,0,0,0,0,0,0,0,0,0,0,0,0,0,0,0,0,0,0,0,0,0,0,0,0,0,0,0,0,0,0,0,0,0,0,0,0,0,0,0,0,0,0,0,0,0,0,0,0,0,0,0,0,0,0,0,0,0,0,0,0,0,0,0,0,0,0,0,0,0,0,0,0,0,0,0,0,0,0,0,0,0,0,0,0,0,0,0,0,0,0,0,0,0,0,0,0,0,0,0,0,0,0,0,0,0,0,0,0,0,0,0,0,0,0,0,0,0,0,0,0,0,0,0,0,0,0,0,0,0,0,0,0,0,0,0,0,0,0,0,0,0,0,0,0,0,0,0,0,0,0,0,0,0,0,0,0,0,0,0,0,0,0,0,0,0,0,0,0,0,0,0,0,0,0,0,0,0,0,0,0,0,0,0,0,0,0,0,0,0,0,0,0,0,0,0,0,0,0,0,0,0,0,0,0,0,0,0,0,0,0,0,0,0,0,0,0,0,0,0,0,0,0,0,0,0,0,0,0,0,0,0,0,0,0,0,0,0,0,0,0,0,0,0,0,0,0,0,0,0,0,0,0,0,0,0,0,0,0,0,0,0,0,0,0,0,0,0,0,0,0,0,0,0,0,0,0,0,0,0,0,0,0,0,0,0,0,0,0,0,0,0,0,0,0,0,0,0,0,0,0,0,0,0,0,0,0,0,0,0,0,0,0,0,0,0,0,0,0,0,0,0,0,0,0,0,0,0,0,0,0,0,0,0,0,0,0,0,0,0,0,0,0,0,0,0,0,0,0,0,0,0,0,0,0,0,0,0,0,0,0,0,0,0,0,0,0,0,0,0,0,0,0,0,0,0,0,0,0,0,0,0,0,0,0,0,0,0,0,0,0,0,0,0,0,0,0,0,0,0,0,0,0
GuestBathOutlets_Re,0,0,0,0,0,0,0,0,0,0,0,0.581,-0.901,0.634,0.634,0,0,0,-0.375,-0.375,0,0,0,-0.789,-0.789,0.309,0,-1.185,-1.185,0,0,0.447,0.447,-0.533,-0.533,0.619,-0.44,-0.44,0.472,0.472,-0.515,-0.515,0.599,-0.455,-0.455,0.562,0.562,-0.906,-0.906,0,-0.943,-0.943,0,0,-0.355,-0.355,0,0,-0.693,-0.693,0,-0.815,-0.815,0.703,0.703,-0.274,0.752,0.752,-0.593,-0.593,0.784,0.784,0,0,0,-0.856,-0.856,0,0,0,-0.432,-0.432,0.781,0.781,-1.024,-1.024,0,0.483,0.483,-0.973,-0.973,0,0,0,-0.531,-0.531,0,0.292,0.292,-1.361,-1.361,0,0,0.492,0.492,-1.191,-1.191,0,0,0,-0.773,-0.773,0,0,0.41,0.41,-0.611,-0.611,0,0,0.525,0.525,-1.049,-1.049,0,0.328,0.328,-1.153,-1.153,0,0.495,0.495,-0.949,-0.949,0,0.086,0.086,0,0,0.155,0.155,-1.043,-1.043,0,0,0,-0.684,-0.684,0,0,0.008,0.008,0,0,0,-0.074,-0.074,-1.11,-1.11,0,0,0,0,0,0,0,0,0,-0.2,-0.2,-1.491,-1.491,0,0,0,0,0,0,0,0.089,0.089,0,0,0,0,0,0,0,0,0,0,0,0,0,0,0,0,0,0,0,0,0,0,0,0,0,0,0,0,0,0,0,0.788,0.788,-0.832,-0.832,0,0,0,0,0,0,0,0,0,0,0,0,0,0,-0.136,-0.136,-1.356,-1.356,0,0,0,0,0,0,0,-0.771,-0.771,0,0,0,0,0,0,0,0,0,0,-1.292,-1.292,0.131,0.131,-0.85,-0.85,0,0,0,0,0,0,0,0,0,0,0,0.192,0.192,-0.907,-0.907,0,0,0,0,0,0.478,0.478,-1.328,-1.328,0.479,0.479,-0.74,-0.74,0,0,0.358,0.358,0,0,-0.004,-0.004,-0.987,-0.987,0,0.256,0.256,-0.756,-0.756,0,-0.092,-0.092,-1.261,-1.261,0,-0.263,-0.263,-1.151,-1.151,-0.309,-0.309,-0.74,-0.74,0,0.239,0.239,-1.415,-1.415,0,0,0.097,0.097,-1.185,-1.185,0,0,0.18,0.18,-0.901,-0.901,0,0.531,0.531,-0.954,-0.954,0,0,0.488,0.488,0,0,0,0,0,0,0.462,0.462,0,0,-0.157,-0.157,-1.304,-1.304,0,0,0,0.521,0.521,-1.118,-1.118,0,0,0.223,0.223,-0.909,-0.909,0.205,0.205,-0.572,-0.572,0,0,0,0,0.275,-0.621,-0.621,0,0,0.132,0.132,-1.42,-1.42,0,0,0,0,0,0,0.303,0.303,-0.666,-0.666,0,0,0,0,0,0,0,0,0,0,0,0,0,0,0,0,0,0,0,0,0,0,0,0,0,0.412,0.412,0,0,0,0,0,0,0,0,0.469,0.469,-0.887,-0.887,0,0,0,0,0,0.617,0.617,-1.131,-1.131,0,0,0,0,0,0,0,0,0,0,0,0,0,0,0,0,0,0,0,0,0,0,0,0,0,-0.011,-0.011,-1.45,-1.45,0,0,0.468,0.468,-1.079,-1.079,0,0,0,0,0,0,0,0,0,0,0,0,0,0,0,0,-0.176,-0.176,-0.79,-0.79,0,-0.386,-0.386,0,0,0,0.341,0.341,0,0,0,0,0,0,0,0,0,0,0,0,0,0,0,0,0,0,0,0,0,0,0,0,0,0,0,0,0,0,0,0,0,0,0,0,0,0,0,0,0,0,0,0,0,0,0,0,0,0,0,0,0,0,0,0,0,0,0,0,0,0,0,0,0,0,0,0,0,0,0,0,0,0,0,0,0,0,0,0,0,0,0,0,0,0,0,0,0,0,0,0,0,0,0,0,0,0,0,0,0,0,0,0,0,0,0,0,0,0,0,0,0,0,0,0,0,0,0,0,0,0,0,0,0,0,0,0,0,0,0,0,0,0,0,0,0,0,0,0,0,0,0,0,0,0,0,0,0,0,0,0,0,0,0,0,0,0,0,0,0,0,0,0,0,0,0,0,0,0,0,0,0,0,0,0,0,0,0,0,0,0,0,0,0,0,0,0,0,0,0,0,0,0,0,0,0,0,0,0,0,0,0,0,0,0,0,0,0,0,0,0,0,0,0,0,0,0,0,0,0,0,0,0,0,0,0,0,0,0,0,0,0,0,0,0,0,0,0,0,0,0,0,0,0,0,0,0,0,0,0,0,0,0,0,0,0,0,0,0,0,0,0,0,0,0,0,0,0,0,0,0,0,0,0,0,0,0,0,0,0,0,0,0,0,0,0,0,0,0,0,0,0,0,0,0,0,0,0,0,0,0,0,0,0,0,0,0,0,0,0,0,0,0,0,0,0,0,0,0,0,0,0,0,0,0,0,0,0,0,0,0,0,0,0,0,0,0,0,0,0,0,0,0,0,0,0,0,0,0,0,0,0,0,0,0,0,0,0,0,0,0,0,0,0,0,0,0,0,0,0,0,0,0,0,0,0,0,0,0,0,0,0,0,0,0,0,0,0,0,0,0,0,0,0,0,0,0,0,0,0,0,0,0,0,0,0,0,0,0,0,0,0,0,0,0,0,0,0,0,0,0,0,0,0,0,0,0,0,0,0,0,0,0,0,0,0,0,0,0,0,0,0,0,0,0,0,0,0,0,0,0,0
MasterBathOutlets_Re,0,0,0,0,0,0,0,0,0,0,0,2.034,4.24,1.955,1.955,4.044,4.044,0,3.537,3.537,1.942,1.942,0,4.109,4.109,2.273,0,4.661,3.535,0,3.596,3.596,2.175,3.28,3.28,1.945,3.146,3.146,2.131,2.131,3.28,3.28,2.002,3.742,3.742,2.041,2.041,4.088,4.088,0,4.016,4.016,2.435,2.435,3.473,3.473,2.374,0,3.815,2.206,2.206,4.13,3.113,1.82,1.82,3.288,1.689,1.689,3.625,3.625,1.47,1.47,2.62,2.62,2.291,2.291,3.942,0,1.653,1.653,3.512,3.512,1.32,1.32,4.205,4.205,0,2.152,2.152,4.325,4.325,0,2.115,2.115,3.762,3.762,0,2.292,2.292,4.731,3.538,0,0,2.083,2.083,4.664,3.615,0,0,2.255,2.255,4.03,0,0,2.254,2.254,3.821,3.821,0,0,2.082,2.082,4.094,4.094,0,2.32,2.32,4.549,3.501,0,2.143,2.143,4.439,4.439,0,2.627,2.627,0,0,2.568,2.568,4.42,4.42,0,2.302,2.302,4.007,4.007,0,0,3.016,3.016,3.647,3.647,0,2.717,2.717,4.923,4.923,0,0,0,0,0,0,0,5.87,5.87,2.971,2.971,5.233,5.233,0,0,0,0,0,0,0,2.849,2.849,0,0,0,1296.266,1003.64,974.977,3.67,3.67,0,0,0,0,0,0,0,0,0,0,0,0,0,4.499,4.499,0,0,0,0,0,0,0,0,1.539,1.539,4.477,4.477,0,0,0,0,0,0,0,0,0,0,0,0,0,0,2.956,2.956,4.709,4.709,0,0,0,0,0,0,3.2,4.158,4.158,0,0,0,0,0,0,0,0,2.304,2.304,4.777,4.777,2.939,2.939,4.279,4.279,0,0,0,0,0,0,0,0,0,0,0,2.734,2.734,4.275,4.275,0,0,0,0,0,2.065,2.065,4.611,4.611,2.047,2.047,4.008,4.008,0,0,2.311,2.311,4.219,4.219,2.734,2.734,4.193,4.193,0,2.546,2.546,3.975,3.975,0,3.016,3.016,4.408,4.408,0,3.254,3.254,4.55,4.55,3.157,3.157,4.159,4.159,0,2.665,2.665,4.769,4.769,0,0,2.848,2.848,4.544,4.544,0,0,2.792,2.792,4.092,4.092,0,2.025,2.025,4.559,4.559,0,0,2.06,2.06,3.258,3.258,0,0,0,0,2.17,2.17,5.133,5.133,3.325,3.325,4.283,4.283,0,0,0,1.959,1.959,4.59,4.59,0,0,2.788,2.788,3.995,3.995,4.997,2.39,3.863,3.863,0,0,0,0,2.395,3.955,3.955,0,0,2.548,2.548,5.198,4.04,0,0,0,0,0,0,2.285,2.285,3.885,3.885,0,0,0,0,0,0,0,0,0,0,0,0,0,0,0,0,0,0,0,0,0,0,0,0,0,2.205,2.205,4.346,4.346,0,0,0,0,0,0,2.104,2.104,4.184,4.184,0,0,0,0,0,1.737,1.737,4.214,4.214,0,0,0,0,0,0,0,0,0,0,0,0,0,0,0,0,0,0,0,0,0,0,0,0,0,2.755,2.755,5.164,5.164,0,0,2.036,2.036,4.343,4.343,0,0,0,0,0,5.152,5.152,0,0,0,0,0,0,0,0,0,3.018,3.018,4.114,4.114,0,3.529,3.529,3.751,3.751,0,2.688,2.688,0,0,0,0,0,0,0,0,0,0,0,0,0,0,0,0,0,0,0,0,0,0,0,0,0,0,0,0,0,0,0,0,0,0,0,0,0,0,0,0,0,0,0,0,0,0,0,0,0,0,0,0,0,0,0,0,0,0,0,0,0,0,0,0,0,0,0,0,0,0,0,0,0,0,0,0,0,0,0,0,0,0,0,0,0,0,0,0,0,0,0,0,0,0,0,0,0,0,0,0,0,0,0,0,0,0,0,0,0,0,0,0,0,0,0,0,0,0,0,0,0,0,0,0,0,0,0,0,0,0,0,0,0,0,0,0,0,0,0,0,0,0,0,0,0,0,0,0,0,0,0,0,0,0,0,0,0,0,0,0,0,0,0,0,0,0,0,0,0,0,0,0,0,0,0,0,0,0,0,0,0,0,0,0,0,0,0,0,0,0,0,0,0,0,0,0,0,0,0,0,0,0,0,0,0,0,0,0,0,0,0,0,0,0,0,0,0,0,0,0,0,0,0,0,0,0,0,0,0,0,0,0,0,0,0,0,0,0,0,0,0,0,0,0,0,0,0,0,0,0,0,0,0,0,0,0,0,0,0,0,0,0,0,0,0,0,0,0,0,0,0,0,0,0,0,0,0,0,0,0,0,0,0,0,0,0,0,0,0,0,0,0,0,0,0,0,0,0,0,0,0,0,0,0,0,0,0,0,0,0,0,0,0,0,0,0,0,0,0,0,0,0,0,0,0,0,0,0,0,0,0,0,0,0,0,0,0,0,0,0,0,0,0,0,0,0,0,0,0,0,0,0,0,0,0,0,0,0,0,0,0,0,0,0,0,0,0,0,0,0,0,0,0,0,0,0,0,0,0,0,0,0,0,0,0,0,0,0,0,0,0,0,0,0,0,0,0,0,0,0,0,0,0,0,0,0,0,0,0,0,0,0,0,0,0,0,0,0,0,0,0,0,0,0,0,0,0,0,0,0,0,0,0,0,0,0,0,0,0,0,0,0,0,0,0,0,0,0,0,0,0,0,0
LivingRoomPatioLights_Re,0,0,0,0,0,0,0,0,0,0,0,4.583,2.153,4.78,4.78,1.952,1.952,4.774,3.412,3.412,4.75,4.75,0,2.406,2.406,4.289,0,1.693,4.626,4.626,2.822,2.822,4.44,3.134,3.134,4.714,3.324,3.324,4.551,4.551,3.142,3.142,4.616,2.683,2.683,4.495,4.495,2.271,2.271,3.726,2.425,3.453,4.233,4.233,3.117,3.117,4.332,0,2.692,4.42,4.109,2.319,3.351,4.895,4.895,3.446,5.339,5.339,3.259,3.259,5.643,5.643,4.183,4.183,4.858,6.216,2.468,3.964,5.202,5.202,3.23,3.23,5.838,5.838,2.282,3.475,0,4.335,4.335,1.936,1.936,0,4.353,4.353,2.936,2.936,0,4.306,4.306,1.684,2.985,0,0,4.517,4.517,1.647,2.758,0,0,4.209,4.209,2.188,0,0,4.365,4.365,2.516,2.516,0,0,4.457,4.457,2.22,2.22,0,4.204,4.204,1.69,2.821,0,4.405,4.405,1.887,1.887,0,3.885,3.885,2.979,2.979,3.819,3.819,1.819,1.819,0,4.196,4.196,2.267,2.267,0,0,3.081,3.081,2.7,2.7,0,3.711,3.711,1.856,1.856,0,0,0.015,0.38,0.146,0.177,2.288,0.841,0.529,1.976,2.139,0.087,0.087,0,0,0,0,0,0,0,3.389,5.462,0,0,0,0.368,0.368,2.22,2.22,3.336,4.333,0,5.348,5.374,4.295,0,0,0,0,0,5.283,5.517,5.247,2.032,2.032,0,0,0,4.708,2.218,2.218,0,0,5.598,5.598,1.533,1.533,0,0,0,0,0,0,0,0,0,0,0,0,0,0,3.452,3.452,1.43,1.43,0,0,0,0,0,0,3.106,2.139,2.139,0,0,0,0,0,0,0,0,2.762,4.256,1.373,1.373,3.159,3.159,1.982,1.982,0,0,0,0,0,0,0,0,0,0,0,3.345,3.345,1.968,1.968,1.869,1.869,0,0,0,4.72,4.72,1.476,1.476,4.391,4.391,2.271,2.271,0,0,4.318,4.318,1.512,1.512,3.655,3.655,2.021,2.021,0,3.457,3.457,2.253,2.253,0,2.893,2.893,1.728,1.728,0,2.683,3.318,1.576,1.576,3.28,3.28,2.059,2.059,0,3.358,3.358,1.71,1.71,0,0,3.227,3.227,1.648,1.648,0,0,3.283,3.283,2.079,0.793,0.793,4.463,4.463,1.246,1.246,0,0,2.799,4.388,3.08,0.879,0,0,1.672,1.672,4.235,4.235,0.772,1.179,2.675,2.675,1.861,1.861,0.898,0.898,0,4.512,4.512,1.137,1.137,0,0,4.462,4.462,2.774,2.774,1.125,4.192,2.428,2.428,0,0,0,0,4.123,2.319,2.319,1.005,0,3.864,3.864,0.55,2.094,0,0,0,0,0,0,4.136,4.136,2.382,2.382,0,0,0,0,0,0,0,0,0,0,0,0,0,0,0,0,0,0,0,0,0,0,0,0,0,4.25,4.25,1.486,1.486,0,0,0,0.642,0.642,0,4.403,4.608,2.06,2.06,0,0,0,0,0,4.944,4.944,2.05,2.05,0,0,0,0,0,0,0,2.866,1.79,0,0,0,0,0,0,0,0,0,0,0,0,0,0,0,0,3.581,3.581,0.892,0.892,0,0,4.343,3.333,1.738,1.738,2.126,2.126,0,0,0,0.786,1.805,0,0,0,0,0,0,0,0,0,3.127,4.199,2.174,2.174,0,2.429,2.429,2.505,2.505,0,3.307,98.795,97.788,97.788,0,100.773,100.786,0,0,0,0,0,0,0,0,0,0,0,0,0,0,0,0,0,0,0,0,0,0,0,0,0,0,0,0,0,0,0,0,0,0,0,0,0,0,0,0,0,0,0,0,0,0,0,0,0,0,0,0,0,0,0,0,0,0,0,0,0,0,0,0,0,0,0,0,0,0,0,0,0,0,0,0,0,0,0,0,0,0,0,0,0,0,0,0,0,0,0,0,0,0,0,0,0,0,0,0,0,0,0,0,0,0,0,0,0,0,0,0,0,0,0,0,0,0,0,0,0,0,0,0,0,0,0,0,0,0,0,0,0,0,0,0,0,0,0,0,0,0,0,0,0,0,0,0,0,0,0,0,0,0,0,0,0,0,0,0,0,0,0,0,0,0,0,0,0,0,0,0,0,0,0,0,0,0,0,0,0,0,0,0,0,0,0,0,0,0,0,0,0,0,0,0,0,0,0,0,0,0,0,0,0,0,0,0,0,0,0,0,0,0,0,0,0,0,0,0,0,0,0,0,0,0,0,0,0,0,0,0,0,0,0,0,0,0,0,0,0,0,0,0,0,0,0,0,0,0,0,0,0,0,0,0,0,0,0,0,0,0,0,0,0,0,0,0,0,0,0,0,0,0,0,0,0,0,0,0,0,0,0,0,0,0,0,0,0,0,0,0,0,0,0,0,0,0,0,0,0,0,0,0,0,0,0,0,0,0,0,0,0,0,0,0,0,0,0,0,0,0,0,0,0,0,0,0,0,0,0,0,0,0,0,0,0,0,0,0,0,0,0,0,0,0,0,0,0,0,0,0,0,0,0,0,0,0,0,0,0,0,0,0,0,0,0,0,0,0,0,0,0,0,0,0,0,0,0,0,0,0,0,0,0,0,0,0,0,0,0,0,0,0,0,0,0,0,0,0,0,0,0,0,0,0,0,0,0,0,0,0,0,0,0,0,0,0,0,0,0,0,0,0,0,0,0,0,0,0,0,0,0,0,0,0,0,0,0,0,0,0,0,0,0,0,0,0
GuestBathHallLights_Re,0,0,0,0,0,0,0,0,0,0,0,5.682,5.682,5.465,5.547,0,0,0,5.569,5.388,0,0,0,5.582,5.729,0,0,0,0,0,0,0,0,0,0,0,0,0,0,0,0,0,0,0,0,0,7.374,7.374,5.756,55.646,106.836,106.673,0,0,0,0,0,0,0,0,106.281,106.281,0,0,0,0,0,0,143.081,139.698,137.872,140.625,142.398,141.093,141.858,6.472,125.674,144.041,142.609,142.809,142.706,145.017,145.089,145.3,23.888,5.336,5.361,0,0,0,0,0,0,0,6.604,6.896,5.591,0,0,0,0,0,0,0,0,0,0,0,0,0,0,0,0,0,0,0,6.466,5.433,0,0,0,0,0,0,0,0,0,0,0,0,0,0,0,0,0,0,0,0,0,0,0,0,0,0,0,0,0,0,0,0,0,0,0,0,0,0,0,0,0,0,0,6.646,6.472,6.59,5.357,6.472,5.476,7.137,5.707,7.204,6.885,5.691,5.9,191.622,192.343,190.802,288.304,289.52,287.864,289.881,291.747,290.917,291.132,293.34,289.091,287.562,287.562,289.734,293.097,292.21,290.207,291.708,285.915,291.154,288.538,290.612,287.377,289.238,288.395,290.145,290.189,287.386,289.663,288.278,288.207,349.11,351.079,352.168,352.318,352.905,351.089,349.523,348.527,348.527,163.183,164.749,0,0,0,0,0,0,165.515,165.515,0,0,121.733,6.14,0,0,0,0,0,0,0,0,0,0,0,0,0,0,0,0,0,0,0,0,0,0,0,0,0,0,0,0,0,0,0,0,0,0,0,0,0,0,0,0,0,0,0,0,0,0,0,0,0,0,5.659,5.243,5.452,0,0,0,0,0,0,0,0,0,0,0,0,0,0,0,0,0,0,0,0,0,0,0,0,0,0,0,0,5.609,5.609,5.83,5.83,0,0,5.391,6.768,0,0,0,0,0,0,0,7.302,5.876,0,0,0,6.301,5.989,0,0,0,0,0,0,5.703,5.8,0,0,5.506,5.433,0,0,0,0,0,0,7.296,7.296,5.776,0,0,0,5.277,5.112,5.112,0,0,0,0,0,6.708,5.183,0,0,5.891,5.011,6.424,5.424,0,0,0,5.53,5.543,0,0,6.087,5.683,7.158,0,0,0,0,0,5.504,5.677,0,0,5.429,5.418,0,0,0,0,0,0,6.73,5.399,0,5.288,5.594,0,0,0,0,0,0,7.068,5.677,0,5.601,5.392,0,0,0,0,0,0,7.509,5.859,0,5.569,6.963,0,0,0,0,0,6.326,5.331,0,6.566,7.017,0,0,0,0,0,0,0,6.14,6.581,0,0,0,5.202,6.374,5.232,0,6.577,5.285,0,0,5.478,5.461,0,5.329,5.381,0,0,0,0,0,0,0,0,5.424,5.424,0,7.031,5.697,0,0,0,0,0,6.856,6.723,5.477,5.178,6.27,5.198,0,0,0,6.403,6.878,5.785,0,6.789,6.405,0,0,0,0,5.492,5.492,0,7.047,6.07,5.99,0,0,0,5.714,5.714,5.741,6.877,7.248,5.759,0,0,0,0,0,0,0,0,0,0,0,0,0,0,0,0,0,0,0,0,0,0,0,0,0,0,0,0,0,0,0,0,0,0,0,0,0,0,0,0,0,0,0,0,0,0,0,0,0,0,0,0,0,0,0,0,0,0,0,0,0,0,0,0,0,0,0,0,0,0,0,0,0,0,0,0,0,0,0,0,0,0,0,0,0,0,0,0,0,0,0,0,0,0,0,0,0,0,0,0,0,0,0,0,0,0,0,0,0,0,0,0,0,0,0,0,0,0,0,0,0,0,0,0,0,0,0,0,0,0,0,0,0,0,0,0,0,0,0,0,0,0,0,0,0,0,0,0,0,0,0,0,0,0,0,0,0,0,0,0,0,0,0,0,0,0,0,0,0,0,0,0,0,0,0,0,0,0,0,0,0,0,0,0,0,0,0,0,0,0,0,0,0,0,0,0,0,0,0,0,0,0,0,0,0,0,0,0,0,0,0,0,0,0,0,0,0,0,0,0,0,0,0,0,0,0,0,0,0,0,0,0,0,0,0,0,0,0,0,0,0,0,0,0,0,0,0,0,0,0,0,0,0,0,0,0,0,0,0,0,0,0,0,0,0,0,0,0,0,0,0,0,0,0,0,0,0,0,0,0,0,0,0,0,0,0,0,0,0,0,0,0,0,0,0,0,0,0,0,0,0,0,0,0,0,0,0,0,0,0,0,0,0,0,0,0,0,0,0,0,0,0,0,0,0,0,0,0,0,0,0,0,0,0,0,0,0,0,0,0,0,0,0,0,0,0,0,0,0,0,0,0,0,0,0,0,0,0,0,0,0,0,0,0,0,0,0,0,0,0,0,0,0,0,0,0,0,0,0,0,0,0,0,0,0,0,0,0,0,0,0,0,0,0,0,0,0,0,0,0,0,0,0,0,0,0,0,0,0,0,0,0,0,0,0,0,0,0,0,0,0,0,0,0,0,0,0,0,0,0,0,0,0,0,0,0,0,0,0,0,0,0,0,0,0,0,0,0
DiningRoomOutlets_Re,0,0,0,0,0,0,0,0,0,0,0,102.887,741.465,815.79,103.238,497.149,813.018,103.52,508.467,815.742,819.789,103.662,0,676.652,808.342,102.371,103.442,833.568,804.689,102.234,478.443,801.354,102.863,102.837,807.924,102.344,580.891,813.929,825.872,103.793,635.015,814.224,101.119,497.758,817.635,829.624,101.052,743.154,813.451,100.927,100.928,763.343,805.625,99.815,553.11,797.341,100.095,100.772,718.016,799.114,98.351,99.085,802.145,99.203,99.203,675.293,812.826,99.503,98.57,814.134,828.517,98.719,592.107,818.076,850.978,99.087,736.101,826.539,855.265,99.706,98.774,821.844,834.779,100.762,100.961,844.457,829.281,860.304,163.915,748.637,883.029,909.715,928.452,162.44,164.207,888.921,924.822,933.895,163.995,949.654,895.052,905.688,930.054,944.656,163.368,830.397,900.059,927.701,944.265,948.169,163.681,686.623,908.719,943.298,952.364,164.828,165.208,907.295,920.297,950.17,955.791,163.465,339.826,907.316,942.362,952.346,163.054,856.347,898.901,938.091,955.784,165.649,729.594,911.131,945.189,967.4,163.246,404.26,926.082,967.582,162.809,784.978,924.901,946.734,975.018,162.525,620.167,919.166,966.526,984.275,995.011,163.973,163.906,940.491,980.988,981.418,163.759,163.889,930.029,976.205,995.597,1005.642,995.909,1002.567,996.465,994.12,990.203,989.048,982.979,165.275,166.605,970.904,949.19,993.003,1003.721,1021.084,1017.231,1010.473,1006.594,1006.61,163.544,163.185,954.318,995.609,1017.077,1030.741,1023.518,1017.907,1010.86,1009.434,1005.665,1009.375,1012.574,1004.541,1011.242,1014.398,1008.148,1013.579,1010.338,1011.663,1013.736,1017.004,1023.772,1020.404,1020.709,1020.584,1028.793,1028.837,1015.457,1020.166,1028.133,1030.801,1031.318,162.737,164.627,1022.077,1009.778,1034.154,1057.713,1046.877,1048.951,1052.069,1048.031,1047.582,1042.679,1038.657,1034.651,1040.247,1035.679,1032.718,1034.603,164.198,185.299,996.697,1036.741,1060.188,1061.342,1070.845,1056.703,1057.687,1058.776,162.521,957.719,1033.623,1063.542,1065.398,1078.531,1066.828,1069.276,1054.629,1051.225,1058.006,163.052,932.436,996.369,1056.431,162.396,160.443,1053.962,1042.702,1055.167,1077.22,1075.493,1075.204,1070.309,1058.089,1062.952,1061.15,1056.589,1052.518,1041.844,162.508,730.017,1009.074,1059.959,1078.906,1088.92,1099.94,1098.307,1090.64,164.518,162.899,1034.375,1064.902,163.324,665.488,1027.817,1076.783,1094.787,1096.524,164.334,512.297,1089.285,1110.984,164.959,813.105,1094.116,1102.97,1115.984,163.645,694.81,1063.496,1104.013,1111.744,163.081,221.569,1088.283,1090.06,1105.967,163.61,164.955,1069.994,1081.829,165.802,164.544,1070.75,1091.479,1105.387,165.681,165.6,1050.44,1105.52,1110.859,1114.767,164.266,165.139,1068.935,1106.759,1119.633,1120.783,164.044,765.128,1105.203,1113.729,1114.751,164.946,163.966,1070.888,1104.738,1110.019,1129.267,164.667,457.82,1107.642,1111.428,1127.13,1123.291,1138.131,1130.561,164.767,163.611,1061.494,1104.598,163.312,165.07,1046.638,1091.79,1102.885,1107.77,1107.716,165.349,164.93,1063.057,1073.888,1079.359,1082.496,166.748,167.067,1047.078,1060.047,165.788,582.404,1071.67,1052.156,1063.573,1069.233,1064.362,235.371,167.938,962.556,1048.242,1079.626,1095.219,167.284,925.758,1075.065,1107.352,1107.19,1117.144,1129.817,1120.354,1117.413,1105.87,166.535,165.936,1053.604,1101.089,1124.203,1117.076,1132.607,1135.404,1126.583,1119.096,1117.8,1113.909,1110.504,1111.144,1109.408,1097.778,1098.241,1106.359,1101.718,1104.417,1100.904,1098.782,1098.482,1090.785,1083.954,1084.502,1077.532,1094.013,1075.938,164.947,165.681,1041.346,1066.915,1090.018,1097.742,1104.497,1102.483,1103.007,1094.889,162.171,754.201,1064.232,1081.365,1100.885,1098.269,1100.376,1092.439,1077.486,165.616,884.523,1057.78,1071.962,1091.74,1090.575,1089.314,1085.243,1090.477,1078.292,1075.92,1071.062,1073.875,1073.485,1074.267,1071.097,1069.902,1057.795,1066.046,1066.982,1068.254,1072.696,1068.81,1069.685,1064.081,1066.396,1057.495,1066.994,1058.324,165.516,937.396,1039.177,1050.382,1075.497,1072.227,164.224,855.701,1018.766,1047.558,1065.609,1076.359,1072.903,1086.114,1070.361,1059.483,1059.02,1059.997,1045.653,1041.632,1044.219,1044.376,1043.669,1032.742,1041.733,1037.667,166.764,697.319,1027.391,1041.419,1058.733,165.412,583.15,993.81,1044.987,1051.678,11.529,0,11.251,13.117,13.35,11.636,11.557,0,0,0,0,0,0,0,0,0,0,0,0,0,0,0,0,0,0,0,0,0,0,0,0,0,0,0,0,0,0,0,0,0,0,0,0,0,0,0,0,0,0,0,0,0,0,0,0,0,0,0,0,0,0,0,0,0,0,0,0,0,0,0,0,0,0,0,0,0,0,0,0,0,0,0,0,0,0,0,0,0,0,0,0,0,0,0,0,0,0,0,0,0,0,0,0,0,0,0,0,0,0,0,0,0,0,0,0,0,0,0,0,0,0,0,0,0,0,0,0,0,0,0,0,0,0,0,0,0,0,0,0,0,0,0,0,0,0,0,0,0,0,0,0,0,0,0,0,0,0,0,0,0,0,0,0,0,0,0,0,0,0,0,0,0,0,0,0,0,0,0,0,0,0,0,0,0,0,0,0,0,0,0,0,0,0,0,0,0,0,0,0,0,0,0,0,0,0,0,0,0,0,0,0,0,0,0,0,0,0,0,0,0,0,0,0,0,0,0,0,0,0,0,0,0,0,0,0,0,0,0,0,0,0,0,0,0,0,0,0,0,0,0,0,0,0,0,0,0,0,0,0,0,0,0,0,0,0,0,0,0,0,0,0,0,0,0,0,0,0,0,0,0,0,0,0,0,0,0,0,0,0,0,0,0,0,0,0,0,0,0,0,0,0,0,0,0,0,0,0,0,0,0,0,0,0,0,0,0,0,0,0,0,0,0,0,0,0,0,0,0,0,0,0,0,0,0,0,0,0,0,0,0,0,0,0,0,0,0,0,0,0,0,0,0,0,0,0,0,0,0,0,0,0,0,0,0,0,0,0,0,0,0,0,0,0,0,0,0,0,0,0,0,0,0,0,0,0,0,0,0,0,0,0,0,0,0,0,0,0,0,0,0,0,0,0,0,0,0,0,0,0,0,0,0,0,0,0,0,0,0,0,0,0,0,0,0,0,0,0,0,0,0,0,0,0,0,0,0,0,0,0,0,0,0,0,0,0,0,0,0,0,0,0,0,0,0
OutsideOutlets_Re,0,0,0,0,0,0,0,0,0,0,0,0.624,0.624,0,0,0,0,0,0,0,0,0,0,0,0,0,0,0,0,0,0,0,0,0,0,0,0,0,0,0,0,0,0,0,0,0,0,0,0,0,0,0,0,0,0,0,0,0,0,0,1.602,1.602,0,0,0,0,0,0,0,0,0,0,0,0,0,0,0,0,0,0,0,0,0,0,0,0,0,0,0,0,0,0,0,0,0,0,0,0,0,0,0,0,0,0,0,0,0,0,0,0,0,0,0,0,0,0,0,0,0,0,0,0,0,0,0,0,0,0,0,0,0,0,0,0,0,0,0,0,0,0,0,0,0,0,0,0,0,0,0,0,0,0,0,0,0,0,0,0,0,0,0,0,0,0,0,0,1.622,0.497,0,0,0,0,0,0,0,0,0,0,0,0,0,0,0,0,0,0,0,0,0,0,0,0,0,0,0,0,0,0,0,0,0,0,1.555,0.45,0,0,0,0,0,0,0,0,0,0,0,0,0,0,0,0,0,0,0,0,0,0,0,0,0,0,0,0,0,0,0,0,0,1.281,1.281,0,0,0,0,0,0,0,0,0,0,0,0,0,0,0,0,0,0,0,0,0,0,0,0,0,0,0,0,0,0,0,0,0,0,1.779,1.779,0,0,0,0,0,0,0,0,0,0,0,0,0,0,0,0,0,0,0,0,0,0,0,0,0,0,0,0,0,0,0,0,0,0,1.698,0.603,0,0,0,0,0,0,0,0,0,0,0,0,0,0,0,0,0,0,0,0,0,0,0,0,0,0,0,0,0,0,0,0,0,0,0,0,0,0,0,0,0,0,0,0,0,0,0,0,0,0,0,0,0,0,0,0,0,0,1.167,1.167,0,0,0,0,0,0,0,0,0,0,0,0,0,0.465,0.465,0,0,0,0,0,0,0,0,0,0,0,0,0,0,0,0,0,0,0,0,0,0,0,0,0,0,0,0,0,0,0,0,0,0,0,0,0,0,0,0,0,0,0,0,0,0,0,0,0,0,0,0,0,0,0,0,0,0,0,0,0,0,0,0,0,0,0,0,0,0,0,0,0,0,0,0,0,0,0,0,0,0,0,0,0,0,0,0,0,0,0,0,0,0,0,0,0,0,1.335,0.222,0,0,0,0,0,0,0,0,0,0,0,0,0,0,0,0,0,0,0,0,0,0,0,0,0,0,0,0,0,0,0,0,0,0,0,0,0,0,0,0,0,0,0,0,0,0,0,0,0,0,0,0,0,0,0,0,0,0,0,0,0,0,0,0,0,0,0,0,0,0,0,0,0,0,0,0,0,0,0,0,0,0,0,0,0,0,0,0,0,0,0,0,0,0,0,0,0,0,0,0,0,0,0,0,0,0,0,0,0,0,0,0,0,0,0,0,0,0,0,0,0,0,0,0,0,0,0,0,0,0,0,0,0,0,0,0,0,0,0,0,0,0,0,0,0,0,0,0,0,0,0,0,0,0,0,0,0,0,0,0,0,0,0,0,0,0,0,0,0,0,0,0,0,0,0,0,0,0,0,0,0,0,0,0,0,0,0,0,0,0,0,0,0,0,0,0,0,0,0,0,0,0,0,0,0,0,0,0,0,0,0,0,0,0,0,0,0,0,0,0,0,0,0,0,0,0,0,0,0,0,0,0,0,0,0,0,0,0,0,0,0,0,0,0,0,0,0,0,0,0,0,0,0,0,0,0,0,0,0,0,0,0,0,0,0,0,0,0,0,0,0,0,0,0,0,0,0,0,0,0,0,0,0,0,0,0,0,0,0,0,0,0,0,0,0,0,0,0,0,0,0,0,0,0,0,0,0,0,0,0,0,0,0,0,0,0,0,0,0,0,0,0,0,0,0,0,0,0,0,0,0,0,0,0,0,0,0,0,0,0,0,0,0,0,0,0,0,0,0,0,0,0,0,0,0,0,0,0,0,0,0,0,0,0,0,0,0,0,0,0,0,0,0,0,0,0,0,0,0,0,0,0,0,0,0,0,0,0,0,0,0,0,0,0,0,0,0,0,0,0,0,0,0,0,0,0,0,0,0,0,0,0,0,0,0,0,0,0,0,0,0,0,0,0,0,0,0,0,0,0,0,0,0,0,0,0,0,0,0,0,0,0,0,0,0,0,0,0,0,0,0,0,0,0,0,0,0,0,0,0,0,0,0,0,0,0,0,0,0,0,0,0,0,0
CellarLights_Re,0,0,0,0,0,0,0,0,0,0,0,-0.08,-0.08,0,0,0,0,0,0,0,0,0,0,0,0,0,0,0,0,0,0,0,0,0,0,0,0,0,0,0,0,0,0,0,0,0,0,0,0,0,0,0,0,0,0,0,0,0,0,0,0,0,0,0,0,0,0,0,0,0,0,0,0,0,0,0,0,0,0,0,0,0,0,0,0,0,0,0,36.536,40.326,0.077,0,0,0,0,0,0,0,0,0,0,0,0,0,0,0,0,0,29.353,0.057,0,0,0,0,0,0,0,0,0,0,0,0,0,0,0,0,0,0,0,0,0,0,0,0,0,0,0,0,0,0,0,0,0,0,0,0,0,0,0,0,0,0,0,0,0,0,0,0,0,0,0,0,0,0,0,43.436,41.577,41.577,0,0,0,0,0,0,0,0,0,0,0,0,0,0,0,0,0,0,0,0,0,0,0,0,0,23.707,-0.005,0,0,0,0,0,0,0,0,0,0,0,0,0,0,0,0,0,0,0,0,0,0,0,0,0,0,0,0,0,0,0,0,0,28.056,38.975,0.141,0,0,0,0,0,0,0,0,0,0,0,0,0,0,0,0,0,0,0,0,0,0,0,0,0,0,0,0,0,0,0,0,0,0,0,0,0,0,0,0,0,22.103,40.62,0.27,0,0,0,0,0,0,0,0,0,0,0,0,0,0,0,0,0,0,0,0,0,0,0,0,0,0,0,0,0,0,0,27.747,0.195,0.195,0,0,0,0,0,0,0,0,0,0,0,0,0,0,0,0,0,0,16.148,0.113,0,0,0,0,0,0,0,0,0,0,0,0,0,0,0,0,0,0,0,0,0,0,0,0,0,0,0,0,0,0,0,0,0,0,0,0,0,0,7.643,0.102,0,0,0,0,0,0,0,0,0,0,0,0,0,0,0,0,0,0,0,0,0,0,0,0,0,0,0,0,0,0,0,0,0,0,0,0,0,0,0,0,0,0,0,0,0,0,0,0,0,0,0,0,0,0,0,0,0,0,0,0,0,0,0,0,0,0,0,0,0,0,0,0,0,0,0,0,0,0,0,0,0,0,0,0,0,0,0,0,0,0,0,0,0,0,0,0,0,0,0,0,0,0,0,0,0,0,0,0,0,0,0,0,0,0,0,0,0,0,0,0,0,0,0,0,0,0,0,0,0,0,0,0,0,0,0,0,0,0,48.777,-0.035,0,0,0,0,0,0,0,0,0,0,0,0,0,0,0,0,0,0,0,0,0,0,0,0,0,0,0,0,0,0,0,0,0,0,0,0,0,0,0,0,0,0,0,0,0,0,0,0,0,0,0,0,0,0,0,0,0,0,0,0,0,0,0,0,0,0,0,0,0,0,0,0,0,0,0,0,0,0,0,0,0,0,0,0,0,0,0,0,0,0,0,0,0,0,0,0,0,0,0,0,0,0,0,0,0,0,0,0,0,0,0,0,0,0,0,0,0,0,0,0,0,0,0,0,0,0,0,0,0,0,0,0,0,0,0,0,0,0,0,0,0,0,0,0,0,0,0,0,0,0,0,0,0,0,0,0,0,0,0,0,0,0,0,0,0,0,0,0,0,0,0,0,0,0,0,0,0,0,0,0,0,0,0,0,0,0,0,0,0,0,0,0,0,0,0,0,0,0,0,0,0,0,0,0,0,0,0,0,0,0,0,0,0,0,0,0,0,0,0,0,0,0,0,0,0,0,0,0,0,0,0,0,0,0,0,0,0,0,0,0,0,0,0,0,0,0,0,0,0,0,0,0,0,0,0,0,0,0,0,0,0,0,0,0,0,0,0,0,0,0,0,0,0,0,0,0,0,0,0,0,0,0,0,0,0,0,0,0,0,0,0,0,0,0,0,0,0,0,0,0,0,0,0,0,0,0,0,0,0,0,0,0,0,0,0,0,0,0,0,0,0,0,0,0,0,0,0,0,0,0,0,0,0,0,0,0,0,0,0,0,0,0,0,0,0,0,0,0,0,0,0,0,0,0,0,0,0,0,0,0,0,0,0,0,0,0,0,0,0,0,0,0,0,0,0,0,0,0,0,0,0,0,0,0,0,0,0,0,0,0,0,0,0,0,0,0,0,0,0,0,0,0,0,0,0,0,0,0,0,0,0,0,0,0,0,0,0,0,0,0,0,0,0,0,0,0,0,0,0,0,0,0,0,0,0,0,0,0,0,0,0,0,0,0,0,0,0,0,0,0,0
FurnaceHRV_Re,0,0,0,0,0,0,0,0,0,0,0,459.389,459.389,460.426,459.446,459.022,53.127,451.166,454.057,454.676,458.849,455.241,20.386,455.057,446.483,451.995,457.961,458.195,457.186,491.07,490.966,491.556,490.873,492.517,490.099,489.82,492.063,490.318,494.915,490.541,492.868,491.974,488.962,458.168,0,457.926,457.926,454.089,454.089,272.948,19.936,460.387,451.199,0,0,0,451.564,452.546,452.546,453.096,453.096,454.77,20.055,458.149,613.629,616.441,619.377,618.236,619.726,612.123,633.268,637.891,642.107,649.575,654.223,642.45,643.002,648.502,490.968,492.58,493.779,492.441,493.771,650.996,630.869,630.136,465.983,465.236,465.236,462.734,465.082,0,463.796,461.077,464.639,465.747,643.805,620.228,630.81,629.436,629.521,620.226,623.129,621.273,467.678,467.901,464.362,465.9,465.61,467.031,469.262,499.772,497.616,497.359,499.078,497.576,496.882,496.082,494.959,495.745,495.625,494.303,496.259,495.728,493.538,462.175,0,0,463.152,463.152,463.735,464.082,465.258,465.258,465.329,463.216,461.913,462.712,462.861,463.739,463.687,462.688,462.212,460.868,460.438,458.929,459.451,460.694,459.482,243.217,105.398,66.87,480.771,485.378,488.741,490.518,490.187,488.79,491.07,488.836,489.594,491.848,486.915,488.597,489.972,461.408,459.063,459.01,462.488,458.254,457.294,456.254,456.758,457.522,455.358,455.493,454.526,456.525,454.853,453.782,457.155,456.595,455.792,20.01,410.055,448.445,451.481,451.481,19.636,449.85,441.444,451.77,485.073,486.423,485.044,488.001,484.632,487.317,485.364,487.656,486.726,485.412,486.972,486.156,486.053,488.356,457.891,457.899,305.376,59.164,454.156,0,0,0,421.048,20.285,33.907,449.264,451.56,452.54,453.574,347.795,20.27,455.916,451.187,456.095,457.39,457.542,456.642,456.073,456.119,457.14,454.723,490.361,486.615,486.228,485.05,486.56,484.519,487.399,486.165,486.222,488.155,485.969,487.522,488.948,486.705,457.134,456.629,0,0,455.053,456.099,456.006,456.006,20.221,57.157,445.031,448.662,0,0,451.217,452.421,451.452,19.578,455.174,348.735,19.732,43.083,444.624,445.765,19.678,456.829,439.068,53.722,467.431,471.584,480.611,480.189,481.518,51.441,110.54,468.685,474.374,478.678,480.186,479.595,51.537,20.1,446.328,0,194.778,28.545,441.581,440.717,445.915,448.439,447.376,448.652,19.342,467.583,439.257,181.43,19.28,473.029,441.849,441.849,444.98,74.267,446.139,440.991,20.021,64.551,441.947,445.231,484.26,483.443,52.007,517.481,474.349,51.495,103.327,466.191,475.724,51.922,496.828,470.167,477.474,482.055,20.639,448.6,440.436,394.743,19.797,451.879,443.072,445.912,19.754,457.214,438.755,438.755,446.848,449.114,19.841,34.132,446.486,20.024,458.484,439.977,383.529,21.126,446.729,444.472,21.16,444.384,439.321,476.527,51.503,490.923,468.352,475.978,66.847,467.947,472.717,52.753,62.373,635.981,642.644,647.07,644.652,616.869,456.336,456.336,0,461.39,460.885,461.776,463.241,459.817,459.857,66.845,453.366,168.377,20.408,57.748,448.715,453.036,30.517,57.215,450.78,448.339,20.181,52.03,450.224,449.596,449.596,93.156,52.151,479.278,476.862,51.914,505.07,476.701,479.145,482.281,88.995,475.969,481.222,52.433,51.832,474.914,443.381,453.815,453.815,406.292,80.805,456.147,449.401,0,0,453.93,40.395,451.03,448.688,19.916,30.805,438.163,439.367,449.184,19.899,460.341,445.801,76.789,438.724,440.066,66.477,19.644,458.758,634.332,645.585,640.985,636.022,483.861,52.815,481.79,478.979,486.021,489.837,487.873,491.077,487.367,488.723,458.523,458.608,0,461.011,459.076,0,458.177,457.006,456.648,306.646,78.549,453.593,0,0,455.923,19.914,472.271,446.745,70.261,19.994,30.442,453.927,450.773,451.257,19.553,42.79,445.258,475.944,483.089,485.798,485.195,489.56,486.206,489.214,487.558,489.826,52.29,59.595,485.529,489.455,486.235,457.336,20.348,54.679,454.786,0,0,0,149.52,82.893,457.194,455.226,459.141,20.366,478.974,451.611,20.641,468.064,451.489,458.303,459.898,0,0,0,0,0,0,0,0,0,0,0,0,0,0,0,0,0,0,0,0,0,0,0,0,0,0,0,0,0,0,0,0,0,0,0,0,0,0,0,0,0,0,0,0,0,0,0,0,0,0,0,0,0,0,0,0,0,0,0,0,0,0,0,0,0,0,0,0,0,0,0,0,0,0,0,0,0,0,0,0,0,0,0,0,0,0,0,0,0,0,0,0,0,0,0,0,0,0,0,0,0,0,0,0,0,0,0,0,0,0,0,0,0,0,0,0,0,0,0,0,0,0,0,0,0,0,0,0,0,0,0,0,0,0,0,0,0,0,0,0,0,0,0,0,0,0,0,0,0,0,0,0,0,0,0,0,0,0,0,0,0,0,0,0,0,0,0,0,0,0,0,0,0,0,0,0,0,0,0,0,0,0,0,0,0,0,0,0,0,0,0,0,0,0,0,0,0,0,0,0,0,0,0,0,0,0,0,0,0,0,0,0,0,0,0,0,0,0,0,0,0,0,0,0,0,0,0,0,0,0,0,0,0,0,0,0,0,0,0,0,0,0,0,0,0,0,0,0,0,0,0,0,0,0,0,0,0,0,0,0,0,0,0,0,0,0,0,0,0,0,0,0,0,0,0,0,0,0,0,0,0,0,0,0,0,0,0,0,0,0,0,0,0,0,0,0,0,0,0,0,0,0,0,0,0,0,0,0,0,0,0,0,0,0,0,0,0,0,0,0,0,0,0,0,0,0,0,0,0,0,0,0,0,0,0,0,0,0,0,0,0,0,0,0,0,0,0,0,0,0,0,0,0,0,0,0,0,0,0,0,0,0,0,0,0,0,0,0,0,0,0,0,0,0,0,0,0,0,0,0,0,0,0,0,0,0,0,0,0,0,0,0,0,0,0,0,0,0,0,0,0,0,0,0,0,0,0,0,0,0,0,0,0,0,0,0,0,0,0,0,0,0,0,0,0,0,0,0,0,0,0,0,0,0,0,0,0,0,0,0,0,0,0,0,0,0,0
CellarOutlets_Re,0,0,0,0,0,0,0,0,0,0,0,120.297,13.157,14.262,13.27,0,0,0,0,0,0,0,0,0,0,0,411.379,137.851,0,125.153,125.153,123.456,123.04,123.04,0,0,0,0,0,0,0,0,0,0,0,0,16.797,13.11,0,0,0,0,0,0,0,0,0,0,0,0,615.872,136.094,124.405,124.405,122.173,122.173,0,0,120.578,120.578,0,0,0,0,0,0,0,118.677,118.697,118.466,118.466,12.823,0,0,0,0,12.685,12.685,0,0,0,0,0,0,0,228.915,135.464,0,0,122.464,122.464,121.295,0,0,0,119.977,119.977,0,118.679,118.679,0,0,0,0,0,0,71.129,12.932,0,0,0,0,0,0,0,0,0,0,0,0,419.328,133.443,124.391,123.49,123.333,123.333,122.962,0,121.255,120.747,0,0,0,0,0,0,0,0,0,0,118.638,38.642,12.831,0,0,0,0,0,0,0,0,13.733,12.692,13.906,12.869,12.753,692.25,129.497,124.471,123.948,125.097,121.913,121.118,121.142,122.561,122.003,119.847,119.847,121.33,120.191,120.394,120.394,0,0,0,0,0,53.896,13.461,13.562,12.338,13.422,13.763,13.687,12.56,0,0,0,0,0,13.593,13.694,666.989,136.603,122.786,123.094,0,121.34,120.372,122.288,0,0,0,0,119.952,119.952,0,0,0,0,0,0,78.837,13.882,0,0,0,0,0,0,0,0,0,0,0,0,0,76.164,136.353,132.386,123.714,123.714,122.824,0,0,0,0,0,0,0,0,0,0,0,0,0,0,0,90.786,12.696,0,0,0,0,0,0,0,0,0,0,0,0,0,482.938,134.453,0,123.489,123.489,121.534,122.828,123.669,0,0,121.648,121.648,120.914,0,0,0,0,0,0,0,0,33.605,12.876,0,0,0,0,0,0,0,0,0,0,0,0,0,688.741,131.827,126.113,123.521,0,0,0,121.958,121.466,123.097,123.097,0,0,0,0,0,0,0,0,0,119.044,12.837,0,0,0,0,0,0,0,0,0,0,0,0,0,307.168,136.678,0,0,0,431.622,452.232,434.046,428.523,432.729,435.825,12.948,0,0,0,0,0,0,0,0,0,0,0,0,0,693.251,168.688,141.949,0,0,139.102,137.728,136.249,136.438,133.234,131.201,0,0,0,128.974,128.974,127.804,127.804,125.114,126.152,125.647,125.647,123.094,124.536,125.458,124.977,123.479,123.479,123.005,123.005,120.712,120.712,123.253,123.253,0,0,0,0,0,0,0,120.01,119.984,119.962,119.686,0,0,0,0,0,0,0,0,0,120.499,120.499,0,0,0,0,41.952,12.72,0,0,0,0,0,0,0,0,0,0,0,0,600.739,136.332,125.342,124.222,122.683,122.683,122.551,120.812,122.706,121.526,0,0,0,0,0,0,0,0,0,0,0,0,0,0,0,0,22.21,12.955,0,0,0,0,0,0,0,0,13.924,12.912,0,0,0,92.276,128.827,124.616,124.188,123.969,122.179,122.179,122.437,122.269,0,0,0,0,0,0,0,0,0,0,0,118.237,118.237,0,0,0,88.398,13.136,0,0,0,0,0,0,0,0,0,0,0,0,0,0,0,0,0,0,0,0,0,0,0,0,0,0,0,0,0,0,0,0,0,0,0,0,0,0,0,0,0,0,0,0,0,0,0,0,0,0,0,0,0,0,0,0,0,0,0,0,0,0,0,0,0,0,0,0,0,0,0,0,0,0,0,0,0,0,0,0,0,0,0,0,0,0,0,0,0,0,0,0,0,0,0,0,0,0,0,0,0,0,0,0,0,0,0,0,0,0,0,0,0,0,0,0,0,0,0,0,0,0,0,0,0,0,0,0,0,0,0,0,0,0,0,0,0,0,0,0,0,0,0,0,0,0,0,0,0,0,0,0,0,0,0,0,0,0,0,0,0,0,0,0,0,0,0,0,0,0,0,0,0,0,0,0,0,0,0,0,0,0,0,0,0,0,0,0,0,0,0,0,0,0,0,0,0,0,0,0,0,0,0,0,0,0,0,0,0,0,0,0,0,0,0,0,0,0,0,0,0,0,0,0,0,0,0,0,0,0,0,0,0,0,0,0,0,0,0,0,0,0,0,0,0,0,0,0,0,0,0,0,0,0,0,0,0,0,0,0,0,0,0,0,0,0,0,0,0,0,0,0,0,0,0,0,0,0,0,0,0,0,0,0,0,0,0,0,0,0,0,0,0,0,0,0,0,0,0,0,0,0,0,0,0,0,0,0,0,0,0,0,0,0,0,0,0,0,0,0,0,0,0,0,0,0,0,0,0,0,0,0,0,0,0,0,0,0,0,0,0,0,0,0,0,0,0,0,0,0,0,0,0,0,0,0,0,0,0,0,0,0,0,0,0,0,0,0,0,0,0,0,0,0,0,0,0,0,0,0,0,0,0,0,0,0,0,0,0,0,0,0,0,0,0,0,0,0,0,0,0,0,0,0,0,0,0,0,0,0,0,0,0,0,0,0,0,0,0,0,0,0,0,0,0,0,0,0,0,0,0,0,0,0,0,0,0,0,0,0,0,0,0,0,0,0,0,0,0
WashingMachine_Re,0,0,0,0,0,0,0,0,0,0,0,1.239,1.239,0,0,0,0,0,0,0,0,0,0,0,0,0,0,0,0,0,0,0,0,0,0,0,0,0,0,0,0,0,0,0,0,0,0,0,0,0,0,0,0,0,0,0,0,0,0,0,0,0,0,0,0,0,0,0,0,0,0,0,0,0,0,0,0,0,0,0,0,0,0,0,0,0,0,0,0,0,0,0,0,0,0,0,0,0,0,0,0,0,0,0,0,0,0,0,0,0,0,0,0,0,0,0,0,0,0,0,0,0,0,0,0,0,0,0,0,0,0,0,0,0,0,0,0,0,0,0,0,0,0,0,0,0,0,0,0,0,0,0,0,0,0,0,0,0,0,0,0,0,0,0,0,0,0,0,0,0,0,0,0,0,0,0,0,0,0,0,0,0,0,0,0,0,0,0,0,0,0,0,0,0,0,0,0,0,0,0,0,0,0,0,0,0,0,0,0,0,0,0,0,0,0,0,0,0,0,0,0,0,0,0,0,0,0,0,0,0,0,0,0,0,0,0,0,0,0,0,0,0,0,0,0,0,0,0,0,0,0,0,0,0,0,0,0,0,0,0,0,0,0,0,0,0,0,0,0,0,0,0,0,0,0,0,0,0,0,0,0,0,0,0,0,0,0,0,0,0,0,0,0,0,0,0,0,0,0,0,0,0,0,0,0,0,0,0,0,0,0,0,0,0,0,0,0,0,0,0,0,0,0,0,0,0,0,0,0,0,0,0,0,0,0,0,0,0,0,0,0,0,0,0,0,0,0,0,0,0,0,0,0,0,0,0,0,0,0,0,0,0,0,0,0,0,0,0,0,0,0,0,0,0,0,0,0,0,0,0,0,0,0,0,0,0,0,0,0,0,0,0,0,0,0,0,0,0,0,0,0,0,0,0,0,0,0,0,0,0,0,0,0,0,0,0,0,0,0,0,0,0,0,0,0,0,0,0,0,0,0,0,0,0,0,0,0,0,0,0,0,0,0,0,0,0,0,0,0,0,0,0,0,0,0,0,0,0,0,0,0,0,0,0,0,0,0,0,0,0,0,0,0,0,0,0,0,0,0,0,0,0,0,0,0,0,0,0,0,0,0,0,0,0,0,0,0,0,0,0,0,0,0,0,0,0,0,0,0,0,0,0,0,0,0,0,0,0,0,0,0,0,0,0,0,0,0,0,0,0,0,0,0,0,0,0,0,0,0,0,0,0,0,0,0,0,0,0,0,0,0,0,0,0,0,0,0,0,0,0,0,0,0,0,0,0,0,0,0,0,0,0,0,0,0,0,0,0,0,0,0,0,0,0,0,0,0,0,0,0,0,0,0,0,0,0,0,0,0,0,0,0,0,0,0,0,0,0,0,0,0,0,0,0,0,0,0,0,0,0,0,0,0,0,0,0,0,0,0,0,0,0,0,0,0,0,0,0,0,0,0,0,0,0,0,0,0,0,0,0,0,0,0,0,0,0,0,0,0,0,0,0,0,0,0,0,0,0,0,0,0,0,0,0,0,0,0,0,0,0,0,0,0,0,0,0,0,0,0,0,0,0,0,0,0,0,0,0,0,0,0,0,0,0,0,0,0,0,0,0,0,0,0,0,0,0,0,0,0,0,0,0,0,0,0,0,0,0,0,0,0,0,0,0,0,0,0,0,0,0,0,0,0,0,0,0,0,0,0,0,0,0,0,0,0,0,0,0,0,0,0,0,0,0,0,0,0,0,0,0,0,0,0,0,0,0,0,0,0,0,0,0,0,0,0,0,0,0,0,0,0,0,0,0,0,0,0,0,0,0,0,0,0,0,0,0,0,0,0,0,0,0,0,0,0,0,0,0,0,0,0,0,0,0,0,0,0,0,0,0,0,0,0,0,0,0,0,0,0,0,0,0,0,0,0,0,0,0,0,0,0,0,0,0,0,0,0,0,0,0,0,0,0,0,0,0,0,0,0,0,0,0,0,0,0,0,0,0,0,0,0,0,0,0,0,0,0,0,0,0,0,0,0,0,0,0,0,0,0,0,0,0,0,0,0,0,0,0,0,0,0,0,0,0,0,0,0,0,0,0,0,0,0,0,0,0,0,0,0,0,0,0,0,0,0,0,0,0,0,0,0,0,0,0,0,0,0,0,0,0,0,0,0,0,0,0,0,0,0,0
FridgeRange_Re,0,0,0,0,0,0,0,0,0,0,0,6.164,6.164,0,0,0,0,0,0,588.189,116.342,137.297,0,0,0,0,0,0,114.941,117.282,116.503,118.612,111.523,109.921,107.903,106.235,110.691,113.339,113.107,110.444,109.468,105.535,105.904,107.03,106.557,109.329,110.52,6.387,0,8.2,6.488,0,0,0,0,0,0,0,0,0,0,0,0,0,0,0,0,0,100.747,9.96,56.36,7.406,6.113,7.652,119.481,121.488,123.252,133.012,124.885,124.979,122.818,122.872,121.191,120.842,120.198,185.158,119.021,121.767,121.767,119.771,0,106.817,105.743,0,116.531,115.436,114.378,0,0,104.361,104.361,0,112.769,111.515,113.906,0,0,106.372,105.068,5.221,6.872,5.319,5.252,6.445,6.213,6.079,5.415,5.269,6.421,5.334,6.338,6.736,6.471,6.375,6.603,5.313,0,0,0,0,0,0,0,0,677.516,117.352,0,0,0,0,0,0,0,0,0,116.351,116.351,0,0,106.235,104.792,114.769,113.879,112.784,108.084,106.478,104.529,104.674,106.914,112.125,115.354,114.789,109.983,6.114,5.72,5.885,0,0,0,0,0,0,0,0,0,0,0,0,0,0,0,0,0,0,0,0,0,0,0,54.554,147.926,117.762,119.645,119.25,120.096,117.128,118.277,122.996,120.541,119.705,118.499,121.35,115.381,112.499,110.841,108.034,111.809,115.335,115.335,238.421,111.997,112.348,118.546,116.784,215.457,119.283,0,108.654,115.127,112.53,117.342,115.309,115.309,0,106.132,105.876,105.876,113.243,112.341,111.775,0,105.671,5.422,5.461,5.462,6.512,6.467,6.507,6.536,5.288,6.837,6.595,6.199,6.639,5.353,5.326,6.274,5.185,0,0,0,0,0,0,0,0,0,908.677,116.689,0,0,0,0,0,0,0,0,0,115.102,114.814,0,0,108.696,107.112,114.751,115.249,116.366,115.668,111.291,231.881,116.785,120.419,120.444,121.277,120.086,120.437,115.058,110.82,108.528,108.532,108.532,117.876,115.711,7.691,0,0,0,0,0,0,0,0,0,0,0,0,0,0,0,0,0,0,0,0,7.938,6.391,8.232,6.923,7.069,7.224,123.296,120.864,120.665,121.458,121.591,119.229,117.351,117.23,119.891,118.716,120.854,118.83,0,0,110.137,112.353,108.091,114.928,112.172,118.323,116.084,0,0,0,105.897,105.897,117.338,114.319,114.178,0,105.059,105.059,5.84,0,0,7.93,7.207,6.794,6.867,7.977,7.315,7.042,8.226,8.452,6.142,7.695,7.59,6.6,8.204,7.278,7.965,0,0,0,0,0,1021.101,139.122,117.944,119.211,0,0,0,0,0,0,0,117.78,115.669,0,111.36,111.276,107.202,107.538,115.201,112.705,117.25,109.614,106.832,105.331,106.503,110.264,113.438,118.16,117.59,8.275,7.021,8.369,7.079,8.102,6,7.245,0,0,0,0,0,0,0,0,0,0,0,0,0,0,0,0,0,0,0,64.734,921.935,124.27,120.461,0,0,120.437,122.534,119.341,119.528,120.785,120.308,121.065,120.597,112.71,110.023,107.943,108.777,109.976,116.083,115.421,118.249,117.317,0,108.054,107.183,106.14,116.566,115.47,114.563,0,0,105.742,6.936,0,0,0,0,0,0,0,0,0,0,0,0,0,111.093,15.429,7.408,6.426,8.058,6.952,8.115,7.043,119.049,119.321,117.782,120.446,118.219,117.718,117.607,119.538,0,0,119.222,118.732,0,0,110.182,108.92,116.268,116.268,118.733,118.733,0,234.596,228.529,240.476,118.788,119.798,0,0,0,0,0,0,0,0,0,0,0,0,0,0,0,0,0,0,0,0,0,0,0,0,0,0,0,0,0,0,0,0,0,0,0,0,0,0,0,0,0,0,0,0,0,0,0,0,0,0,0,0,0,0,0,0,0,0,0,0,0,0,0,0,0,0,0,0,0,0,0,0,0,0,0,0,0,0,0,0,0,0,0,0,0,0,0,0,0,0,0,0,0,0,0,0,0,0,0,0,0,0,0,0,0,0,0,0,0,0,0,0,0,0,0,0,0,0,0,0,0,0,0,0,0,0,0,0,0,0,0,0,0,0,0,0,0,0,0,0,0,0,0,0,0,0,0,0,0,0,0,0,0,0,0,0,0,0,0,0,0,0,0,0,0,0,0,0,0,0,0,0,0,0,0,0,0,0,0,0,0,0,0,0,0,0,0,0,0,0,0,0,0,0,0,0,0,0,0,0,0,0,0,0,0,0,0,0,0,0,0,0,0,0,0,0,0,0,0,0,0,0,0,0,0,0,0,0,0,0,0,0,0,0,0,0,0,0,0,0,0,0,0,0,0,0,0,0,0,0,0,0,0,0,0,0,0,0,0,0,0,0,0,0,0,0,0,0,0,0,0,0,0,0,0,0,0,0,0,0,0,0,0,0,0,0,0,0,0,0,0,0,0,0,0,0,0,0,0,0,0,0,0,0,0,0,0,0,0,0,0,0,0,0,0,0,0,0,0,0,0,0,0,0,0,0,0,0,0,0,0,0,0,0,0,0,0,0,0,0,0,0,0,0,0,0,0,0,0,0,0,0,0,0,0,0,0,0,0,0,0,0,0,0,0,0,0,0,0,0,0,0,0,0,0,0,0,0,0,0,0,0,0,0,0,0,0,0,0,0,0,0,0,0,0,0,0,0,0,0,0,0,0,0,0,0,0,0,0,0,0,0,0,0,0,0,0,0,0,0,0,0,0,0,0,0,0,0,0,0,0,0,0,0,0,0,0,0,0,0,0,0,0,0,0,0,0,0
DisposalDishwasher_Re,0,0,0,0,0,0,0,0,0,0,0,5.528,5.528,0,0,0,0,0,0,0,0,0,0,0,0,0,0,0,5.727,6.804,5.618,6.492,5.605,5.591,5.608,5.671,6.852,6.618,6.708,6.63,6.855,5.56,6.59,6.664,0,0,0,0,0,0,0,0,0,0,0,0,0,0,0,0,0,0,0,0,0,0,0,0,0,6.746,6.519,6.536,5.482,6.626,6.525,6.613,6.488,6.7,5.524,5.617,5.213,6.246,5.229,6.39,5.471,0,0,0,0,0,0,0,0,0,0,0,0,0,0,0,0,0,0,0,0,0,0,0,0,0,6.168,5.853,4.901,5.758,4.712,4.869,5.878,4.789,4.76,5.85,4.79,5.806,5.958,5.662,4.69,4.67,0,0,0,0,0,0,0,0,0,0,0,0,0,0,0,0,0,0,0,0,0,0,0,0,0,5.813,6.049,4.68,4.749,5.792,5.933,5.796,4.851,5.845,4.667,4.771,6.023,4.961,5.016,5.967,0,0,0,0,0,0,0,0,0,0,0,0,0,0,0,0,0,0,0,0,0,0,0,0,0,6.262,6.262,4.942,6.064,6.072,5.132,6.278,6.16,6.121,5.018,6.011,5.006,4.972,6.048,6.278,5.174,0,0,0,0,0,0,654.958,5.041,0,0,0,0,0,0,0,0,0,0,0,0,0,0,0,0,0,0,4.709,5.709,4.719,5.635,4.744,5.633,4.724,4.729,4.746,4.728,5.82,4.657,5.647,4.601,4.646,0,0,0,0,0,0,0,0,0,0,0,0,0,0,0,0,0,0,0,0,0,0,0,0,0,5.909,4.657,5.686,4.598,4.704,5.705,6.019,7.256,6.058,6.13,6.265,7.51,6.566,7.504,7.255,6.172,0,0,0,0,0,0,0,0,0,0,0,0,0,0,0,0,0,0,0,0,0,0,0,0,0,6.943,5.725,7.544,7.382,7.466,6.592,7.319,7.347,7.521,7.581,6.463,5.708,5.508,5.441,6.538,5.407,0,0,0,0,0,0,0,0,0,0,0,0,0,0,0,0,0,0,0,0,0,0,0,0,0,6.378,7.504,7.659,7.413,7.398,6.682,6.383,6.527,7.49,5.51,6.664,5.775,5.896,7.465,6.422,6.361,0,0,0,0,0,0,0,0,0,0,0,0,0,0,0,0,0,0,0,0,0,0,0,0,0,6.25,7.457,6.658,6.683,6.447,6.652,7.459,6.374,7.476,6.282,7.458,6.414,6.481,7.54,6.617,6.589,0,0,0,0,0,0,0,0,0,0,0,0,0,0,0,0,0,0,0,0,0,0,0,0,0,6.573,7.549,7.447,7.384,7.57,6.518,7.278,6.315,6.549,5.492,5.532,6.356,7.503,6.357,6.34,7.391,0,0,0,0,0,0,0,0,0,0,0,0,0,0,0,0,0,0,0,0,0,0,0,0,0,7.477,6.293,6.588,5.591,6.162,6.299,6.27,7.441,7.334,6.385,5.354,6.544,6.662,6.88,7.312,7.408,0,0,0,0,0,0,0,0,0,0,0,0,0,0,0,0,0,0,0,0,0,0,0,0,0,0,0,0,0,0,0,0,0,0,0,0,0,0,0,0,0,0,0,0,0,0,0,0,0,0,0,0,0,0,0,0,0,0,0,0,0,0,0,0,0,0,0,0,0,0,0,0,0,0,0,0,0,0,0,0,0,0,0,0,0,0,0,0,0,0,0,0,0,0,0,0,0,0,0,0,0,0,0,0,0,0,0,0,0,0,0,0,0,0,0,0,0,0,0,0,0,0,0,0,0,0,0,0,0,0,0,0,0,0,0,0,0,0,0,0,0,0,0,0,0,0,0,0,0,0,0,0,0,0,0,0,0,0,0,0,0,0,0,0,0,0,0,0,0,0,0,0,0,0,0,0,0,0,0,0,0,0,0,0,0,0,0,0,0,0,0,0,0,0,0,0,0,0,0,0,0,0,0,0,0,0,0,0,0,0,0,0,0,0,0,0,0,0,0,0,0,0,0,0,0,0,0,0,0,0,0,0,0,0,0,0,0,0,0,0,0,0,0,0,0,0,0,0,0,0,0,0,0,0,0,0,0,0,0,0,0,0,0,0,0,0,0,0,0,0,0,0,0,0,0,0,0,0,0,0,0,0,0,0,0,0,0,0,0,0,0,0,0,0,0,0,0,0,0,0,0,0,0,0,0,0,0,0,0,0,0,0,0,0,0,0,0,0,0,0,0,0,0,0,0,0,0,0,0,0,0,0,0,0,0,0,0,0,0,0,0,0,0,0,0,0,0,0,0,0,0,0,0,0,0,0,0,0,0,0,0,0,0,0,0,0,0,0,0,0,0,0,0,0,0,0,0,0,0,0,0,0,0,0,0,0,0,0,0,0,0,0,0,0,0,0,0,0,0,0,0,0,0,0,0,0,0,0,0,0,0,0,0,0,0,0,0,0,0,0,0,0,0,0,0,0,0,0,0,0,0,0,0,0,0,0,0,0,0,0,0,0,0,0,0,0,0,0,0,0,0,0,0,0,0,0,0,0,0,0,0,0,0,0,0,0
Microwave_Re,0,0,0,0,0,0,0,0,0,0,0,3.345,3.345,0,0,0,0,0,0,0,0,0,0,0,0,0,0,0,0,0,0,0,0,0,0,0,0,0,0,0,0,0,0,0,0,0,0,0,0,0,0,0,0,0,0,0,0,0,0,0,0,0,0,0,0,0,0,0,0,0,0,0,0,0,0,0,0,0,0,0,0,0,0,0,0,0,0,0,0,0,0,0,0,0,0,0,0,0,0,0,0,0,0,0,0,0,0,0,0,0,0,0,0,0,0,0,0,0,0,0,0,0,0,0,0,0,0,0,0,0,0,0,0,0,0,0,0,0,0,0,0,0,0,0,0,0,0,0,0,0,0,0,0,0,0,0,0,25.927,69.603,70.409,0,69.192,68.213,68.991,69.956,69.78,0,0,0,0,0,0,0,0,0,0,0,0,0,0,0,0,0,0,68.159,68.159,0,0,0,0,0,68.349,68.349,69.716,68.95,0,98.856,69.266,69.624,0,69.699,68.636,68.645,69.661,68.559,68.559,0,0,0,0,41.362,3.216,0,0,0,0,0,0,0,0,0,0,0,0,0,0,0,0,0,0,0,0,0,0,0,0,0,0,0,0,0,0,0,0,0,0,0,0,0,0,0,0,0,0,0,0,0,0,0,0,0,0,0,0,0,0,0,0,0,0,0,0,0,0,0,0,0,0,0,0,0,0,0,0,0,0,0,0,0,0,0,0,0,0,0,0,0,0,0,0,0,0,0,0,0,0,0,0,0,0,0,0,0,0,0,0,0,0,0,0,0,0,0,0,0,0,0,0,0,0,0,0,0,0,0,0,0,0,0,0,0,0,0,0,0,0,0,0,0,0,0,0,0,0,0,0,0,0,0,0,0,0,0,0,0,0,0,0,0,0,0,0,0,0,0,0,0,0,0,0,0,0,0,0,0,0,0,0,0,0,0,0,0,0,0,0,0,0,0,0,0,0,0,0,0,0,0,0,0,0,0,0,0,0,0,0,0,0,0,0,0,0,0,0,0,0,0,0,0,0,0,0,0,0,0,0,0,0,0,0,0,0,0,0,0,0,0,0,0,0,0,0,0,0,0,0,0,0,0,0,0,0,0,0,0,0,0,0,0,0,0,0,0,0,0,0,0,0,0,0,0,0,0,0,0,0,0,0,0,0,0,0,0,0,0,0,0,0,0,0,0,0,0,0,0,0,0,0,0,0,0,0,0,0,0,0,0,0,0,0,0,0,0,0,0,0,0,0,0,0,0,0,0,0,0,0,0,0,0,0,0,0,0,0,0,0,0,0,0,0,0,0,0,0,0,0,0,0,0,0,0,0,0,0,0,0,0,0,0,0,0,0,0,0,0,0,0,0,0,0,0,0,0,0,0,0,0,0,0,0,0,0,0,0,0,0,0,0,0,0,0,0,0,0,0,0,0,0,0,0,0,0,0,0,0,0,0,0,0,0,0,0,0,0,0,0,0,0,0,0,0,0,0,0,0,0,0,0,0,0,0,0,0,0,0,0,0,0,0,0,0,0,0,0,0,0,0,0,0,0,0,0,0,0,0,0,0,0,0,0,0,0,0,0,0,0,0,0,0,0,0,0,0,0,0,0,0,0,0,0,0,0,0,0,0,0,0,0,0,0,0,0,0,0,0,0,0,0,0,0,0,0,0,0,0,0,0,0,0,0,0,0,0,0,0,0,0,0,0,0,0,0,0,0,0,0,0,0,0,0,0,0,0,0,0,0,0,0,0,0,0,0,0,0,0,0,0,0,0,0,0,0,0,0,0,0,0,0,0,0,0,0,0,0,0,0,0,0,0,0,0,0,0,0,0,0,0,0,0,0,0,0,0,0,0,0,0,0,0,0,0,0,0,0,0,0,0,0,0,0,0,0,0,0,0,0,0,0,0,0,0,0,0,0,0,0,0,0,0,0,0,0,0,0,0,0,0,0,0,0,0,0,0,0,0,0,0,0,0,0,0,0,0,0,0,0,0,0,0,0,0,0,0,0,0,0,0,0,0,0,0,0,0,0,0,0,0,0,0,0,0,0,0,0,0,0,0,0,0,0,0,0,0,0,0,0,0,0,0,0,0,0,0,0,0,0,0,0,0,0,0,0,0,0,0,0,0,0,0,0,0,0,0,0,0,0,0,0,0,0,0,0,0,0,0,0,0,0,0,0,0,0,0,0,0,0,0,0,0,0,0,0,0,0,0,0,0,0,0,0
KitchenLights_Re,0,0,0,0,0,0,0,0,0,0,0,3.45,3.45,0,0,0,0,0,4.602,4.602,3.301,0,0,0,0,0,0,0,3.145,2.047,2.074,3.207,2.223,2.071,3.224,0,0,0,2.187,3.119,2.088,2.006,2.064,3.124,0,0,4.409,4.409,0,0,0,0,0,0,0,0,0,0,0,0,0,0,0,0,0,0,0,0,0,4.816,4.851,2.294,2.367,2.264,3.711,2.025,3.116,3.332,2.074,3.106,2.508,3.038,3.069,2.202,2.202,0,0,0,0,0,0,0,0,0,0,0,0,0,0,0,0,0,0,0,0,0,0,0,0,0,2.169,3.308,2.298,2.304,3.302,2.275,2.306,2.119,2.289,2.238,2.285,3.291,0,2.185,2.282,0,0,0,0,0,0,0,0,0,1.786,1.786,0,0,0,0,0,0,0,0,0,0,0,0,0,0,0,3.221,3.023,1.984,2.002,2.033,3.085,3.038,1.941,2.123,0,3.06,2.036,2.6,2.374,3.263,0,0,0,0,0,0,25.251,81.591,0,0,0,0,0,0,0,0,0,0,0,0,0,80.463,119.167,186.658,185.931,186.717,186.587,187.806,189.124,0,0,0,0,184.96,185.488,188.166,186.243,187.243,187.243,0,0,187.287,188.435,188.435,0,0,191.393,191.393,3.476,0,0,0,0,0,0,0,0,0,0,0,0,0,0,0,0,0,0,2.52,3.681,2.475,3.517,2.501,3.913,0,2.499,3.526,0,3.516,3.563,0,2.462,2.549,0,0,0,0,0,0,0,0,0,1.499,4.253,3.221,0,0,0,0,0,0,0,0,0,0,0,0,0,0,2.024,3.234,2.169,3.405,3.275,3.545,3.575,4.744,4.778,3.853,3.927,4.898,0,0,0,0,0,0,0,0,0,0,0,0,0,0,0,0,0,0,0,0,0,0,0,0,0,3.925,3.925,0,0,3.547,4.535,5.17,5.17,4.141,4.94,3.786,3.772,3.915,2.936,2.361,3.379,3.546,2.298,2.298,4.839,0,0,0,0,0,0,0,0,0,0,4.52,4.52,0,0,0,0,0,0,0,3.736,3.736,0,0,4.757,4.757,5.061,4.115,4.115,0,5.106,5.179,0,4.086,4.08,2.581,2.584,3.479,4.979,5.049,5.049,0,0,0,0,0,1.338,3.404,4.727,4.727,0,0,0,0,0,0,3.355,3.355,0,0,4.664,4.664,0,0,0,0,4.92,3.841,2.776,2.366,3.428,4.413,3.768,3.849,4.914,0,0,0,4.143,2.838,3.586,3.638,0,0,0,0,0,0,0,0,3.667,3.667,0,0,0,0,0,0,0,0,3.589,3.589,1.653,3.23,0,0,0,0,3.796,3.969,0,3.832,4.885,4.042,4.878,2.397,3.608,5.258,5.259,4.06,4.847,3.844,3.884,0,0,0,0,0,0,0,0,0,0,0,0,0,0,3.863,3.863,0,0,0,0,0,0,0,0,0,5.121,4.029,2.689,3.927,5.007,4.024,5.222,3.001,3.692,3.817,3.753,3.405,2.269,3.337,4.794,4.794,0,0,0,3.398,3.398,0,4.609,4.609,0,19.972,129.885,131.162,131.162,0,0,132.582,132.582,132.389,133.212,0,0,0,0,0,0,0,0,0,0,0,0,0,0,0,0,0,0,0,0,0,0,0,0,0,0,0,0,0,0,0,0,0,0,0,0,0,0,0,0,0,0,0,0,0,0,0,0,0,0,0,0,0,0,0,0,0,0,0,0,0,0,0,0,0,0,0,0,0,0,0,0,0,0,0,0,0,0,0,0,0,0,0,0,0,0,0,0,0,0,0,0,0,0,0,0,0,0,0,0,0,0,0,0,0,0,0,0,0,0,0,0,0,0,0,0,0,0,0,0,0,0,0,0,0,0,0,0,0,0,0,0,0,0,0,0,0,0,0,0,0,0,0,0,0,0,0,0,0,0,0,0,0,0,0,0,0,0,0,0,0,0,0,0,0,0,0,0,0,0,0,0,0,0,0,0,0,0,0,0,0,0,0,0,0,0,0,0,0,0,0,0,0,0,0,0,0,0,0,0,0,0,0,0,0,0,0,0,0,0,0,0,0,0,0,0,0,0,0,0,0,0,0,0,0,0,0,0,0,0,0,0,0,0,0,0,0,0,0,0,0,0,0,0,0,0,0,0,0,0,0,0,0,0,0,0,0,0,0,0,0,0,0,0,0,0,0,0,0,0,0,0,0,0,0,0,0,0,0,0,0,0,0,0,0,0,0,0,0,0,0,0,0,0,0,0,0,0,0,0,0,0,0,0,0,0,0,0,0,0,0,0,0,0,0,0,0,0,0,0,0,0,0,0,0,0,0,0,0,0,0,0,0,0,0,0,0,0,0,0,0,0,0,0,0,0,0,0,0,0,0,0,0,0,0,0,0,0,0,0,0,0,0,0,0,0,0,0,0,0,0,0,0,0,0,0,0,0,0,0,0,0,0,0,0,0,0,0,0,0,0,0,0,0,0,0,0,0,0,0,0,0,0,0,0,0,0,0,0,0,0,0,0,0,0,0,0,0,0,0,0,0,0,0,0,0,0,0,0,0,0,0,0,0,0,0,0,0,0,0,0,0,0,0,0,0,0
BedroomOutlets_Re,0,0,0,0,0,0,0,0,0,0,0,66.954,66.85,68.373,66.875,0,0,0,402.921,402.936,427.835,449.219,451.415,151.117,67.208,0,68.307,66.653,66.519,66.601,65.59,66.921,66.846,66.769,66.886,0,0,66.895,66.895,66.773,65.881,66.561,65.92,65.183,0,0,67.919,382.353,397.756,440.405,448.238,65.586,0,0,0,0,0,0,0,0,66.563,65.006,64.9,0,0,0,0,0,66.089,63.458,63.408,63.637,63.683,63.902,59.749,56.933,58.959,58.764,57.464,59.383,55.992,56.421,56.421,56.838,59.69,31.34,9.569,10.932,11.289,11.289,11.845,11.845,0,0,13.647,14.631,12.065,0,0,0,0,0,0,0,0,0,0,0,0,0,0,0,0,0,0,0,10.748,9.013,0,0,0,0,0,0,0,0,0,0,0,0,0,10.438,9.188,0,0,0,0,0,0,0,0,0,0,0,0,0,0,0,0,0,0,10.74,9.083,0,0,0,0,0,0,0,0,11.976,9.144,9.047,9.908,10.461,10.959,11.88,11.437,9.104,9.162,10.517,11.272,10.53,9.121,9.081,9.063,9.091,9.071,10.568,10.89,8.743,8.749,0,0,0,0,10.439,10.071,8.914,10.014,9.006,9.897,8.798,8.804,0,0,0,0,10.145,8.814,8.87,10.576,8.779,8.845,8.966,0,10.574,10.212,9.062,0,0,0,11.138,9.638,0,0,0,0,0,0,0,10.866,9.194,10.109,9.708,10.869,9.398,9.398,0,0,0,0,0,0,0,0,10.732,9.129,0,0,0,0,0,0,0,0,0,0,0,0,0,0,0,0,0,0,0,10.916,9.175,0,0,0,0,0,0,0,0,0,0,0,0,0,10.705,10.705,9.158,10.2,9.191,443.297,416.346,471.094,503.904,530.176,550.095,559.078,561.859,561.487,565.88,567.383,566.874,569.012,566.398,568.292,561.466,564.871,556.857,557.536,559.316,557.145,557.093,557.646,556.469,557.502,554.886,550.542,556.669,553.166,557.084,553.531,552.513,552.194,549.01,57.081,55.79,55.868,391.059,515.209,523.774,543.579,548.543,548.745,549.572,547.963,554.303,553.102,56.547,57.314,55.938,55.428,457.06,517.841,544.896,547.612,551.834,553.467,555.413,551.633,218.85,57.519,0,0,403.978,523.295,548.365,552.162,557.251,556.777,559.95,557.613,553.091,557.649,57.32,0,0,429.884,516.622,533.342,542.138,546.738,546.647,549.394,544.68,543.636,537.714,58.184,56.981,56.245,469.114,510.876,523.486,530.021,531.781,531.781,0,208.447,58.267,0,0,485.952,496.4,495.891,0,544.322,543.818,544.472,549.65,480.67,58.139,0,0,488.973,521.532,540.36,543.78,550,553.482,552.136,553.978,59.233,56.785,57.996,76.19,531.925,547.196,553.168,559.268,555.797,557.37,559.508,558.857,57.09,0,322.249,524.336,553.053,554.297,554.212,556.36,552.053,550.483,552.958,57.549,226.628,417.659,533.995,544.23,549.248,550.485,549.531,555.925,553.714,57.355,57.355,58.452,523.406,535.608,550.555,549.287,545.97,549.601,547.292,551.754,549.505,550.116,549.841,56.279,56.528,371.62,519.035,533.925,540.321,547.129,547.665,551.604,548.956,546.492,57.158,0,383.786,515.694,540.109,542.88,546.914,546.438,547.031,547.617,547.458,545.185,58.926,58.707,57.166,304.32,511.001,538.666,538.666,538.003,540.685,538.704,541.541,555.414,73.094,56.447,507.939,520.864,530.93,532.423,533.681,534.32,58.863,57.578,57.992,314.047,503.675,519.309,525.318,0,0,529.231,57.999,0,429.307,494.616,505.366,525.621,525.621,529.621,525.178,58.445,0,60.436,492.145,493.803,488.522,0,0,0,0,0,0,0,0,0,0,0,0,0,0,0,0,0,0,0,0,0,0,0,0,0,0,0,0,0,0,0,0,0,0,0,0,0,0,0,0,0,0,0,0,0,0,0,0,0,0,0,0,0,0,0,0,0,0,0,0,0,0,0,0,0,0,0,0,0,0,0,0,0,0,0,0,0,0,0,0,0,0,0,0,0,0,0,0,0,0,0,0,0,0,0,0,0,0,0,0,0,0,0,0,0,0,0,0,0,0,0,0,0,0,0,0,0,0,0,0,0,0,0,0,0,0,0,0,0,0,0,0,0,0,0,0,0,0,0,0,0,0,0,0,0,0,0,0,0,0,0,0,0,0,0,0,0,0,0,0,0,0,0,0,0,0,0,0,0,0,0,0,0,0,0,0,0,0,0,0,0,0,0,0,0,0,0,0,0,0,0,0,0,0,0,0,0,0,0,0,0,0,0,0,0,0,0,0,0,0,0,0,0,0,0,0,0,0,0,0,0,0,0,0,0,0,0,0,0,0,0,0,0,0,0,0,0,0,0,0,0,0,0,0,0,0,0,0,0,0,0,0,0,0,0,0,0,0,0,0,0,0,0,0,0,0,0,0,0,0,0,0,0,0,0,0,0,0,0,0,0,0,0,0,0,0,0,0,0,0,0,0,0,0,0,0,0,0,0,0,0,0,0,0,0,0,0,0,0,0,0,0,0,0,0,0,0,0,0,0,0,0,0,0,0,0,0,0,0,0,0,0,0,0,0,0,0,0,0,0,0,0,0,0,0,0,0,0,0,0,0,0,0,0,0,0,0,0,0,0,0,0,0,0,0,0,0,0,0,0,0,0,0,0,0,0,0,0,0,0,0,0,0,0,0,0,0,0,0,0,0,0,0,0,0,0,0,0,0,0,0,0,0,0,0,0,0,0,0,0,0,0,0,0,0,0,0,0,0,0,0,0,0,0,0,0,0,0,0,0,0,0,0,0,0,0,0,0,0,0,0,0,0,0,0,0,0
BedroomLights_Re,0,0,0,0,0,0,0,0,0,0,0,6.525,6.525,6.535,6.557,0,0,0,0,0,0,0,0,0,0,0,7.791,6.522,0,0,0,0,0,0,0,0,0,0,0,0,0,0,0,0,0,0,7.525,6.516,0,0,0,0,0,0,0,0,0,0,0,0,0,25.06,102.051,104.387,104.387,103.688,104.731,104.731,105.418,104.049,106.479,105.378,103.095,79.562,7.005,0,0,0,0,101.066,256.105,256.055,256.599,259.06,260.505,256.768,255.611,255.271,6.505,4.837,4.837,0,0,0,46.781,44.614,0,0,0,43.126,43.126,46.513,4.992,0,0,0,0,0,0,0,0,0,0,0,0,0,0,0,0,0,0,0,0,0,0,0,0,0,0,0,0,4.592,4.592,0,0,0,0,0,0,0,0,0,0,0,0,0,0,0,0,0,0,0,0,0,0,0,0,0,79.376,103.818,23.875,4.548,4.53,4.607,4.666,5.692,4.613,5.696,4.589,0,0,0,0,0,4.543,4.562,0,4.538,4.538,4.543,6.364,6.364,42.438,144.166,143.858,143.858,0,141.229,140.677,140.514,140.333,140.423,142.216,140.044,143.142,143.122,142.667,142.346,144.394,144.353,141.038,144.692,143.097,143.416,142.135,142.985,144.877,141.735,141.809,142.818,0,0,145.657,145.657,146.758,144.203,0,0,0,144.041,144.041,0,147.486,147.486,144.873,0,0,122.82,4.782,0,0,0,0,0,0,0,0,0,0,0,0,0,0,0,0,0,0,0,0,0,0,0,0,0,0,0,0,0,5.611,4.519,0,0,0,0,0,0,0,0,0,0,0,0,0,0,0,0,0,0,5.682,7.416,0,0,0,0,0,0,0,0,0,0,0,0,0,0,0,0,0,0,0,0,0,0,0,0,0,0,0,0,0,7.905,7.905,0,0,0,0,0,0,0,0,0,0,0,0,0,0,0,0,0,0,8.903,7.803,0,0,0,0,0,0,0,0,0,0,0,0,0,0,0,0,0,0,8.945,8.945,6.816,0,0,0,0,0,0,0,0,0,0,0,0,0,0,0,8.095,8.095,9.051,7.855,0,0,0,0,0,0,0,7.893,7.893,0,0,0,0,0,0,0,0,0,0,0,0,0,0,0,0,0,0,0,0,0,0,0,0,0,0,0,0,0,0,0,0,0,0,0,0,0,0,0,0,6.89,6.89,0,0,0,0,0,0,0,7.925,7.925,0,0,0,34.764,48.071,0,0,94.779,8.089,0,0,0,0,0,7.927,7.927,0,0,0,0,8.94,7.906,0,0,0,0,0,0,0,0,0,0,0,0,0,0,0,6.791,8.017,6.871,0,0,0,0,0,0,0,8.329,8.329,0,7.92,7.92,0,7.863,7.863,0,0,0,0,0,7.685,7.685,0,0,0,0,0,0,0,0,0,0,0,0,0,0,0,0,7.961,8.129,106.077,7.606,0,0,0,0,0,0,0,0,0,0,0,0,0,0,0,0,0,0,0,0,0,0,0,0,0,0,0,0,0,0,0,0,0,0,0,0,0,0,0,0,0,0,0,0,0,0,0,0,0,0,0,0,0,0,0,0,0,0,0,0,0,0,0,0,0,0,0,0,0,0,0,0,0,0,0,0,0,0,0,0,0,0,0,0,0,0,0,0,0,0,0,0,0,0,0,0,0,0,0,0,0,0,0,0,0,0,0,0,0,0,0,0,0,0,0,0,0,0,0,0,0,0,0,0,0,0,0,0,0,0,0,0,0,0,0,0,0,0,0,0,0,0,0,0,0,0,0,0,0,0,0,0,0,0,0,0,0,0,0,0,0,0,0,0,0,0,0,0,0,0,0,0,0,0,0,0,0,0,0,0,0,0,0,0,0,0,0,0,0,0,0,0,0,0,0,0,0,0,0,0,0,0,0,0,0,0,0,0,0,0,0,0,0,0,0,0,0,0,0,0,0,0,0,0,0,0,0,0,0,0,0,0,0,0,0,0,0,0,0,0,0,0,0,0,0,0,0,0,0,0,0,0,0,0,0,0,0,0,0,0,0,0,0,0,0,0,0,0,0,0,0,0,0,0,0,0,0,0,0,0,0,0,0,0,0,0,0,0,0,0,0,0,0,0,0,0,0,0,0,0,0,0,0,0,0,0,0,0,0,0,0,0,0,0,0,0,0,0,0,0,0,0,0,0,0,0,0,0,0,0,0,0,0,0,0,0,0,0,0,0,0,0,0,0,0,0,0,0,0,0,0,0,0,0,0,0,0,0,0,0,0,0,0,0,0,0,0,0,0,0,0,0,0,0,0,0,0,0,0,0,0,0,0,0,0,0,0,0,0,0,0,0,0,0,0,0,0,0,0,0,0,0,0,0,0,0,0,0,0,0,0,0,0,0,0,0,0,0,0,0,0,0,0,0,0,0,0,0,0,0,0,0,0,0,0,0,0,0,0,0,0,0,0,0,0,0,0
MasterOutlets_Re,0,0,0,0,0,0,0,0,0,0,0,506.724,505.76,506.031,505.952,508.628,506.235,507.435,508.218,508.147,507.759,503.05,506.762,503.937,504.168,505.229,507.738,504.101,504.23,500.546,504.373,501.302,505.646,505.79,504.675,503.974,502.482,503.02,505.989,505.55,502.585,503.369,502.744,503.122,501.651,504.126,503.756,507.341,502.875,501.882,504.116,500.902,500.578,502.872,498.364,504.517,505.232,503.854,504.47,503.96,503.038,503.226,503.869,504.575,502.602,502.832,504.3,505.025,505.84,501.089,503.309,503.563,504.608,501.528,502.994,509.141,506.956,509.047,506.875,507.795,509.978,510.313,513.381,513.105,516.901,516.55,517.634,518.64,517.277,515.174,64.252,63.57,62.211,62.574,62.014,63.834,62.831,62.518,62.027,62.183,63.823,63.777,61.858,63.602,63.498,62.136,62.214,63.061,63.725,61.998,61.194,62.452,62.344,61.883,61.371,63.483,62.838,61.771,62.278,62.925,61.426,61.326,62.778,63.395,63.319,62.14,61.885,63.259,63.059,62.026,62.089,63.59,62.113,68.021,62.227,63.73,63.427,63.323,62.083,63.544,63.43,62.178,62.217,63.156,62.086,63.343,63.06,63.181,62.217,62.947,62.371,62.097,62.759,65.807,61.801,63.006,61.148,62.692,62.18,61.661,62.524,61.27,62.477,61.796,61.779,61.847,64.801,63.433,64.654,61.708,62.542,63.326,64.263,63.379,61.76,63.739,61.733,62.746,61.825,64.303,63.984,454.239,478.823,508.538,526.574,545.494,551.696,561.562,567.352,574.25,571.81,572.619,568.514,568.46,562.539,565.633,567.129,563.875,560.262,563.318,558.911,562.295,569.512,563.633,563.302,562.937,567.15,567.565,568.876,569.581,568.188,569.571,569.685,568.213,569.592,573.227,568.295,573.724,572.38,574.77,569.786,572.2,575.427,578.202,62.777,64.244,63.809,63.887,63.327,63.906,63.806,63.374,63.462,62.827,61.775,62.852,62.265,62.52,61.959,62.254,61.389,61.159,61.517,63.484,61.569,0,63.787,63.523,63.829,62.31,0,0,63.116,67.132,62.957,0,0,62.038,62.038,63.085,63.048,63.048,61.937,63.161,63.364,62.31,61.893,63.449,63.274,62.016,61.705,63.222,63.851,67.528,61.857,62.369,63.221,63.319,61.352,472.822,507.81,532.782,552.858,572.84,588.54,586.279,586.269,591.646,594.369,596.312,585.417,591.729,595.455,591.801,593.838,591.109,595.133,594.343,592.322,587.716,592.722,596.779,589.453,588.209,585.281,584.499,585.096,592.693,593.612,590.366,587.006,586.652,588.153,587.156,586.05,586.721,589.093,588.88,588.171,592.718,596.094,592.954,589.441,591.143,593.946,588.493,590.452,600.004,598.987,594.812,591.303,593.165,594.021,597.47,599.84,603.653,597.247,606.815,601.849,604.877,607.111,602.444,610.231,609.152,614.196,609.418,610.184,607.626,613.784,604.465,612.308,610.417,609.183,605.294,606.181,608.067,603.584,603.957,600.586,595.819,600.232,601.428,597.432,592.399,590.83,586.003,582.584,586.787,588.412,584.705,588.208,584.931,580.537,590.694,578.881,584.599,578.097,582.021,578.951,580.857,582.552,583.723,585.877,593.779,598.811,605.212,606.367,611.955,609.87,615.773,616.147,612.803,618.96,612.611,617.815,612.682,618.436,621.407,626.203,625.987,629.718,618.541,624.772,628.993,622.154,624.799,623.634,621.099,622.176,626.537,632.541,628.5,634.438,626.047,621.687,627.325,628.394,627.613,620.585,619.941,621.466,624.743,620.599,617.055,614.009,617.351,618.274,620.198,614.687,621.445,618.829,623.653,620.419,617.028,617.418,612.492,615.612,612.851,610.735,612.547,613.499,612.264,638.651,636.019,629.684,636.737,637.098,627.244,633.018,636.474,629.247,607.213,603.864,603.774,605.067,610.958,605.664,606.254,601.738,600.93,601.3,602.171,605.233,604.308,603.608,602.784,602.715,598.977,604.835,597.432,600.754,601.622,590.772,591.824,598.207,595.867,598.428,591.599,592.759,592.341,593.983,594.7,595.279,594.513,592.231,585.445,584.563,590.151,588.71,584.915,584.673,581.277,581.597,582.849,579.908,579.963,576.448,579.639,582.594,582.06,581.573,582.157,577.353,583.008,577.117,575.862,574.589,576.707,577.33,580.222,558.714,529.972,493.397,0,0,0,0,0,0,0,0,0,0,0,0,0,0,0,0,0,0,0,0,0,0,0,0,0,0,0,0,0,0,0,0,0,0,0,0,0,0,0,0,0,0,0,0,0,0,0,0,0,0,0,0,0,0,0,0,0,0,0,0,0,0,0,0,0,0,0,0,0,0,0,0,0,0,0,0,0,0,0,0,0,0,0,0,0,0,0,0,0,0,0,0,0,0,0,0,0,0,0,0,0,0,0,0,0,0,0,0,0,0,0,0,0,0,0,0,0,0,0,0,0,0,0,0,0,0,0,0,0,0,0,0,0,0,0,0,0,0,0,0,0,0,0,0,0,0,0,0,0,0,0,0,0,0,0,0,0,0,0,0,0,0,0,0,0,0,0,0,0,0,0,0,0,0,0,0,0,0,0,0,0,0,0,0,0,0,0,0,0,0,0,0,0,0,0,0,0,0,0,0,0,0,0,0,0,0,0,0,0,0,0,0,0,0,0,0,0,0,0,0,0,0,0,0,0,0,0,0,0,0,0,0,0,0,0,0,0,0,0,0,0,0,0,0,0,0,0,0,0,0,0,0,0,0,0,0,0,0,0,0,0,0,0,0,0,0,0,0,0,0,0,0,0,0,0,0,0,0,0,0,0,0,0,0,0,0,0,0,0,0,0,0,0,0,0,0,0,0,0,0,0,0,0,0,0,0,0,0,0,0,0,0,0,0,0,0,0,0,0,0,0,0,0,0,0,0,0,0,0,0,0,0,0,0,0,0,0,0,0,0,0,0,0,0,0,0,0,0,0,0,0,0,0,0,0,0,0,0,0,0,0,0,0,0,0,0,0,0,0,0,0,0,0,0,0,0,0,0,0,0,0,0,0,0,0,0,0,0,0,0,0,0,0,0,0,0,0,0,0,0,0,0,0,0,0,0,0,0,0,0,0,0,0,0,0,0,0,0,0,0,0,0,0,0,0,0,0,0,0,0,0,0,0,0,0,0,0,0,0,0,0,0,0,0,0,0,0
MasterLights_Re,0,0,0,0,0,0,0,0,0,0,0,8.79,8.79,0,0,0,0,0,8.817,8.817,0,0,0,0,0,0,0,0,9.569,9.798,10.009,11.239,9.158,9.079,9.236,9.169,9.272,12.15,11.917,12.076,12.817,9.058,11.155,8.666,0,0,0,0,0,0,0,0,0,0,0,0,0,0,0,0,0,0,0,0,0,0,0,0,0,9.674,10.807,11.722,8.568,12.344,8.996,10.034,10.167,9.063,11.916,10.612,8.678,10.774,11.251,9.147,8.742,0,0,0,0,0,0,0,0,18.961,8.744,0,0,0,0,0,0,0,0,0,0,0,0,0,0,0,10.096,10.058,9.579,11.598,8.466,11.147,9.859,10.992,11.538,8.87,9.505,11.69,9.532,8.623,11.017,8.491,0,0,0,0,0,0,0,0,0,0,0,0,0,0,0,0,0,0,0,0,0,0,0,0,0,9.55,11.532,9.635,9.634,9.747,9.785,11.746,8.636,9.797,11.302,8.478,9.732,11.041,8.569,11.025,8.467,0,0,0,0,0,0,0,0,0,0,0,0,0,0,0,0,0,0,0,0,8.208,9.29,0,8.246,8.246,12.306,8.792,11.512,8.475,11.915,9.241,9.534,8.906,9.186,11.593,9.363,9.75,11.576,9.202,8.426,8.481,0,0,0,0,0,0,0,0,0,0,0,0,0,0,9.461,9.461,0,0,0,0,0,0,0,0,10.764,11.956,10.791,10.782,10.885,9.074,11.459,8.736,10.908,10.911,9.055,12.002,11.243,8.78,11.47,8.448,0,0,0,0,0,0,0,0,0,0,0,0,0,0,0,0,0,0,0,0,0,0,0,0,0,11.246,9.029,10.336,11.178,8.889,11.786,9.467,10.321,10.674,8.223,11.575,10.683,9.255,11.626,10.515,8.167,0,0,0,0,0,0,0,0,0,0,0,0,0,0,0,0,0,0,0,0,0,0,0,0,0,12.514,9.108,10.483,9.477,10.68,9.773,8.737,11.487,11.818,9.053,10.88,8.856,11.345,10.23,8.353,8.309,0,0,0,0,0,0,0,0,0,0,0,0,0,0,0,0,0,0,0,0,0,0,0,0,0,11.051,9.293,11.209,8.844,11.452,9.036,10.56,8.961,9.894,11.022,12.198,10.926,9.594,8.481,11.289,10.939,0,0,0,0,0,0,0,0,0,0,0,0,0,0,0,0,0,0,0,0,0,0,0,0,0,9.881,8.719,11.096,9.503,9.135,11.779,8.349,11.35,9.579,9.293,10.758,9.112,8.675,11.831,9.206,8.809,0,0,0,0,0,0,0,0,0,0,0,8.484,8.484,0,0,0,0,0,0,0,0,0,0,0,0,10.415,11.799,8.466,11.142,9.331,10.568,10.653,8.26,11.337,8.814,10.015,11.168,8.548,10.85,10.214,8.301,0,0,0,0,0,0,0,0,0,0,0,0,0,0,0,0,0,0,0,0,0,0,0,0,0,9.354,9.676,9.679,9.5,10.957,8.453,11.146,8.559,9.309,11.084,8.323,11.451,10.694,8.749,11.305,8.469,0,0,0,0,0,0,0,0,0,0,0,0,0,0,0,10.579,8.682,10.222,111.077,0,0,0,0,0,0,0,0,0,0,0,0,0,0,0,0,0,0,0,0,0,0,0,0,0,0,0,0,0,0,0,0,0,0,0,0,0,0,0,0,0,0,0,0,0,0,0,0,0,0,0,0,0,0,0,0,0,0,0,0,0,0,0,0,0,0,0,0,0,0,0,0,0,0,0,0,0,0,0,0,0,0,0,0,0,0,0,0,0,0,0,0,0,0,0,0,0,0,0,0,0,0,0,0,0,0,0,0,0,0,0,0,0,0,0,0,0,0,0,0,0,0,0,0,0,0,0,0,0,0,0,0,0,0,0,0,0,0,0,0,0,0,0,0,0,0,0,0,0,0,0,0,0,0,0,0,0,0,0,0,0,0,0,0,0,0,0,0,0,0,0,0,0,0,0,0,0,0,0,0,0,0,0,0,0,0,0,0,0,0,0,0,0,0,0,0,0,0,0,0,0,0,0,0,0,0,0,0,0,0,0,0,0,0,0,0,0,0,0,0,0,0,0,0,0,0,0,0,0,0,0,0,0,0,0,0,0,0,0,0,0,0,0,0,0,0,0,0,0,0,0,0,0,0,0,0,0,0,0,0,0,0,0,0,0,0,0,0,0,0,0,0,0,0,0,0,0,0,0,0,0,0,0,0,0,0,0,0,0,0,0,0,0,0,0,0,0,0,0,0,0,0,0,0,0,0,0,0,0,0,0,0,0,0,0,0,0,0,0,0,0,0,0,0,0,0,0,0,0,0,0,0,0,0,0,0,0,0,0,0,0,0,0,0,0,0,0,0,0,0,0,0,0,0,0,0,0,0,0,0,0,0,0,0,0,0,0,0,0,0,0,0,0,0,0,0,0,0,0,0,0,0,0,0,0,0,0,0,0,0,0,0,0,0,0,0,0,0,0,0,0,0,0,0,0,0,0,0,0,0,0,0,0,0,0,0,0,0,0,0,0,0,0,0,0,0,0,0,0,0,0,0,0,0,0,0,0,0,0,0,0,0,0,0,0,0,0
DuctHeaterHRV_Re,0,0,0,0,0,0,0,0,0,0,0,2.911,64.505,2.951,2.883,99.805,29.721,2.891,11.489,117.851,2.977,2.917,2.981,46.349,2.797,72.765,3.172,2.825,46.714,259.214,732.625,627.948,293.53,947.402,915.55,467.444,290.952,859.827,365.67,788.275,70.469,128.949,606.573,2.354,0,0,0,11.088,19.767,2.911,25.642,19.872,87.973,2.782,2.8,36.921,36.955,2.775,2.978,71.217,2.695,2.747,37.237,53.775,146.444,45.361,53.985,2.68,28.028,288.825,391.908,757.18,2.212,921.352,132.914,637.821,623.733,130.316,844.454,404.639,24.126,536.145,635.22,100.917,2.215,0,0,0,0,19.668,19.486,2.125,45.533,2.582,11.552,2.724,2.631,2.638,11.189,19.733,2.562,9.153,113.804,19.361,2.489,79.524,2.65,36.363,80.391,11.236,2.605,366.473,293.751,743.534,2.169,612.912,291.727,382.848,757.127,96.203,260.216,735.705,221.259,46.664,608.05,2.223,0,0,19.298,36.427,2.173,19.943,37.158,37.385,2.703,2.675,36.798,2.648,2.69,2.645,45.305,2.283,122.897,28.143,2.552,138.172,19.285,2.496,10.746,2.165,97.989,269.99,713.16,405.838,437.289,514.553,297.29,767.65,56.881,644.846,692.559,2.109,469.934,567.748,1.993,354.793,2.129,0,0,0,10.402,2.122,27.423,2.071,2.098,86.444,2.462,102.871,2.468,2.501,2.462,2.756,10.789,2.834,170.842,27.483,2.545,2.504,2.571,19.315,10.787,2.755,977.073,59.158,731.869,2.21,830.153,199.578,536.879,256.501,218.891,752.327,246.839,328.226,771.301,196.212,2.197,2.208,0,0,19.375,79.434,19.268,53.116,28.048,2.917,2.874,11.11,11.185,2.73,2.445,2.673,2.901,11.046,46.321,177.647,37.482,2.601,2.72,2.682,2.645,113.716,71.31,837.74,302.729,356.337,601.072,166.442,740.779,80.242,601.901,461.429,143.57,863.965,383.616,84.95,735.442,187.602,2.148,0,0,0,10.691,10.724,10.73,71.788,71.124,2.601,88.494,87.748,2.52,2.578,53.576,70.55,109.584,44.937,121.779,11,2.741,2.607,87.028,70.97,2.577,45.768,419.91,274.693,679.661,88.503,816.729,248.672,331.929,559.792,2.445,782.466,276.919,188.201,762.607,405.901,2.588,0,0,0,0,10.878,2.873,28.121,28.302,2.916,87.31,19.907,2.799,2.933,61.919,2.968,2.807,137.765,10.168,2.969,3.057,2.912,36.863,11.711,2.997,2.826,2.806,159.625,441.372,278.908,486.266,467.081,84.701,743.953,43.483,496.82,582.027,72.491,712.673,442.479,2.382,2.448,0,0,0,0,10.979,2.741,78.962,3.134,19.981,2.883,2.937,79.369,121.47,2.814,3.102,96.737,54.575,19.887,2.984,28.447,28.675,2.893,2.955,2.995,37.26,2.67,551.735,459.036,293.859,720.151,118.112,491.237,143.906,435.712,619.536,925.134,537.443,433.622,2.392,658.765,2.374,0,0,0,0,20.074,11.182,2.436,19.84,19.533,3.065,46.293,2.946,3.027,11.671,3.033,3.016,2.986,3.051,20.314,37.643,29.168,3.096,20.151,2.999,2.983,79.622,101.84,562.334,334.318,202.401,795.165,2.458,713,414.825,247.462,551.046,148.85,266.434,833.856,175.348,2.413,0,0,0,0,11.099,2.464,11.09,11.116,2.795,46.079,2.888,87.368,3.167,3.017,88.022,19.934,2.922,89.226,20.007,2.85,20.147,2.792,2.916,2.934,11.707,36.936,809.522,19.43,664.503,407.34,349.647,605.207,2.485,736.723,124.998,384.167,651.223,43.72,376.369,462.601,2.35,0,0,0,0,19.567,2.308,10.943,10.884,2.424,2.995,28.147,2.927,19.465,2.551,3.115,2.745,11.537,19.57,2.958,3.059,2.95,121.732,19.846,11.152,78.648,2.861,550.669,294.889,273.023,582.282,2.463,656.427,57.201,527.759,640.927,2.475,703.462,367.97,69.591,690.181,2.459,0,0,0,0,11.18,2.982,2.546,53.765,2.877,80.855,142.889,11.377,115.156,98.856,73.453,2.755,107.119,339.997,2.298,0,0,0,0,0,0,0,0,0,0,0,0,0,0,0,0,0,0,0,0,0,0,0,0,0,0,0,0,0,0,0,0,0,0,0,0,0,0,0,0,0,0,0,0,0,0,0,0,0,0,0,0,0,0,0,0,0,0,0,0,0,0,0,0,0,0,0,0,0,0,0,0,0,0,0,0,0,0,0,0,0,0,0,0,0,0,0,0,0,0,0,0,0,0,0,0,0,0,0,0,0,0,0,0,0,0,0,0,0,0,0,0,0,0,0,0,0,0,0,0,0,0,0,0,0,0,0,0,0,0,0,0,0,0,0,0,0,0,0,0,0,0,0,0,0,0,0,0,0,0,0,0,0,0,0,0,0,0,0,0,0,0,0,0,0,0,0,0,0,0,0,0,0,0,0,0,0,0,0,0,0,0,0,0,0,0,0,0,0,0,0,0,0,0,0,0,0,0,0,0,0,0,0,0,0,0,0,0,0,0,0,0,0,0,0,0,0,0,0,0,0,0,0,0,0,0,0,0,0,0,0,0,0,0,0,0,0,0,0,0,0,0,0,0,0,0,0,0,0,0,0,0,0,0,0,0,0,0,0,0,0,0,0,0,0,0,0,0,0,0,0,0,0,0,0,0,0,0,0,0,0,0,0,0,0,0,0,0,0,0,0,0,0,0,0,0,0,0,0,0,0,0,0,0,0,0,0,0,0,0,0,0,0,0,0,0,0,0,0,0,0,0,0,0,0,0,0,0,0,0,0,0,0,0,0,0,0,0,0,0,0,0,0,0,0,0,0,0,0,0,0,0,0,0,0,0,0,0,0,0,0,0,0,0,0,0,0,0,0,0,0,0,0,0,0,0,0,0,0,0,0,0,0,0,0,0,0,0,0,0,0,0,0,0,0,0,0,0,0,0,0,0,0,0,0,0,0,0,0,0,0,0,0,0,0,0,0,0,0,0,0,0,0,0,0,0,0,0,0,0,0,0,0,0,0,0,0,0,0,0,0,0,0,0,0,0,0
CounterOutlets1_Re,0,0,0,0,0,0,0,0,0,0,0,2.655,2.655,0,0,0,0,0,1.981,1.981,0,0,0,0,0,0,0,0,2.073,2.141,0.989,2.078,2.085,2.589,0.796,2.349,2.156,0.834,2.188,0.624,0.902,2.538,2.527,2.661,0,0,0,0,0,0,0,0,0,0,0,0,0,0,0,0,0,0,0,0,0,0,0,0,0,1299.501,1438.05,0.992,2.744,0.841,1.292,1.216,1.852,2.367,0.845,1.159,2.931,1.47,1.523,2.573,2.908,0,0,0,0,0,0,0,0,0,0,0,0,0,0,0,0,0,0,0,0,0,0,0,0,0,1.324,2.012,2.302,2.902,2.519,2.195,3.124,3.268,1.896,3.248,2.118,1.939,2.026,3.41,2.25,3.471,0,0,0,0,0,0,0,0,0,0,0,0,0,0,0,0,0,0,0,0,0,0,0,0,0,1.75,2.776,1.693,2.951,2.86,2.771,1.752,3.122,3.173,1.95,3.228,1.827,1.933,3.17,3.163,0,4.22,4.423,4.423,0,0,0,0,3.233,3.233,4.215,3.057,3.011,3.003,4.274,4.274,0,0,0,0,0,0,0,3.174,3.174,1.699,1.793,2.963,1.302,2.865,1.054,2.446,2.721,2.523,2.734,2.893,2.583,2.509,1.21,2.578,2.877,0,0,0,0,0,0,4.523,3.115,0,0,0,0,0,0,0,0,0,0,0,0,0,0,0,0,0,2.777,1.745,3.164,1.909,2.171,3.055,1.993,3.351,3.219,1.996,3.145,1.697,1.967,3.309,1.952,3.521,0,0,0,0,0,0,0,0,0,0,0,0,0,0,0,0,0,0,0,0,0,0,0,0,0,2.097,3.655,3.155,2.056,3.313,1.727,1.584,0.869,0.43,1.782,0.154,0.154,0.397,-0.03,0.376,1.862,0,0,0,0,0,0,0,0,0,0,0,0,0,0,0,0,0,0,0,0,0,0,0,0,0,0.644,2.342,3.101,1.573,1.511,0.613,1.681,0.226,1.73,1.553,1.308,2.3,0.96,1.241,2.566,2.754,0,0,0,0,0,0,0,0,0,0,0,0,0,0,0,0,0,0,0,0,0,0,0,0,0,-0.417,-0.272,1.547,0.005,1.825,1.519,0.836,0.421,0.47,1.529,2.827,2.487,2.346,1.873,0.004,0.453,0,0,0,0,0,0,0,0,0,0,0,0,0,0,0,0,0,0,0,1.586,1.586,0,0,0,0,-0.451,1.674,1.458,1.996,1.211,0.809,1.745,0.019,0.327,1.331,0.546,1.522,1.427,0.128,2.565,2.441,0,0,0,0,0,0,0,0,4.15,2.897,0,1.951,1.951,0,0,0,0,0,0,0,0,1.887,1.887,0,0,0.603,-0.171,1.572,0.014,1.372,0.452,1.318,1.696,0.875,1.033,2.412,0.252,1.622,1.627,0.682,1.301,0,0,0,0,0,0,0,0,0,0,0,0,0,0,0,0,0,0,0,0,0,0,0,0,0,-0.159,1.436,0.691,1.356,1.054,1.837,0.344,1.661,1.615,0.321,2.725,1.301,1.311,0.659,0.294,1.782,0,0,0,0,0,0,3.186,2.027,0,0,0,0,3.999,3.999,0,2.922,3.352,0.929,0,0,0,0,0,0,0,0,0,0,0,0,0,0,0,0,0,0,0,0,0,0,0,0,0,0,0,0,0,0,0,0,0,0,0,0,0,0,0,0,0,0,0,0,0,0,0,0,0,0,0,0,0,0,0,0,0,0,0,0,0,0,0,0,0,0,0,0,0,0,0,0,0,0,0,0,0,0,0,0,0,0,0,0,0,0,0,0,0,0,0,0,0,0,0,0,0,0,0,0,0,0,0,0,0,0,0,0,0,0,0,0,0,0,0,0,0,0,0,0,0,0,0,0,3.194,1.338,1.517,0,0,0,0,0,0,0,0,0,0,0,0,0,0,0,0,0,0,0,0,0,0,0,0,0,0,0,0,0,0,0,0,0,0,0,0,0,0,0,0,0,0,0,0,0,0,0,0,0,0,0,0,0,0,0,0,0,0,0,0,0,0,0,0,0,0,0,0,0,0,0,0,0,0,0,0,0,0,0,0,0,0,0,0,0,0,0,0,0,0,0,0,0,0,0,0,0,0,0,0,0,0,0,0,0,0,0,0,0,0,0,0,0,0,0,0,0,0,0,0,0,0,0,0,0,0,0,0,0,0,0,0,0,0,0,0,0,0,0,0,0,0,0,0,0,0,0,0,0,0,0,0,0,0,0,0,0,0,0,0,0,0,0,0,0,0,0,0,0,0,0,0,0,0,0,0,0,0,0,0,0,0,0,0,0,0,0,0,0,0,0,0,0,0,0,0,0,0,0,0,0,0,0,0,0,0,0,0,0,0,0,0,0,0,0,0,0,0,0,0,0,0,0,0,0,0,0,0,0,0,0,0,0,0,0,0,0,0,0,0,0,0,0,0,0,0,0,0,0,0,0,0,0,0,0,0,0,0,0,0,0,0,0,0,0,0,0,0,0,0,0,0,0,0,0,0,0,0,0,0,0,0,0,0,0,0,0,0,0,0,0,0,0,0,0,0,0,0,0,0,0,0,0,0,0,0,0,0,0,0,0,0,0,0,0,0,0,0,0,0,0
CounterOutlets2_Re,0,0,0,0,0,0,0,0,0,0,0,4.681,4.681,0,0,0,0,0,0,0,0,0,0,0,0,0,0,0,5.119,6.282,6.378,6.181,5.17,4.667,6.501,4.923,5.1,6.45,5.077,6.755,6.459,4.586,4.665,4.521,0,0,0,0,0,0,0,0,0,0,0,0,0,0,0,0,0,0,0,0,0,0,0,0,0,3.086,3.425,6.327,4.446,6.424,4.929,5.989,6.361,4.794,6.356,6.11,4.081,5.63,5.613,4.568,4.274,0,0,0,0,0,0,0,0,0,0,0,0,0,0,0,0,0,0,0,0,0,0,0,0,0,5.706,4.928,4.643,5.015,3.261,4.794,3.733,4.635,5.073,3.541,3.715,5.07,4.877,3.302,4.59,3.265,0,0,0,0,0,0,0,0,0,0,0,0,0,0,0,0,0,0,0,0,0,0,0,0,0,5.075,4.062,5.166,3.505,4.895,4.055,5.199,3.622,3.568,3.888,3.468,5.11,5.09,3.72,4.031,0,0,0,0,0,0,0,0,0,0,0,0,0,0,0,0,0,0,0,0,0,0,0,0,0,5.238,6.264,4.079,5.763,4.015,6.003,4.488,4.636,4.35,4.415,4.045,5.632,5.41,5.805,5.525,4.031,0,0,0,0,0,0,1.835,3.766,0,0,0,0,0,0,0,0,0,0,0,0,0,0,0,0,0,4.064,5.183,4.936,3.972,4.739,3.629,4.91,3.307,4.626,3.844,3.567,5.274,3.761,3.435,4.95,3.21,0,0,0,0,0,0,0,0,0,0,0,0,0,0,0,0,0,0,0,0,0,0,0,0,0,4.64,3.321,4.511,4.757,3.519,5.153,5.646,6.463,6.979,5.526,7.506,7.384,7.119,7.513,6.994,5.373,0,0,0,0,0,0,0,0,0,0,0,0,0,0,0,0,0,0,0,0,0,0,0,0,0,6.752,4.891,6.593,5.798,6.107,7.12,5.685,7.187,5.746,5.931,6.12,4.927,6.248,5.99,4.568,4.242,0,0,0,0,0,0,0,0,0,0,0,0,0,0,0,0,0,0,0,0,0,0,0,0,0,8.011,7.18,5.879,7.634,5.713,6.127,6.715,7.154,7.394,5.717,4.272,4.894,5.032,5.666,7.615,7.119,0,0,0,0,0,0,0,5.803,5.803,0,0,0,0,0,0,0,0,0,0,5.687,5.687,0,0,0,0,7.91,5.7,4.817,5.162,4.917,6.469,5.68,7.475,7.186,6.093,7.064,6.065,7.138,7.403,5.987,4.846,0,0,0,0,0,0,0,0,4.655,4.655,0,0,0,0,0,0,0,0,0,0,0,0,0,0,0,6.899,7.743,5.902,7.435,6.191,7.14,5.98,5.786,6.405,6.247,4.757,7.256,5.832,6.223,6.769,6.249,0,0,0,0,0,0,0,0,0,0,0,0,0,0,0,0,0,0,0,0,0,0,0,0,0,7.654,7.308,6.599,5.906,6.968,5.613,7.166,5.742,5.778,7.191,4.275,5.916,5.949,6.796,7.165,5.571,0,0,0,0,0,0,0,0,0,0,0,0,4.46,4.46,0,4.492,4.469,5.497,0,0,0,0,0,0,0,0,0,0,0,0,0,0,0,0,0,0,0,0,0,0,0,0,0,0,0,0,0,0,0,0,0,0,0,0,0,0,0,0,0,0,0,0,0,0,0,0,0,0,0,0,0,0,0,0,0,0,0,0,0,0,0,0,0,0,0,0,0,0,0,0,0,0,0,0,0,0,0,0,0,0,0,0,0,0,0,0,0,0,0,0,0,0,0,0,0,0,0,0,0,0,0,0,0,0,0,0,0,0,0,0,0,0,0,0,0,0,0,0,0,0,0,0,3.849,5.958,4.814,0,0,0,0,0,0,0,0,0,0,0,0,0,0,0,0,0,0,0,0,0,0,0,0,0,0,0,0,0,0,0,0,0,0,0,0,0,0,0,0,0,0,0,0,0,0,0,0,0,0,0,0,0,0,0,0,0,0,0,0,0,0,0,0,0,0,0,0,0,0,0,0,0,0,0,0,0,0,0,0,0,0,0,0,0,0,0,0,0,0,0,0,0,0,0,0,0,0,0,0,0,0,0,0,0,0,0,0,0,0,0,0,0,0,0,0,0,0,0,0,0,0,0,0,0,0,0,0,0,0,0,0,0,0,0,0,0,0,0,0,0,0,0,0,0,0,0,0,0,0,0,0,0,0,0,0,0,0,0,0,0,0,0,0,0,0,0,0,0,0,0,0,0,0,0,0,0,0,0,0,0,0,0,0,0,0,0,0,0,0,0,0,0,0,0,0,0,0,0,0,0,0,0,0,0,0,0,0,0,0,0,0,0,0,0,0,0,0,0,0,0,0,0,0,0,0,0,0,0,0,0,0,0,0,0,0,0,0,0,0,0,0,0,0,0,0,0,0,0,0,0,0,0,0,0,0,0,0,0,0,0,0,0,0,0,0,0,0,0,0,0,0,0,0,0,0,0,0,0,0,0,0,0,0,0,0,0,0,0,0,0,0,0,0,0,0,0,0,0,0,0,0,0,0,0,0,0,0,0,0,0,0,0,0,0,0,0,0,0,0,0
KitchenOutlets_Re,0,0,0,0,0,0,0,0,0,0,0,4.991,4.991,0,0,0,0,0,4.581,3.803,0,0,0,4.368,4.368,0,0,0,5.35,2.957,4.457,4.15,4.188,4.789,2.816,5.027,4.562,2.643,4.372,2.344,2.686,4.803,3.466,5.001,0,0,0,0,0,0,0,0,0,0,0,0,0,0,0,0,0,0,0,0,0,0,0,0,0,2.738,3.281,3.197,5.001,2.465,3.495,4.752,3.909,4.908,2.743,3.08,5.298,5.071,4.128,5.224,5.56,0,0,0,0,0,0,0,0,0,0,0,0,0,0,0,0,0,0,0,0,0,0,0,0,0,3.328,5.38,5.805,3.96,4.388,4.577,5.599,4.631,3.902,5.596,4.291,4.252,5.744,6.051,4.365,5.004,0,0,0,0,0,0,0,0,0,0,0,0,6.551,5.508,0,0,0,0,0,0,0,0,0,0,0,4.133,5.152,4.156,6.054,4.249,5.604,4.013,5.467,4.235,4.232,6.196,4.084,3.996,5.501,5.413,5.759,0,5.53,5.53,0,0,0,0,0,5.447,5.35,6.533,5.344,5.344,5.381,0,0,0,0,0,0,0,5.708,6.167,6.025,6.209,2.655,5.407,3.603,5.786,3.386,4.737,5.393,5.48,5.118,5.377,4.807,4.869,3.231,3.622,5.822,5.471,0,0,0,0,0,8.86,5.782,0,0,0,0,0,0,0,0,5.717,5.671,0,0,0,0,0,0,0,3.422,3.788,4.402,4.442,5.449,5.396,4.009,5.893,5.588,5.605,5.541,3.647,5.69,5.968,4.503,6.248,0,0,0,0,0,0,0,0,0,0,0,0,0,0,0,0,0,0,6.689,6.689,0,0,0,0,5.381,5.381,6.038,4.702,4.273,5.72,3.793,3.776,2.528,2.967,3.475,1.36,2.967,3.038,1.597,3.444,3.898,0,0,0,0,0,0,0,0,0,0,0,0,0,0,0,2.731,2.731,0,0,0,0,0,4.945,4.945,0,2.43,4.484,4.792,3.5,2.983,1.984,3.709,1.712,3.376,1.986,1.908,4.874,2.98,4.297,4.676,4.18,0,0,0,0,0,0,0,0,0,0,0,3.665,3.665,0,0,0,0,0,0,0,0,0,0,0,0,1.116,3.017,3.044,1.448,3.41,3.232,2.205,1.952,2.961,3.676,5.378,4.811,3.395,1.499,1.699,3.335,0,0,0,4.892,4.892,0,0,3.703,3.703,0,0,0,0,0,0,5.035,5.035,0,0,3.726,4.439,0,0,0,0,2.463,3.438,3.322,4.331,4.354,2.499,3.394,1.534,1.706,3.066,1.817,2.99,3.256,1.603,4.73,4.332,0,0,0,0,0,0,0,0,4.83,4.83,0,0,0,3.823,3.823,0,0,0,4.718,5.419,0,0,0,0,0,2.205,1.642,3.448,1.335,2.905,1.722,3.077,3.75,2.686,3.182,3.521,1.806,3.673,1.667,2.148,3.822,0,0,0,0,0,3.364,3.364,0,0,0,0,0,0,0,4.683,4.683,0,0,0,0,0,0,0,0,3.971,2.921,1.52,2.698,4.447,2.322,3.952,1.89,3.273,3.219,0.91,4.856,3.142,6.114,3.526,5.547,3.9,4.119,5.19,5.758,4.79,6.947,4.967,5.613,6.045,5.413,5.755,5.829,4.293,5.557,5.031,6.881,7.512,4.366,6.464,5.912,0,0,0,0,0,0,0,0,0,0,0,0,0,0,0,0,0,0,0,0,0,0,0,0,0,0,0,0,0,0,0,0,0,0,0,0,0,0,0,0,0,0,0,0,0,0,0,0,0,0,0,0,0,0,0,0,0,0,0,0,0,0,0,0,0,0,0,0,0,0,0,0,0,0,0,0,0,0,0,0,0,0,0,0,0,0,0,0,0,0,0,0,0,0,0,0,0,0,0,0,0,0,0,0,0,0,0,0,0,0,0,0,0,0,0,0,0,0,0,0,0,0,0,6.286,6.49,6.56,0,0,0,0,0,0,0,0,0,0,0,0,0,0,0,0,0,0,0,0,0,0,0,0,0,0,0,0,0,0,0,0,0,0,0,0,0,0,0,0,0,0,0,0,0,0,0,0,0,0,0,0,0,0,0,0,0,0,0,0,0,0,0,0,0,0,0,0,0,0,0,0,0,0,0,0,0,0,0,0,0,0,0,0,0,0,0,0,0,0,0,0,0,0,0,0,0,0,0,0,0,0,0,0,0,0,0,0,0,0,0,0,0,0,0,0,0,0,0,0,0,0,0,0,0,0,0,0,0,0,0,0,0,0,0,0,0,0,0,0,0,0,0,0,0,0,0,0,0,0,0,0,0,0,0,0,0,0,0,0,0,0,0,0,0,0,0,0,0,0,0,0,0,0,0,0,0,0,0,0,0,0,0,0,0,0,0,0,0,0,0,0,0,0,0,0,0,0,0,0,0,0,0,0,0,0,0,0,0,0,0,0,0,0,0,0,0,0,0,0,0,0,0,0,0,0,0,0,0,0,0,0,0,0,0,0,0,0,0,0,0,0,0,0,0,0,0,0,0,0,0,0,0,0,0,0,0,0,0,0,0,0,0,0,0,0,0,0,0,0,0,0,0,0,0,0,0,0,0,0,0,0,0,0,0,0,0,0,0,0,0,0,0,0,0,0,0,0,0,0,0,0,0,0,0,0,0,0,0,0,0,0,0,0,0,0,0,0,0,0,0
Grid_AP,0,0,0,0,0,0,0,0,0,0,0,1630.273,1523.472,2144.065,1441.362,1572.932,1723.848,1434.266,1439.469,2649.888,2682.639,1923.547,1478.582,1945.651,2257.747,1609.233,1577.078,1642.786,2445.595,2034.528,2405.993,3129.26,2467.264,1723.252,3302.097,2150.114,2453.528,3296.991,2928.318,2519.166,1808.717,2530.804,2277.327,1612.157,2385.893,2395.205,1619.02,1794.634,2489.385,1819.745,1479.266,2190.225,2191.65,1508.295,1511.825,2239.561,1521.244,1523.006,1541.721,2289.832,1518.873,1615.425,2038.734,1722.174,2036.838,2520.34,2674.058,1862.244,1890.508,2652.508,4513.711,2734.736,1937.147,3584.491,2927.11,2477.824,4354.232,2878.399,3441.171,2297.78,2871.926,3278.11,3415.251,2262.441,2102.307,2721.199,2494.367,2471.171,1489.45,1517.747,1796.578,1793.231,1883.227,1009.757,1030.141,1846.995,2007.339,2149.965,1346.199,1370.275,2115.492,2178.295,2242.387,2105.469,1125.575,1243.553,1898.413,1967.209,2062.956,1814.597,1072.577,2040.604,2190.653,2623.047,1853.401,1734.018,1418.199,2165.405,2487.93,1863.058,2082.871,1736.198,1251.941,1769.339,2400.707,1698.36,925.156,924.093,1645.784,1740.768,1708.858,1027.868,1078.951,1838.568,1818.87,1981.031,1186.587,1132.693,1938.287,1980.843,1196.191,1128.344,2111.479,1954.219,1978.814,1321.2,1118.495,1912.219,1974.037,1977.112,1783.045,752.776,1817.165,2322.285,2426.809,2463.02,1436.325,1070.084,1951.103,2760.36,2788.665,1988.413,3413.718,3523.034,2972.606,3351.16,1857.883,1968.321,2999.718,2192.129,2215.349,2994.593,2984.836,3204.291,3286.875,3421.737,3396.958,3519.333,3374.071,3372.917,1477.52,1873.793,2700.561,2494.581,3251.028,4005.404,3965.419,2993.892,3477.324,4010.038,4178.534,4146.36,4617.398,4259.256,3869.313,3117.572,3967.399,3324.314,3711.655,3391.705,4442.978,3889.104,3387.634,3634.41,4017.186,3497.565,3293.128,3286.775,4261.316,2956.845,3264.627,3315.275,3213.952,2380.736,1978.017,2407.65,2388.13,2836.125,2865.393,2862.809,2867.802,2872.543,2434.426,2755.319,2233.707,2479.384,2288.356,2091.921,1921.226,1950.484,1916.486,1170.085,1029.233,2639.574,2172.613,2301.907,2470.659,2106.912,2709.655,2029.834,2634.214,1563.299,2083.708,2808.568,2395.701,2116.924,2761.112,2191.988,1930.35,1917.48,1914.791,1915.869,1002.191,1002.575,1852.229,1664.137,745.059,994.288,2175.238,1919.884,1933.391,1956.167,2034.028,1953.53,1797.52,2006.923,1929.831,1548.967,1560.989,1910.353,2030.525,736.257,999.852,1978.291,2225.969,2482.987,2810.792,2299.806,2954.91,3339.229,2071.308,2359.88,3086.879,3962.718,2565.71,2836.863,3932.995,3200.327,2746.637,3191.841,2232.546,2243.693,2754.241,3063.578,2128.837,2066.926,2977.09,2956.38,3068.443,1588.386,2055.555,2899.412,2943.641,2501.31,2048.509,2183.379,2922.961,2932.957,2503.381,2039.635,2119.004,2582.874,2090.022,1586.37,1590.388,2745.017,3541.952,2939.815,2738.805,2662.47,2861.685,3567.075,3266.435,3786.724,2453.199,1865.971,3416.339,3211.881,2745.216,2685.356,2098.876,2109.396,3084.307,2646.568,3094.742,2130.636,2220.722,2618.518,2610.404,2580.95,2606.109,1600.625,2258.239,2649.011,2661.465,3358.103,2867.273,3270.335,3238.501,2268.509,2115.862,2948.26,2864.071,1474.661,1913.873,2871.624,3538.243,3142.406,3330.536,3061.702,2209.792,2169.778,3099.129,3403.553,2682.885,1998.197,2278.113,2202.956,3035.24,3746.626,2305.058,2117.019,3023.16,3006.339,3012.669,2535.545,2523.045,2692.406,1723.474,3058.227,2663.297,3210.324,3178.575,1784.476,1798.198,3184.14,3218.868,2307.943,2282.407,2728.667,2765.773,2754.781,2762.909,2237.801,2251.703,3162.97,3223.626,2970.954,3346.142,3171.079,2569.74,3607.898,3240.93,3986.9,3741.293,2954.762,3717.429,3324.751,2962.013,3538.265,2846.083,2572.918,2587.492,3071.093,3079.783,2637.318,3083.458,3071.626,3062.08,3055.455,3077.576,2167.753,1610.724,1993.097,2539.059,2578.951,3043.426,3080.048,3072.581,2723.716,2974.261,2438.984,1115.312,1612.805,3030.087,3122.299,2726.386,3157.693,4158.125,3332.771,3924.376,2812.435,2564.257,3321.677,3238.878,3496.858,2923.523,3137.308,3912.214,3321.183,3616.912,3728.778,3224.981,3222.247,3217.66,3213.491,2703.946,2701.598,2684.427,3168.151,3180.937,3184.171,2746.461,3211.013,3060.089,3054.13,3054.998,2601.471,2572.224,2528.568,1554.604,1338.613,2431.19,2894.089,3084.401,2932.25,1602.985,1692.664,2869.564,3634.188,2841.436,2771.053,3585.606,2975.206,3654.534,3161.424,3746.898,3905.132,2257.656,2987.815,3127.171,2751.139,3844.81,3118.022,2683.886,2677.985,2222.27,2223.718,2624.4,2641.605,2659.255,1799.26,2197.42,3070.147,3286.562,2829.479,2339.84,1945.696,1372.394,1955.799,2191.482,2553.724,2292.607,0,0,0,0,0,0,0,0,0,0,0,0,0,0,0,0,0,0,0,0,0,0,0,0,0,0,0,0,0,0,0,0,0,0,0,0,0,0,0,0,0,0,0,0,0,0,0,0,0,0,0,0,0,0,0,0,0,0,0,0,0,0,0,0,0,0,0,0,0,0,0,0,0,0,0,0,0,0,0,0,0,0,0,0,0,0,0,0,0,0,0,0,0,0,0,0,0,0,0,0,0,0,0,0,0,0,0,0,0,0,0,0,0,0,0,0,0,0,0,0,0,0,0,0,0,0,0,0,0,0,0,0,0,0,0,0,0,0,0,0,0,0,0,0,0,0,0,0,0,0,0,0,0,0,0,0,0,0,0,0,0,0,0,0,0,0,0,0,0,0,0,0,0,0,0,0,0,0,0,0,0,0,0,0,0,0,0,0,0,0,0,0,0,0,0,0,0,0,0,0,0,0,0,0,0,0,0,0,0,0,0,0,0,0,0,0,0,0,0,0,0,0,0,0,0,0,0,0,0,0,0,0,0,0,0,0,0,0,0,0,0,0,0,0,0,0,0,0,0,0,0,0,0,0,0,0,0,0,0,0,0,0,0,0,0,0,0,0,0,0,0,0,0,0,0,0,0,0,0,0,0,0,0,0,0,0,0,0,0,0,0,0,0,0,0,0,0,0,0,0,0,0,0,0,0,0,0,0,0,0,0,0,0,0,0,0,0,0,0,0,0,0,0,0,0,0,0,0,0,0,0,0,0,0,0,0,0,0,0,0,0,0,0,0,0,0,0,0,0,0,0,0,0,0,0,0,0,0,0,0,0,0,0,0,0,0,0,0,0,0,0,0,0,0,0,0,0,0,0,0,0,0,0,0,0,0,0,0,0,0,0,0,0,0,0,0,0,0,0,0,0,0,0,0,0,0,0,0,0,0,0,0,0,0,0,0,0,0,0,0,0,0,0,0,0,0,0,0,0,0,0,0,0,0,0,0,0,0,0,0,0,0,0,0,0,0,0
Dryer_AP,0,0,0,0,0,0,0,0,0,0,0,2.806,2.806,0,0,2.01,3.99,3.99,0,0,0,2.332,2.332,4.404,0,0,3.42,3.42,0,0,0,0,0,0,0,0,0,0,0,0,0,0,0,0,0,0,0,0,0,2.268,2.268,4.181,0,0,0,0,0,0,0,0,3.369,2.709,2.583,3.531,0,0,0,0,0,0,0,0,0,0,0,0,0,0,0,0,0,0,0,0,0,0,0,0,0,0,0,0,0,0,0,3.304,2.649,0,0,0,0,0,0,0,0,0,0,0,0,0,0,0,0,0,0,0,0,0,0,0,0,0,0,0,0,0,0,0,0,0,3.423,3.423,0,0,0,0,0,0,0,0,0,0,0,0,0,0,0,0,0,2.393,2.117,4.205,4.205,0,0,0,0,0,0,0,0,0,0,0,0,0,3.263,2.488,0,0,0,0,0,0,0,0,0,0,0,0,0,0,2.58,2.58,3.824,7.046,3.428,3.428,4.439,4.082,0,2.757,2.757,2.675,2.89,0,0,0,0,4.736,3.021,3.058,3.387,2.539,0,0,0,5.158,4.668,3.61,3.61,0,0,0,2.366,2.366,0,0,0,0,0,2.185,2.185,4.019,0,0,0,0,0,0,0,0,0,0,0,0,0,3.16,2.638,0,0,0,0,0,0,0,0,0,0,0,0,0,0,0,2.191,2.191,4.008,4.008,0,0,0,0,0,1.989,1.989,4.038,2.341,2.341,4,4,2.21,2.21,4.163,2.397,3.702,3.991,0,0,0,2.317,2.317,3.851,3.851,0,0,0,2.3,2.3,0,0,0,2.728,2.728,0,0,0,0,0,2.292,2.292,4.485,0,2.288,2.288,4.471,0,0,1.846,4.579,4.579,2.866,1.977,3.951,3.951,0,0,2.285,2.285,0,1.91,1.91,4.067,4.067,2.483,1.776,4.195,0,0,1.811,1.811,4.511,0,1.699,1.699,3.931,0,2.42,2.42,4.167,0,0,0,1.96,1.96,4.094,2.313,2.313,4.004,0,2.196,2.548,3.851,3.134,3.134,2.432,3.072,1.825,1.825,3.291,0,2.428,2.428,0,1.814,1.814,4.231,4.231,0,0,3.476,3.042,0,0,0,0,0,0,0,0,2.412,4.095,4.095,2.314,2.314,3.959,3.959,2.142,2.142,3.645,3.645,2.125,2.125,3.882,3.882,0,0,2.21,3.867,3.867,2.269,2.269,4.01,0,0,1.854,3.972,3.972,1.927,1.927,3.809,3.809,0,0,0,2.067,2.067,4.03,0,0,0,2.29,3.813,3.813,2.038,2.038,0,0,0,1.863,1.863,0,2.512,4.498,4.498,0,2.315,2.315,4.161,0,0,0,0,2.057,3.76,3.76,0,0,0,0,0,0,0,0,0,0,0,0,0,0,0,0,1.973,3.887,3.887,0,0,1.871,1.871,0,0,2.498,2.498,0,0,0,0,2.023,0,0,0,0,0,0,0,3.37,3.23,0,2.209,2.209,0,0,0,0,2.065,2.065,4.024,4.024,0,0,0,2.739,2.748,2.748,0,2.286,2.286,3.371,2.068,2.068,3.901,0,0,0,0,0,0,0,0,0,0,0,0,0,0,0,0,0,0,0,0,0,0,0,0,0,0,0,0,0,0,0,0,0,0,0,0,0,0,0,0,0,0,0,0,0,0,0,0,0,0,0,0,0,0,0,0,0,0,0,0,0,0,0,0,0,0,0,0,0,0,0,0,0,0,0,0,0,0,0,0,0,0,0,0,0,0,0,0,0,0,0,0,0,0,0,0,0,0,0,0,0,0,0,0,0,0,0,0,0,0,0,0,0,0,0,0,0,0,0,0,0,0,0,0,0,0,0,0,0,0,0,0,0,0,0,0,0,0,0,0,0,0,0,0,0,0,0,0,0,0,0,0,0,0,0,0,0,0,0,0,0,0,0,0,0,0,0,0,0,0,0,0,0,0,0,0,0,0,0,0,0,0,0,0,0,0,0,0,0,0,0,0,0,0,0,0,0,0,0,0,0,0,0,0,0,0,0,0,0,0,0,0,0,0,0,0,0,0,0,0,0,0,0,0,0,0,0,0,0,0,0,0,0,0,0,0,0,0,0,0,0,0,0,0,0,0,0,0,0,0,0,0,0,0,0,0,0,0,0,0,0,0,0,0,0,0,0,0,0,0,0,0,0,0,0,0,0,0,0,0,0,0,0,0,0,0,0,0,0,0,0,0,0,0,0,0,0,0,0,0,0,0,0,0,0,0,0,0,0,0,0,0,0,0,0,0,0,0,0,0,0,0,0,0,0,0,0,0,0,0,0,0,0,0,0,0,0,0,0,0,0,0,0,0,0,0,0,0,0,0,0,0,0,0,0,0,0,0,0,0,0,0,0,0,0,0,0,0,0,0,0,0,0,0,0,0,0,0,0,0,0,0,0,0,0,0,0,0,0,0,0,0,0,0,0,0,0,0,0,0,0,0,0,0,0,0,0,0,0,0,0,0,0,0,0,0,0,0,0,0,0,0,0,0,0,0,0,0,0,0,0,0,0,0,0,0,0,0,0,0,0,0,0,0,0,0,0,0,0,0
OfficeOutlets_AP,0,0,0,0,0,0,0,0,0,0,0,78.297,76.487,77.312,79.137,76.873,78.362,76.543,81.252,77.736,77.736,79.594,77.859,77.776,77.879,77.405,81.305,75.613,77.876,77.876,77.236,77.236,78.224,78.145,78.264,78.264,0,78.376,79.326,79.326,78.133,76.691,80.34,76.023,76.023,0,81.174,80.954,78.236,77.086,76.817,74.615,0,77.574,76.189,77.388,75.72,78.614,74.837,77.436,75.883,75.048,73.144,74.705,74.705,74,75.059,75.059,74.731,73.985,76.02,75.06,75.653,74.093,73.755,75.052,73.218,76.096,74.255,76.659,74.945,74.503,74.665,77.814,77.868,74.177,74.583,19.018,17.178,14.631,17.209,14.444,14.375,17.235,14.676,19.376,14.344,14.391,14.376,0,16.879,16.61,17,16.877,14.536,0,0,0,16.74,17.031,18.752,0,0,0,0,21.025,24.166,18.765,0,0,0,0,0,0,0,0,0,0,0,0,0,23.883,18.461,19.895,18.017,17.978,20.429,0,0,0,0,0,0,0,0,0,0,0,0,0,20.258,18.057,19.6,18.138,0,0,0,15.58,15.58,0,17.555,17.371,18.903,19.408,20.768,21.03,21.473,20.418,22.768,20.004,23.053,21.882,22.497,19.883,19.195,21.834,19.139,19.985,19.152,22.528,22.032,19.166,20.827,20.228,20.565,22.1,19.755,18.88,1036.158,1046.532,1048.762,1035.925,705.244,1016.039,18.786,20.783,18.585,18.511,0,1797.01,1063.398,19.888,17.998,18.441,18.557,18.466,0,1633.1,993.54,18.456,18.456,0,0,21.294,21.183,19.04,18.38,0,20.764,18.625,0,0,23.477,18.711,18.768,18.776,20.87,20.233,20.55,20.537,18.291,18.291,0,20.071,17.835,17.717,0,22.422,17.534,19.929,17.503,0,0,19.71,17.744,0,0,0,19.869,17.61,0,0,0,0,0,0,0,0,23.127,17.617,0,0,0,0,0,0,0,0,0,0,19.519,17.378,20.319,19.729,21.748,17.635,19.86,19.812,19.855,34.933,32.762,0,0,0,35.809,33.196,0,0,0,34.207,34.207,0,0,0,38.391,33.288,0,0,34.924,32.476,0,0,0,0,0,0,35.097,32.786,32.727,39.205,33.496,33.198,32.633,33.375,33.381,36.147,36.205,33.253,36.415,33.943,0,0,0,0,35.928,36.176,33.735,33.209,33.445,35.827,33.636,0,35.5,33.081,0,0,36.18,33,33.013,0,0,34.101,33.886,0,38.208,34.718,0,35.701,36.202,33.93,36.661,30.008,29.793,27.501,30.092,28.119,25.359,25.111,0,0,0,0,24.191,22.015,21.975,23.787,21.702,23.428,20.958,19.81,24.989,20.89,22.394,20.415,20.474,22.277,20.243,0,21.429,22.483,18.884,0,21.338,19.294,0,20.68,18.733,20.424,18.446,0,19.113,18.931,0,21.347,19.004,0,20.713,18.471,18.566,18.438,0,19.221,20.022,0,0,0,0,0,0,18.681,18.535,0,18.589,20.886,0,0,0,0,0,0,18.383,18.424,0,19.044,20.498,18.394,0,0,0,22.693,21.458,20.276,19.114,19.076,18.755,18.755,0,0,20.657,18.706,20.833,19.18,20.421,18.235,21.166,20.181,18.525,20.927,20.678,18.483,18.979,21.995,18.51,0,0,21.224,18.638,0,21.489,18.725,18.322,18.322,0,0,20.659,18.473,0,21.264,23.331,23.497,19.133,21.685,18.457,0,0,0,21.427,20.939,18.43,20.551,19.339,18.699,22.089,18.642,21.795,18.589,0,21.972,18.315,20.613,0,18.688,21.033,21.017,18.603,0,0,20.52,18.695,0,22.006,22.092,18.851,0,0,18.916,18.916,19.283,18.893,24.755,19.354,21.869,19.415,0,0,0,0,0,0,0,0,0,0,0,0,0,0,0,0,0,0,0,0,0,0,0,0,0,0,0,0,0,0,0,0,0,0,0,0,0,0,0,0,0,0,0,0,0,0,0,0,0,0,0,0,0,0,0,0,0,0,0,0,0,0,0,0,0,0,0,0,0,0,0,0,0,0,0,0,0,0,0,0,0,0,0,0,0,0,0,0,0,0,0,0,0,0,0,0,0,0,0,0,0,0,0,0,0,0,0,0,0,0,0,0,0,0,0,0,0,0,0,0,0,0,0,0,0,0,0,0,0,0,0,0,0,0,0,0,0,0,0,0,0,0,0,0,0,0,0,0,0,0,0,0,0,0,0,0,0,0,0,0,0,0,0,0,0,0,0,0,0,0,0,0,0,0,0,0,0,0,0,0,0,0,0,0,0,0,0,0,0,0,0,0,0,0,0,0,0,0,0,0,0,0,0,0,0,0,0,0,0,0,0,0,0,0,0,0,0,0,0,0,0,0,0,0,0,0,0,0,0,0,0,0,0,0,0,0,0,0,0,0,0,0,0,0,0,0,0,0,0,0,0,0,0,0,0,0,0,0,0,0,0,0,0,0,0,0,0,0,0,0,0,0,0,0,0,0,0,0,0,0,0,0,0,0,0,0,0,0,0,0,0,0,0,0,0,0,0,0,0,0,0,0,0,0,0,0,0,0,0,0,0,0,0,0,0,0,0,0,0,0,0,0,0,0,0,0,0,0,0,0,0,0,0,0,0,0,0,0,0,0,0,0,0,0,0,0,0,0,0,0,0,0,0,0,0,0,0,0,0,0,0,0,0,0,0,0,0,0,0,0,0,0,0,0,0,0,0,0,0,0,0,0,0,0,0,0,0,0,0,0,0,0,0,0,0,0,0,0,0,0,0,0,0,0,0,0,0,0,0,0,0,0,0,0,0,0,0,0,0,0,0,0,0,0,0,0,0,0,0,0,0,0,0,0,0,0,0,0,0,0,0,0,0,0,0,0,0
LivingRoomOutlets_AP,0,0,0,0,0,0,0,0,0,0,0,91.89,93.691,96.398,91.821,93.702,94.661,91.389,93.609,94.211,92.398,0,0,92.23,93.157,0,93.624,93.318,91.922,92.407,89.762,91.089,91.568,92.048,92.167,91.828,93.061,92.961,92.857,93.483,94.512,95.193,92.027,93.148,93.148,0,94.642,95.676,93.844,97.581,98.331,98.118,0,0,99.536,99.536,97.066,97.471,98.948,98.948,100.025,98.47,99.061,98.138,98.138,97.947,0,0,99.319,98.928,99.135,98.213,99.363,98.462,98.785,100.374,101.285,102.324,101.026,101.798,100.767,100.721,100.672,99.509,101.179,101.664,99.857,100.276,0,0,0,0,100.051,100.675,100.53,100.767,99.349,99.907,98.561,100.48,100.49,100.49,0,0,0,101.69,101.69,0,0,0,98.665,99.356,100.939,100.709,101.42,100.357,97.44,100.728,100.663,100.131,98.101,98.767,97.536,100.472,99.174,98.133,98.133,100.389,100.389,0,98.66,100.129,100.485,100.485,0,98.233,98.233,101.042,101.042,98.944,98.944,98.901,100.305,0,0,0,0,0,0,0,102.266,99.247,99.298,99.929,100.991,102.787,101.165,100.641,102.636,101.555,103.462,101.88,997.437,1181.208,1218.151,1170.982,105.755,1340.669,1129.22,1145.007,1169.437,1156.368,1129.511,1053.248,1134.149,1148.378,1141.833,1146.693,1131.424,1123.014,102.416,99.172,99.49,0,97.066,97.727,97.727,99.526,98.975,99.576,99.55,98.21,99.074,97.666,98.249,97.942,96.493,98.112,98.103,97.515,96.948,97.33,99.214,97.705,99.786,99.979,100.561,101.043,100.431,100.298,100.298,0,98.858,100.789,100.127,0,0,0,0,0,0,0,103.674,102.849,103.265,101.702,103.702,102.166,0,0,0,0,102.71,100.988,99.88,102.777,101.151,102.639,103.016,102.062,102.957,101.85,103.039,100.41,102.098,100.169,100.848,100.726,0,0,0,0,0,101.823,102.504,0,0,103.233,103.233,101.96,0,0,0,102.102,102.102,100.743,0,0,0,0,0,99.601,99.601,99.712,102.344,101.493,100.204,101.155,100.611,98.736,98.158,97.621,99.023,100.412,98.094,99.526,99.899,99.794,100.537,98.07,98.07,101.216,100.671,98.285,99.71,99.073,99.073,0,0,0,0,0,0,0,0,0,0,0,0,100.375,99.498,101.666,101.35,101.077,101.877,99.425,102.279,103.205,100.2,99.441,101.057,101.12,101.44,99.347,101.281,99.519,100.413,100.577,101.723,102.702,99.606,100.913,101.797,0,0,0,101.245,101.96,101.501,0,0,100.855,100.408,0,101.841,102.422,102.327,102.327,99.499,99.499,101.675,101.508,100.84,100.84,100.509,102.433,99.097,101.604,99.873,100.961,98.752,101.104,100.416,102.072,102.839,101.793,100.353,99.22,101.492,101.853,101.73,100.471,0,0,103.071,102.947,0,101.901,101.462,102.938,102.147,0,99.936,99.936,102.931,101.782,104.805,102.615,0,0,102.059,102.597,99.591,99.591,101.318,101.754,100.45,100.659,103.683,102.529,101.45,98.528,100.736,100.831,100.464,102.384,101.305,100.12,100.761,102.786,102.41,101.783,103.136,101.896,0,0,0,0,0,0,104.244,101.901,100.458,100.458,101.87,0,0,0,0,101.944,103.056,100.716,100.716,102.503,101.922,0,100.786,100.786,101.89,101.579,100.076,100.921,101.454,101.792,102.613,102.762,103.488,100.455,101.351,101.867,100.643,123.732,154.606,0,0,159.024,155.651,152.421,155.579,150.618,0,149.566,149.566,150.5,147.729,147.729,0,149.977,150.286,147.625,145.44,146.26,145.799,0,0,144.433,144.433,145.804,145.804,144.561,149.051,147.295,153.914,152.652,149.022,150.745,149.225,140.601,152.439,135.195,134.611,136.322,135.774,134.577,134.577,131.68,130.851,130.851,129.647,0,129.085,126.241,124.181,0,0,121.666,121.666,121.582,121.938,127.874,158.421,157.434,155.763,0,0,0,0,0,0,0,0,0,0,0,0,0,0,0,0,0,0,0,0,0,0,0,0,0,0,0,0,0,0,0,0,0,0,0,0,0,0,0,0,0,0,0,0,0,0,0,0,0,0,0,0,0,0,0,0,0,0,0,0,0,0,0,0,0,0,0,0,0,0,0,0,0,0,0,0,0,0,0,0,0,0,0,0,0,0,0,0,0,0,0,0,0,0,0,0,0,0,0,0,0,0,0,0,0,0,0,0,0,0,0,0,0,0,0,0,0,0,0,0,0,0,0,0,0,0,0,0,0,0,0,0,0,0,0,0,0,0,0,0,0,0,0,0,0,0,0,0,0,0,0,0,0,0,0,0,0,0,0,0,0,0,0,0,0,0,0,0,0,0,0,0,0,0,0,0,0,0,0,0,0,0,0,0,0,0,0,0,0,0,0,0,0,0,0,0,0,0,0,0,0,0,0,0,0,0,0,0,0,0,0,0,0,0,0,0,0,0,0,0,0,0,0,0,0,0,0,0,0,0,0,0,0,0,0,0,0,0,0,0,0,0,0,0,0,0,0,0,0,0,0,0,0,0,0,0,0,0,0,0,0,0,0,0,0,0,0,0,0,0,0,0,0,0,0,0,0,0,0,0,0,0,0,0,0,0,0,0,0,0,0,0,0,0,0,0,0,0,0,0,0,0,0,0,0,0,0,0,0,0,0,0,0,0,0,0,0,0,0,0,0,0,0,0,0,0,0,0,0,0,0,0,0,0,0,0,0,0,0,0,0,0,0,0,0,0,0,0,0,0,0,0,0,0,0,0,0,0,0,0,0,0,0,0,0,0,0,0,0,0,0,0,0,0,0,0,0,0,0,0,0,0,0,0,0,0,0,0,0,0,0,0,0,0,0,0,0,0,0,0,0,0,0,0,0,0,0,0,0,0,0,0,0,0,0,0,0,0,0,0,0,0,0,0,0,0,0,0,0,0,0,0,0,0,0,0,0,0,0,0,0,0,0,0,0,0,0
GuestBathOutlets_AP,0,0,0,0,0,0,0,0,0,0,0,1.629,3.501,1.687,1.687,0,0,0,3.381,3.381,0,0,0,3.581,3.581,1.968,0,3.664,3.664,0,0,1.637,1.637,1.604,1.604,1.629,1.567,1.567,1.668,1.668,1.597,1.597,1.668,3.421,3.421,1.917,1.917,3.3,3.3,0,3.13,3.13,0,0,3.314,3.314,0,0,3.301,3.301,0,3.627,3.627,1.565,1.565,3.374,1.877,1.877,3.152,3.152,1.562,1.562,0,0,0,3.343,3.343,0,0,0,3.343,3.343,2.032,2.032,3.282,3.282,0,1.821,1.821,3.496,3.496,0,0,0,3.289,3.289,0,1.645,1.645,3.618,3.618,0,0,1.642,1.642,3.579,3.579,0,0,0,3.395,3.395,0,0,2.092,2.092,3.466,3.466,0,0,1.63,1.63,2.75,2.75,0,1.94,1.94,3.385,3.385,0,1.591,1.591,3.515,3.515,0,1.92,1.92,0,0,1.641,1.641,3.548,3.548,0,0,0,3.171,3.171,0,0,1.696,1.696,0,0,0,2.056,2.056,3.15,3.15,0,0,0,0,0,0,0,0,0,1.585,1.585,3.736,3.736,0,0,0,0,0,0,0,2.209,2.209,0,0,0,0,0,0,0,0,0,0,0,0,0,0,0,0,0,0,0,0,0,0,0,0,0,0,0,0,0,0,0,1.654,1.654,3.394,3.394,0,0,0,0,0,0,0,0,0,0,0,0,0,0,1.712,1.712,3.283,3.283,0,0,0,0,0,0,0,3.565,3.565,0,0,0,0,0,0,0,0,0,0,3.227,3.227,1.625,1.625,3.339,3.339,0,0,0,0,0,0,0,0,0,0,0,1.867,1.867,3.305,3.305,0,0,0,0,0,1.731,1.731,3.171,3.171,2.082,2.082,3.421,3.421,0,0,1.927,1.927,0,0,1.811,1.811,3.191,3.191,0,1.719,1.719,3.309,3.309,0,1.777,1.777,2.987,2.987,0,1.838,1.838,3.381,3.381,1.868,1.868,3.534,3.534,0,1.748,1.748,3.333,3.333,0,0,1.685,1.685,3.211,3.211,0,0,1.603,1.603,3.46,3.46,0,2.052,2.052,3.562,3.562,0,0,1.642,1.642,0,0,0,0,0,0,1.66,1.66,0,0,1.559,1.559,1.971,1.971,0,0,0,1.611,1.611,3.31,3.31,0,0,1.671,1.671,3.481,3.481,1.693,1.693,3.401,3.401,0,0,0,0,1.717,3.667,3.667,0,0,1.77,1.77,3.47,3.47,0,0,0,0,0,0,2.026,2.026,3.268,3.268,0,0,0,0,0,0,0,0,0,0,0,0,0,0,0,0,0,0,0,0,0,0,0,0,0,1.59,1.59,0,0,0,0,0,0,0,0,1.654,1.654,3.25,3.25,0,0,0,0,0,1.604,1.604,3.35,3.35,0,0,0,0,0,0,0,0,0,0,0,0,0,0,0,0,0,0,0,0,0,0,0,0,0,1.765,1.765,3.584,3.584,0,0,1.724,1.724,3.292,3.292,0,0,0,0,0,0,0,0,0,0,0,0,0,0,0,0,2.259,2.259,3.323,3.323,0,1.853,1.853,0,0,0,1.776,1.776,0,0,0,0,0,0,0,0,0,0,0,0,0,0,0,0,0,0,0,0,0,0,0,0,0,0,0,0,0,0,0,0,0,0,0,0,0,0,0,0,0,0,0,0,0,0,0,0,0,0,0,0,0,0,0,0,0,0,0,0,0,0,0,0,0,0,0,0,0,0,0,0,0,0,0,0,0,0,0,0,0,0,0,0,0,0,0,0,0,0,0,0,0,0,0,0,0,0,0,0,0,0,0,0,0,0,0,0,0,0,0,0,0,0,0,0,0,0,0,0,0,0,0,0,0,0,0,0,0,0,0,0,0,0,0,0,0,0,0,0,0,0,0,0,0,0,0,0,0,0,0,0,0,0,0,0,0,0,0,0,0,0,0,0,0,0,0,0,0,0,0,0,0,0,0,0,0,0,0,0,0,0,0,0,0,0,0,0,0,0,0,0,0,0,0,0,0,0,0,0,0,0,0,0,0,0,0,0,0,0,0,0,0,0,0,0,0,0,0,0,0,0,0,0,0,0,0,0,0,0,0,0,0,0,0,0,0,0,0,0,0,0,0,0,0,0,0,0,0,0,0,0,0,0,0,0,0,0,0,0,0,0,0,0,0,0,0,0,0,0,0,0,0,0,0,0,0,0,0,0,0,0,0,0,0,0,0,0,0,0,0,0,0,0,0,0,0,0,0,0,0,0,0,0,0,0,0,0,0,0,0,0,0,0,0,0,0,0,0,0,0,0,0,0,0,0,0,0,0,0,0,0,0,0,0,0,0,0,0,0,0,0,0,0,0,0,0,0,0,0,0,0,0,0,0,0,0,0,0,0,0,0,0,0,0,0,0,0,0,0,0,0,0,0,0,0,0,0,0,0,0,0,0,0,0,0,0,0,0,0,0,0,0,0,0,0,0,0,0,0,0,0,0,0,0,0,0,0,0,0,0,0,0,0,0,0,0,0,0,0,0,0,0,0,0,0,0,0,0,0,0,0,0,0,0,0,0,0,0,0,0,0,0,0,0,0,0,0,0,0,0,0,0
MasterBathOutlets_AP,0,0,0,0,0,0,0,0,0,0,0,3.373,6.97,3.383,3.383,6.806,6.806,0,6.472,6.472,3.506,3.506,0,6.997,6.997,3.588,0,7.268,4.529,0,6.615,6.615,3.476,4.22,4.22,3.312,4.117,4.117,3.578,3.578,4.383,4.383,3.402,6.641,6.641,3.532,3.532,6.579,6.579,0,6.351,6.351,3.658,3.658,6.422,6.422,3.62,0,6.481,3.708,3.708,6.955,4.14,3.271,3.271,6.449,3.367,3.367,6.299,6.299,3.145,3.145,3.885,3.885,3.836,3.836,6.597,0,3.476,3.476,6.562,6.562,3.222,3.222,6.627,6.627,0,3.723,3.723,7.032,7.032,0,3.556,3.556,6.519,6.519,0,3.667,3.667,7.12,4.619,0,0,3.523,3.523,7.225,4.627,0,0,3.745,3.745,6.635,0,0,3.826,3.826,6.683,6.683,0,0,3.505,3.505,5.935,5.935,0,3.832,3.832,6.983,4.404,0,3.59,3.59,7.182,7.182,0,3.995,3.995,0,0,3.896,3.896,6.93,6.93,0,3.623,3.623,6.579,6.579,0,0,4.158,4.158,6.582,6.582,0,4.233,4.233,7.213,7.213,0,0,0,0,0,0,0,6.951,6.951,4.589,4.589,7.883,7.883,0,0,0,0,0,0,0,4.672,4.672,0,0,0,1688.508,1027.974,998.148,4.702,4.702,0,0,0,0,0,0,0,0,0,0,0,0,0,5.448,5.448,0,0,0,0,0,0,0,0,3.243,3.243,6.968,6.968,0,0,0,0,0,0,0,0,0,0,0,0,0,0,4.209,4.209,6.914,6.914,0,0,0,0,0,0,4.466,6.989,6.989,0,0,0,0,0,0,0,0,3.891,3.891,6.977,6.977,4.059,4.059,6.875,6.875,0,0,0,0,0,0,0,0,0,0,0,4.029,4.029,6.799,6.799,0,0,0,0,0,3.537,3.537,6.73,6.73,3.696,3.696,6.739,6.739,0,0,3.782,3.782,6.894,6.894,4.071,4.071,6.572,6.572,0,3.754,3.754,6.635,6.635,0,4.166,4.166,6.363,6.363,0,4.438,4.438,6.977,6.977,4.421,4.421,7.07,7.07,0,3.958,3.958,6.994,6.994,0,0,4.063,4.063,6.808,6.808,0,0,4.009,4.009,6.749,6.749,0,3.728,3.728,7.231,7.231,0,0,3.552,3.552,5.981,5.981,0,0,0,0,3.6,3.6,7.553,7.553,4.337,4.337,5.175,5.175,0,0,0,3.516,3.516,6.934,6.934,0,0,4.504,4.504,6.748,6.748,5.944,3.825,6.703,6.703,0,0,0,0,3.796,6.937,6.937,0,0,3.927,3.927,7.527,5.059,0,0,0,0,0,0,3.904,3.904,6.56,6.56,0,0,0,0,0,0,0,0,0,0,0,0,0,0,0,0,0,0,0,0,0,0,0,0,0,3.612,3.612,6.817,6.817,0,0,0,0,0,0,3.579,3.579,6.738,6.738,0,0,0,0,0,3.411,3.411,6.631,6.631,0,0,0,0,0,0,0,0,0,0,0,0,0,0,0,0,0,0,0,0,0,0,0,0,0,4.058,4.058,7.478,7.478,0,0,3.57,3.57,6.713,6.713,0,0,0,0,0,6.147,6.147,0,0,0,0,0,0,0,0,0,4.413,4.413,6.703,6.703,0,4.64,4.64,6.544,6.544,0,3.915,3.915,0,0,0,0,0,0,0,0,0,0,0,0,0,0,0,0,0,0,0,0,0,0,0,0,0,0,0,0,0,0,0,0,0,0,0,0,0,0,0,0,0,0,0,0,0,0,0,0,0,0,0,0,0,0,0,0,0,0,0,0,0,0,0,0,0,0,0,0,0,0,0,0,0,0,0,0,0,0,0,0,0,0,0,0,0,0,0,0,0,0,0,0,0,0,0,0,0,0,0,0,0,0,0,0,0,0,0,0,0,0,0,0,0,0,0,0,0,0,0,0,0,0,0,0,0,0,0,0,0,0,0,0,0,0,0,0,0,0,0,0,0,0,0,0,0,0,0,0,0,0,0,0,0,0,0,0,0,0,0,0,0,0,0,0,0,0,0,0,0,0,0,0,0,0,0,0,0,0,0,0,0,0,0,0,0,0,0,0,0,0,0,0,0,0,0,0,0,0,0,0,0,0,0,0,0,0,0,0,0,0,0,0,0,0,0,0,0,0,0,0,0,0,0,0,0,0,0,0,0,0,0,0,0,0,0,0,0,0,0,0,0,0,0,0,0,0,0,0,0,0,0,0,0,0,0,0,0,0,0,0,0,0,0,0,0,0,0,0,0,0,0,0,0,0,0,0,0,0,0,0,0,0,0,0,0,0,0,0,0,0,0,0,0,0,0,0,0,0,0,0,0,0,0,0,0,0,0,0,0,0,0,0,0,0,0,0,0,0,0,0,0,0,0,0,0,0,0,0,0,0,0,0,0,0,0,0,0,0,0,0,0,0,0,0,0,0,0,0,0,0,0,0,0,0,0,0,0,0,0,0,0,0,0,0,0,0,0,0,0,0,0,0,0,0,0,0,0,0,0,0,0,0,0,0,0,0,0,0,0,0,0,0,0,0,0,0,0,0,0,0,0,0,0,0,0,0,0,0,0,0,0,0,0,0,0,0,0,0,0,0,0,0,0,0,0,0,0,0,0,0,0,0,0,0,0,0,0,0,0,0,0,0,0,0,0,0,0,0,0,0,0,0,0
LivingRoomPatioLights_AP,0,0,0,0,0,0,0,0,0,0,0,9.606,11.592,9.605,9.605,11.498,11.498,9.602,12.129,12.129,9.739,9.739,0,11.791,11.791,9.466,0,11.744,9.515,9.515,11.446,11.446,9.512,9.736,9.736,9.66,9.819,9.819,9.988,9.988,9.903,9.903,9.606,11.358,11.358,9.535,9.535,11.291,11.291,9.337,11.044,9.528,9.522,9.522,11.239,11.239,9.585,0,11.268,9.713,9.741,11.44,9.558,9.607,9.607,11.281,9.893,9.893,11.126,11.126,9.755,9.755,9.612,9.612,9.896,10.469,11.248,9.867,9.54,9.54,11.165,11.165,9.832,9.832,11.184,9.539,0,9.384,9.384,11.257,11.257,0,9.3,9.3,11.403,11.403,0,9.352,9.352,11.221,9.399,0,0,9.39,9.39,11.169,9.428,0,0,9.383,9.383,11.064,0,0,9.459,9.459,11.042,11.042,0,0,9.303,9.303,10.442,10.442,0,9.368,9.368,11.017,9.237,0,9.38,9.38,11.279,11.279,0,9.361,9.361,10.582,10.582,9.215,9.215,10.98,10.98,0,9.278,9.278,10.894,10.894,0,0,9.301,9.301,10.997,10.997,0,9.424,9.424,10.903,10.903,0,0,9.782,9.194,9.245,9.319,9.54,9.611,9.717,9.387,8.951,11.737,11.737,0,0,0,0,0,0,0,10.073,10.125,0,0,0,9.792,9.792,9.266,9.266,9.365,10.705,0,10.889,10.185,9.341,0,0,0,0,0,9.77,11.019,9.784,9.521,9.521,0,0,0,9.874,9.488,9.488,0,0,10.029,10.029,11.421,11.421,0,0,0,0,0,0,0,0,0,0,0,0,0,0,9.226,9.226,10.927,10.927,0,0,0,0,0,0,9.247,11.081,11.081,0,0,0,0,0,0,0,0,9.269,9.428,10.998,10.998,9.215,9.215,11.028,11.028,0,0,0,0,0,0,0,0,0,0,0,9.242,9.242,10.917,10.917,9.16,9.16,0,0,0,9.905,9.905,10.888,10.888,9.619,9.619,11.081,11.081,0,0,9.661,9.661,11.12,11.12,9.395,9.395,10.969,10.969,0,9.281,9.281,11.059,11.059,0,9.164,9.164,10.646,10.646,0,9.42,9.631,11.218,11.218,9.423,9.423,11.358,11.358,0,9.499,9.499,11.632,11.632,0,0,9.397,9.397,11.016,11.016,0,0,9.405,9.405,11.19,9.511,9.511,9.593,9.593,11.436,11.436,0,0,9.221,9.446,10.843,9.57,0,0,9.225,9.225,9.516,9.516,11.333,9.398,9.173,9.173,9.141,9.141,9.462,9.462,0,9.508,9.508,11.297,11.297,0,0,9.604,9.604,11.646,11.646,9.742,9.593,11.294,11.294,0,0,0,0,9.677,11.389,11.389,10.01,0,9.597,9.597,11.681,9.458,0,0,0,0,0,0,9.712,9.712,11.134,11.134,0,0,0,0,0,0,0,0,0,0,0,0,0,0,0,0,0,0,0,0,0,0,0,0,0,9.487,9.487,11.13,11.13,0,0,0,9.506,9.506,0,9.446,9.521,11.09,11.09,0,0,0,0,0,9.58,9.58,11.198,11.198,0,0,0,0,0,0,0,10.44,9.163,0,0,0,0,0,0,0,0,0,0,0,0,0,0,0,0,9.384,9.384,11.805,11.805,0,0,9.334,9.186,10.974,10.974,9.173,9.173,0,0,0,9.726,9.242,0,0,0,0,0,0,0,0,0,9.454,9.444,11.194,11.194,0,9.566,9.566,11.169,11.169,0,9.48,118.824,117.916,117.916,0,121.163,121.266,0,0,0,0,0,0,0,0,0,0,0,0,0,0,0,0,0,0,0,0,0,0,0,0,0,0,0,0,0,0,0,0,0,0,0,0,0,0,0,0,0,0,0,0,0,0,0,0,0,0,0,0,0,0,0,0,0,0,0,0,0,0,0,0,0,0,0,0,0,0,0,0,0,0,0,0,0,0,0,0,0,0,0,0,0,0,0,0,0,0,0,0,0,0,0,0,0,0,0,0,0,0,0,0,0,0,0,0,0,0,0,0,0,0,0,0,0,0,0,0,0,0,0,0,0,0,0,0,0,0,0,0,0,0,0,0,0,0,0,0,0,0,0,0,0,0,0,0,0,0,0,0,0,0,0,0,0,0,0,0,0,0,0,0,0,0,0,0,0,0,0,0,0,0,0,0,0,0,0,0,0,0,0,0,0,0,0,0,0,0,0,0,0,0,0,0,0,0,0,0,0,0,0,0,0,0,0,0,0,0,0,0,0,0,0,0,0,0,0,0,0,0,0,0,0,0,0,0,0,0,0,0,0,0,0,0,0,0,0,0,0,0,0,0,0,0,0,0,0,0,0,0,0,0,0,0,0,0,0,0,0,0,0,0,0,0,0,0,0,0,0,0,0,0,0,0,0,0,0,0,0,0,0,0,0,0,0,0,0,0,0,0,0,0,0,0,0,0,0,0,0,0,0,0,0,0,0,0,0,0,0,0,0,0,0,0,0,0,0,0,0,0,0,0,0,0,0,0,0,0,0,0,0,0,0,0,0,0,0,0,0,0,0,0,0,0,0,0,0,0,0,0,0,0,0,0,0,0,0,0,0,0,0,0,0,0,0,0,0,0,0,0,0,0,0,0,0,0,0,0,0,0,0,0,0,0,0,0,0,0,0,0,0,0,0,0,0,0,0,0,0,0,0,0,0,0,0,0,0,0,0,0,0,0,0,0,0,0,0,0,0,0,0,0,0,0,0,0,0,0,0,0,0,0,0,0,0,0,0,0,0,0,0,0,0,0,0,0
GuestBathHallLights_AP,0,0,0,0,0,0,0,0,0,0,0,14.396,14.396,14.381,14.406,0,0,0,14.381,14.301,0,0,0,14.196,14.567,0,0,0,0,0,0,0,0,0,0,0,0,0,0,0,0,0,0,0,0,0,17.308,17.308,14.532,91.928,107.788,107.58,0,0,0,0,0,0,0,0,107.176,107.176,0,0,0,0,0,0,170.408,164.077,160.432,164.308,166.965,164.784,165.904,15.237,155.902,170.179,167.314,167.316,166.961,170.87,170.793,170.961,61.995,14.279,14.21,0,0,0,0,0,0,0,15.471,16.306,14.165,0,0,0,0,0,0,0,0,0,0,0,0,0,0,0,0,0,0,0,15.38,14.034,0,0,0,0,0,0,0,0,0,0,0,0,0,0,0,0,0,0,0,0,0,0,0,0,0,0,0,0,0,0,0,0,0,0,0,0,0,0,0,0,0,0,0,15.557,15.542,15.742,13.91,15.676,14.426,16.302,14.147,16.089,15.713,14.033,14.192,196.131,196.832,195.141,291.934,293.15,291.442,293.491,295.364,294.539,294.726,296.999,292.709,291.203,291.203,293.364,296.733,295.907,293.802,295.34,289.486,294.809,292.159,294.239,290.996,292.864,292,293.841,293.898,291.092,293.327,291.932,291.796,352.631,354.596,355.718,355.899,356.424,354.587,353.018,352.005,352.005,164.087,165.649,0,0,0,0,0,0,166.448,166.448,0,0,132.452,15.31,0,0,0,0,0,0,0,0,0,0,0,0,0,0,0,0,0,0,0,0,0,0,0,0,0,0,0,0,0,0,0,0,0,0,0,0,0,0,0,0,0,0,0,0,0,0,0,0,0,0,14.399,13.811,13.935,0,0,0,0,0,0,0,0,0,0,0,0,0,0,0,0,0,0,0,0,0,0,0,0,0,0,0,0,14.17,14.17,14.298,14.298,0,0,14.155,16.219,0,0,0,0,0,0,0,16.287,14.126,0,0,0,14.737,14.27,0,0,0,0,0,0,14.157,14.21,0,0,14.23,14.161,0,0,0,0,0,0,15.656,15.656,14.27,0,0,0,14.127,13.911,13.911,0,0,0,0,0,16.267,14.152,0,0,14.857,13.847,15.561,14.075,0,0,0,14.378,14.412,0,0,14.966,14.663,15.955,0,0,0,0,0,14.352,14.672,0,0,14.098,14.256,0,0,0,0,0,0,15.647,14.145,0,13.996,14.291,0,0,0,0,0,0,16.152,14.179,0,14.521,14.167,0,0,0,0,0,0,16.711,14.291,0,14.124,15.759,0,0,0,0,0,15.708,14.19,0,15.947,16.734,0,0,0,0,0,0,0,15.328,15.344,0,0,0,13.905,15.693,13.99,0,15.872,13.982,0,0,14.219,14.172,0,13.881,13.908,0,0,0,0,0,0,0,0,14.233,14.233,0,15.738,14.1,0,0,0,0,0,16.189,16.166,14.189,13.791,15.503,13.794,0,0,0,15.581,15.441,14.129,0,15.948,15.186,0,0,0,0,14.243,14.243,0,15.856,14.346,14.247,0,0,0,14.365,14.365,14.419,16.436,16.683,14.633,0,0,0,0,0,0,0,0,0,0,0,0,0,0,0,0,0,0,0,0,0,0,0,0,0,0,0,0,0,0,0,0,0,0,0,0,0,0,0,0,0,0,0,0,0,0,0,0,0,0,0,0,0,0,0,0,0,0,0,0,0,0,0,0,0,0,0,0,0,0,0,0,0,0,0,0,0,0,0,0,0,0,0,0,0,0,0,0,0,0,0,0,0,0,0,0,0,0,0,0,0,0,0,0,0,0,0,0,0,0,0,0,0,0,0,0,0,0,0,0,0,0,0,0,0,0,0,0,0,0,0,0,0,0,0,0,0,0,0,0,0,0,0,0,0,0,0,0,0,0,0,0,0,0,0,0,0,0,0,0,0,0,0,0,0,0,0,0,0,0,0,0,0,0,0,0,0,0,0,0,0,0,0,0,0,0,0,0,0,0,0,0,0,0,0,0,0,0,0,0,0,0,0,0,0,0,0,0,0,0,0,0,0,0,0,0,0,0,0,0,0,0,0,0,0,0,0,0,0,0,0,0,0,0,0,0,0,0,0,0,0,0,0,0,0,0,0,0,0,0,0,0,0,0,0,0,0,0,0,0,0,0,0,0,0,0,0,0,0,0,0,0,0,0,0,0,0,0,0,0,0,0,0,0,0,0,0,0,0,0,0,0,0,0,0,0,0,0,0,0,0,0,0,0,0,0,0,0,0,0,0,0,0,0,0,0,0,0,0,0,0,0,0,0,0,0,0,0,0,0,0,0,0,0,0,0,0,0,0,0,0,0,0,0,0,0,0,0,0,0,0,0,0,0,0,0,0,0,0,0,0,0,0,0,0,0,0,0,0,0,0,0,0,0,0,0,0,0,0,0,0,0,0,0,0,0,0,0,0,0,0,0,0,0,0,0,0,0,0,0,0,0,0,0,0,0,0,0,0,0,0,0,0,0,0,0,0,0,0,0,0,0,0,0,0,0,0,0,0,0,0,0,0,0,0,0,0,0,0,0,0,0,0,0,0,0,0,0
DiningRoomOutlets_AP,0,0,0,0,0,0,0,0,0,0,0,110.137,1446.405,887.712,110.607,1318.106,882.718,110.973,1328.337,889.94,894.328,111.042,0,1450.855,878.497,109.374,110.201,1471.695,871.331,109.208,1310.282,872.713,109.938,109.879,879.833,109.562,674.56,886.38,903.684,111.354,719.848,883.687,108.197,1338.178,882.037,893.228,107.992,1394.25,878.096,108.193,108.159,823.441,863.055,107.262,1347.989,855.179,107.621,108.16,1391.129,857.336,105.648,106.54,857.771,106.478,106.478,738.469,869.013,106.738,105.792,869.271,885.391,106.118,765.259,874.512,904.862,106.392,1415.62,883.039,910.896,107.227,106.121,878.824,893.44,108.294,108.419,901.276,885.83,914.432,168.55,1446.951,934.366,960.808,979.142,167.07,168.897,941.369,976.228,983.748,168.662,1497.758,944.899,955.272,979.628,993.455,167.986,1461.231,950.568,973.459,994.342,998.848,168.459,750.901,962.331,995.153,1002.753,169.659,169.958,958.918,971.573,1000.808,1005.172,168.281,902.184,957.932,993.282,1001.301,167.757,1462.975,947.822,986.94,1006.457,170.424,1459.432,963.42,995.879,1016.549,167.959,1059.894,975.358,1015.701,167.473,1386.482,974.524,996.427,1022.854,167.169,1329.883,966.849,1014.255,1032.449,1042.943,168.711,168.701,991.036,1031.122,1030.091,168.543,168.662,978.603,1024.552,1044.517,1054.44,1044.973,1054.716,1049.958,1046.173,1039.464,1038.415,1033.688,170.251,171.455,1019.241,998.078,1041.367,1053.105,1069.865,1065.029,1059.458,1054.12,1055.378,168.299,167.955,1002.423,1042.816,1062.832,1079.485,1069.787,1065.259,1053.674,1052.267,1047.748,1052.93,1058.138,1048.008,1058.051,1061.198,1056.027,1060.932,1058.331,1059.746,1057.657,1064.068,1071.634,1066.858,1067.613,1068.311,1077.115,1077.657,1060.119,1067.499,1075.295,1078.798,1078.046,167.489,169.337,1070.053,1058.829,1082.623,1105.424,1095.029,1098.005,1101.95,1098.45,1099.215,1094.345,1091.133,1085.096,1089.583,1084.058,1080.99,1083.097,168.985,359.395,1047.05,1085.693,1108.007,1108.529,1118.088,1103.522,1103.962,1105.194,167.177,1004.863,1082.88,1112.987,1113.255,1126.801,1115.065,1117.156,1103.693,1100.307,1106.079,167.843,1458.981,1044.735,1103.853,167.059,164.9,1101.35,1089.303,1100.33,1122.454,1121.662,1120.893,1115.791,1103.558,1109.294,1107.199,1101.823,1098.183,1086.405,167.103,1406.262,1057.387,1108.498,1126.048,1136.025,1147.569,1145.215,1138.611,169.202,167.502,1082,1113.839,167.93,1405.213,1076.245,1125.064,1142.076,1145.137,169.005,1263.871,1138.824,1160.733,169.638,1411.38,1143.928,1153.208,1165.728,168.303,1404.737,1113.332,1153.484,1159.888,167.599,549.319,1138.322,1140.02,1155.157,168.235,169.744,1120.879,1132.679,170.629,169.182,1123.613,1143.614,1156.594,170.695,170.489,1101.799,1156.662,1160.53,1164.908,169.089,169.832,1118.301,1156.346,1169.111,1170.087,168.836,1425.113,1156.795,1163.617,1164.404,169.844,168.643,1120.542,1154.484,1159.782,1178.324,169.44,1172.656,1158.771,1162.294,1177.36,1172.631,1187.782,1179.74,169.722,168.256,1110.507,1153.497,168.005,169.859,1099.26,1144.309,1154.53,1160.055,1158.84,170.16,169.684,1114.111,1126.803,1131.803,1132.88,171.66,171.961,1100.371,1113.518,170.641,1368.796,1123.963,1106.209,1116.735,1123.249,1118.266,351.034,173.125,1017.728,1102.128,1133.221,1147.937,172.388,1506.522,1127.665,1159.478,1158.748,1167.766,1180.771,1171.066,1168.01,1156.935,171.53,170.86,1104.369,1151.611,1174.944,1166.064,1182.871,1185.045,1176.765,1170.058,1168.322,1164.494,1160.548,1162.571,1161.543,1148.636,1149.118,1157.541,1152.435,1155.787,1152.18,1149.311,1148.949,1141.407,1134.157,1135.123,1128.005,1143.931,1124.813,169.795,170.445,1090.952,1116.945,1139.736,1147.102,1154.002,1152.101,1153.414,1143.606,166.785,1419.923,1114.904,1131.76,1150.834,1147.491,1149.511,1142.832,1125.169,170.306,1455.039,1105.257,1121.476,1139.302,1138.96,1137.772,1134.803,1141.07,1127.79,1125.658,1121.883,1124.055,1123.909,1124.1,1120.212,1117.667,1106.437,1114.731,1114.317,1116.146,1120.445,1117.452,1118.637,1113.563,1116.172,1107.772,1117.184,1109.197,170.448,1517.769,1089.522,1100.532,1126.012,1122.027,168.991,1451.423,1068.378,1096.945,1113.564,1124.467,1122.497,1136.582,1119.866,1109.819,1108.406,1112.057,1095.478,1093.198,1095.825,1097.064,1095.96,1086.075,1093.144,1090.112,171.804,1382.719,1081.377,1095.755,1113.053,170.169,1321.883,1049.427,1099.161,1105.39,21.292,0,20.849,23.12,23.493,21.444,21.377,0,0,0,0,0,0,0,0,0,0,0,0,0,0,0,0,0,0,0,0,0,0,0,0,0,0,0,0,0,0,0,0,0,0,0,0,0,0,0,0,0,0,0,0,0,0,0,0,0,0,0,0,0,0,0,0,0,0,0,0,0,0,0,0,0,0,0,0,0,0,0,0,0,0,0,0,0,0,0,0,0,0,0,0,0,0,0,0,0,0,0,0,0,0,0,0,0,0,0,0,0,0,0,0,0,0,0,0,0,0,0,0,0,0,0,0,0,0,0,0,0,0,0,0,0,0,0,0,0,0,0,0,0,0,0,0,0,0,0,0,0,0,0,0,0,0,0,0,0,0,0,0,0,0,0,0,0,0,0,0,0,0,0,0,0,0,0,0,0,0,0,0,0,0,0,0,0,0,0,0,0,0,0,0,0,0,0,0,0,0,0,0,0,0,0,0,0,0,0,0,0,0,0,0,0,0,0,0,0,0,0,0,0,0,0,0,0,0,0,0,0,0,0,0,0,0,0,0,0,0,0,0,0,0,0,0,0,0,0,0,0,0,0,0,0,0,0,0,0,0,0,0,0,0,0,0,0,0,0,0,0,0,0,0,0,0,0,0,0,0,0,0,0,0,0,0,0,0,0,0,0,0,0,0,0,0,0,0,0,0,0,0,0,0,0,0,0,0,0,0,0,0,0,0,0,0,0,0,0,0,0,0,0,0,0,0,0,0,0,0,0,0,0,0,0,0,0,0,0,0,0,0,0,0,0,0,0,0,0,0,0,0,0,0,0,0,0,0,0,0,0,0,0,0,0,0,0,0,0,0,0,0,0,0,0,0,0,0,0,0,0,0,0,0,0,0,0,0,0,0,0,0,0,0,0,0,0,0,0,0,0,0,0,0,0,0,0,0,0,0,0,0,0,0,0,0,0,0,0,0,0,0,0,0,0,0,0,0,0,0,0,0,0,0,0,0,0,0,0,0,0,0,0,0,0,0,0,0,0,0,0,0,0,0,0,0,0
OutsideOutlets_AP,0,0,0,0,0,0,0,0,0,0,0,1.337,1.337,0,0,0,0,0,0,0,0,0,0,0,0,0,0,0,0,0,0,0,0,0,0,0,0,0,0,0,0,0,0,0,0,0,0,0,0,0,0,0,0,0,0,0,0,0,0,0,2.423,2.423,0,0,0,0,0,0,0,0,0,0,0,0,0,0,0,0,0,0,0,0,0,0,0,0,0,0,0,0,0,0,0,0,0,0,0,0,0,0,0,0,0,0,0,0,0,0,0,0,0,0,0,0,0,0,0,0,0,0,0,0,0,0,0,0,0,0,0,0,0,0,0,0,0,0,0,0,0,0,0,0,0,0,0,0,0,0,0,0,0,0,0,0,0,0,0,0,0,0,0,0,0,0,0,0,2.33,1.436,0,0,0,0,0,0,0,0,0,0,0,0,0,0,0,0,0,0,0,0,0,0,0,0,0,0,0,0,0,0,0,0,0,0,2.327,1.342,0,0,0,0,0,0,0,0,0,0,0,0,0,0,0,0,0,0,0,0,0,0,0,0,0,0,0,0,0,0,0,0,0,2.099,2.099,0,0,0,0,0,0,0,0,0,0,0,0,0,0,0,0,0,0,0,0,0,0,0,0,0,0,0,0,0,0,0,0,0,0,2.548,2.548,0,0,0,0,0,0,0,0,0,0,0,0,0,0,0,0,0,0,0,0,0,0,0,0,0,0,0,0,0,0,0,0,0,0,2.453,1.325,0,0,0,0,0,0,0,0,0,0,0,0,0,0,0,0,0,0,0,0,0,0,0,0,0,0,0,0,0,0,0,0,0,0,0,0,0,0,0,0,0,0,0,0,0,0,0,0,0,0,0,0,0,0,0,0,0,0,2.109,2.109,0,0,0,0,0,0,0,0,0,0,0,0,0,1.797,1.797,0,0,0,0,0,0,0,0,0,0,0,0,0,0,0,0,0,0,0,0,0,0,0,0,0,0,0,0,0,0,0,0,0,0,0,0,0,0,0,0,0,0,0,0,0,0,0,0,0,0,0,0,0,0,0,0,0,0,0,0,0,0,0,0,0,0,0,0,0,0,0,0,0,0,0,0,0,0,0,0,0,0,0,0,0,0,0,0,0,0,0,0,0,0,0,0,0,0,2.604,1.922,0,0,0,0,0,0,0,0,0,0,0,0,0,0,0,0,0,0,0,0,0,0,0,0,0,0,0,0,0,0,0,0,0,0,0,0,0,0,0,0,0,0,0,0,0,0,0,0,0,0,0,0,0,0,0,0,0,0,0,0,0,0,0,0,0,0,0,0,0,0,0,0,0,0,0,0,0,0,0,0,0,0,0,0,0,0,0,0,0,0,0,0,0,0,0,0,0,0,0,0,0,0,0,0,0,0,0,0,0,0,0,0,0,0,0,0,0,0,0,0,0,0,0,0,0,0,0,0,0,0,0,0,0,0,0,0,0,0,0,0,0,0,0,0,0,0,0,0,0,0,0,0,0,0,0,0,0,0,0,0,0,0,0,0,0,0,0,0,0,0,0,0,0,0,0,0,0,0,0,0,0,0,0,0,0,0,0,0,0,0,0,0,0,0,0,0,0,0,0,0,0,0,0,0,0,0,0,0,0,0,0,0,0,0,0,0,0,0,0,0,0,0,0,0,0,0,0,0,0,0,0,0,0,0,0,0,0,0,0,0,0,0,0,0,0,0,0,0,0,0,0,0,0,0,0,0,0,0,0,0,0,0,0,0,0,0,0,0,0,0,0,0,0,0,0,0,0,0,0,0,0,0,0,0,0,0,0,0,0,0,0,0,0,0,0,0,0,0,0,0,0,0,0,0,0,0,0,0,0,0,0,0,0,0,0,0,0,0,0,0,0,0,0,0,0,0,0,0,0,0,0,0,0,0,0,0,0,0,0,0,0,0,0,0,0,0,0,0,0,0,0,0,0,0,0,0,0,0,0,0,0,0,0,0,0,0,0,0,0,0,0,0,0,0,0,0,0,0,0,0,0,0,0,0,0,0,0,0,0,0,0,0,0,0,0,0,0,0,0,0,0,0,0,0,0,0,0,0,0,0,0,0,0,0,0,0,0,0,0,0,0,0,0,0,0,0,0,0,0,0,0,0,0,0,0,0,0,0,0,0,0,0,0,0,0,0,0,0,0,0,0,0,0,0,0,0,0,0,0,0,0,0,0,0,0,0,0,0,0,0,0,0,0,0
CellarLights_AP,0,0,0,0,0,0,0,0,0,0,0,3.998,3.998,0,0,0,0,0,0,0,0,0,0,0,0,0,0,0,0,0,0,0,0,0,0,0,0,0,0,0,0,0,0,0,0,0,0,0,0,0,0,0,0,0,0,0,0,0,0,0,0,0,0,0,0,0,0,0,0,0,0,0,0,0,0,0,0,0,0,0,0,0,0,0,0,0,0,0,67.241,62.435,3.927,0,0,0,0,0,0,0,0,0,0,0,0,0,0,0,0,0,56.954,4.153,0,0,0,0,0,0,0,0,0,0,0,0,0,0,0,0,0,0,0,0,0,0,0,0,0,0,0,0,0,0,0,0,0,0,0,0,0,0,0,0,0,0,0,0,0,0,0,0,0,0,0,0,0,0,0,71.151,63.265,63.265,0,0,0,0,0,0,0,0,0,0,0,0,0,0,0,0,0,0,0,0,0,0,0,0,0,46.722,3.892,0,0,0,0,0,0,0,0,0,0,0,0,0,0,0,0,0,0,0,0,0,0,0,0,0,0,0,0,0,0,0,0,0,55.648,59.087,3.944,0,0,0,0,0,0,0,0,0,0,0,0,0,0,0,0,0,0,0,0,0,0,0,0,0,0,0,0,0,0,0,0,0,0,0,0,0,0,0,0,0,50.238,62.537,3.921,0,0,0,0,0,0,0,0,0,0,0,0,0,0,0,0,0,0,0,0,0,0,0,0,0,0,0,0,0,0,0,55.084,3.881,3.881,0,0,0,0,0,0,0,0,0,0,0,0,0,0,0,0,0,0,42.643,3.974,0,0,0,0,0,0,0,0,0,0,0,0,0,0,0,0,0,0,0,0,0,0,0,0,0,0,0,0,0,0,0,0,0,0,0,0,0,0,39.823,3.971,0,0,0,0,0,0,0,0,0,0,0,0,0,0,0,0,0,0,0,0,0,0,0,0,0,0,0,0,0,0,0,0,0,0,0,0,0,0,0,0,0,0,0,0,0,0,0,0,0,0,0,0,0,0,0,0,0,0,0,0,0,0,0,0,0,0,0,0,0,0,0,0,0,0,0,0,0,0,0,0,0,0,0,0,0,0,0,0,0,0,0,0,0,0,0,0,0,0,0,0,0,0,0,0,0,0,0,0,0,0,0,0,0,0,0,0,0,0,0,0,0,0,0,0,0,0,0,0,0,0,0,0,0,0,0,0,0,0,74.324,3.961,0,0,0,0,0,0,0,0,0,0,0,0,0,0,0,0,0,0,0,0,0,0,0,0,0,0,0,0,0,0,0,0,0,0,0,0,0,0,0,0,0,0,0,0,0,0,0,0,0,0,0,0,0,0,0,0,0,0,0,0,0,0,0,0,0,0,0,0,0,0,0,0,0,0,0,0,0,0,0,0,0,0,0,0,0,0,0,0,0,0,0,0,0,0,0,0,0,0,0,0,0,0,0,0,0,0,0,0,0,0,0,0,0,0,0,0,0,0,0,0,0,0,0,0,0,0,0,0,0,0,0,0,0,0,0,0,0,0,0,0,0,0,0,0,0,0,0,0,0,0,0,0,0,0,0,0,0,0,0,0,0,0,0,0,0,0,0,0,0,0,0,0,0,0,0,0,0,0,0,0,0,0,0,0,0,0,0,0,0,0,0,0,0,0,0,0,0,0,0,0,0,0,0,0,0,0,0,0,0,0,0,0,0,0,0,0,0,0,0,0,0,0,0,0,0,0,0,0,0,0,0,0,0,0,0,0,0,0,0,0,0,0,0,0,0,0,0,0,0,0,0,0,0,0,0,0,0,0,0,0,0,0,0,0,0,0,0,0,0,0,0,0,0,0,0,0,0,0,0,0,0,0,0,0,0,0,0,0,0,0,0,0,0,0,0,0,0,0,0,0,0,0,0,0,0,0,0,0,0,0,0,0,0,0,0,0,0,0,0,0,0,0,0,0,0,0,0,0,0,0,0,0,0,0,0,0,0,0,0,0,0,0,0,0,0,0,0,0,0,0,0,0,0,0,0,0,0,0,0,0,0,0,0,0,0,0,0,0,0,0,0,0,0,0,0,0,0,0,0,0,0,0,0,0,0,0,0,0,0,0,0,0,0,0,0,0,0,0,0,0,0,0,0,0,0,0,0,0,0,0,0,0,0,0,0,0,0,0,0,0,0,0,0,0,0,0,0,0,0,0,0,0,0,0,0,0,0,0,0,0,0,0,0,0,0,0,0,0,0,0,0
FurnaceHRV_AP,0,0,0,0,0,0,0,0,0,0,0,496.413,496.413,497.053,495.964,495.296,67.859,488.794,491.049,491.525,496.133,489.647,36.094,490.539,483.46,487.15,494.337,494.733,492.991,529.486,529.545,530.165,529.716,531.534,528.292,527.134,531.005,528.289,535.742,528.25,532.014,530.83,525.497,493.208,0,492.43,492.43,486.756,486.756,371.463,34.771,493.499,484.584,0,0,0,484.592,484.797,484.797,485.24,485.24,487.975,35.01,491.369,643.937,646.125,649.208,647.003,648.295,638.474,660.126,666.024,671.312,678.723,684.896,671.243,671.915,678.705,525.039,527.292,529.329,527.566,529.993,682.278,661.696,661.017,501.325,498.848,498.848,496.324,500.19,0,498.442,494.038,500.055,502.263,693.998,650.364,661.247,659.62,659.722,649.654,652.339,650.012,502.438,502.632,496.389,498.87,499.749,501.546,503.831,537.271,533.825,533.045,536.306,534.112,532.949,531.233,529.569,531.42,531.02,528.365,531.519,531.49,529.363,495.795,0,0,496.147,496.147,497.617,498.223,500.301,500.301,500.197,496.956,494.861,496.1,496.292,497.788,497.745,495.957,495.707,493.284,493.21,490.505,491.525,493.183,491.256,353.012,245.472,86.045,516.598,521.74,525.232,526.608,525.777,523.093,526.813,523.81,525.026,528.179,519.885,522.872,525.488,493.656,494.157,492.574,497.987,490.46,489.002,486.584,487.749,489.528,486.133,486.847,485.247,487.917,485.589,484.38,489.325,488.722,488.286,35.428,794.998,478.642,483.352,483.352,35.016,482.517,474.192,485.313,518.722,521.61,519.015,523.197,518.004,521.681,519.353,522.732,521.588,518.742,521.587,519.867,519.851,524.042,491.682,492.5,397.638,70.8,488.019,0,0,0,468.352,35.488,51.229,483.514,485.34,485.823,487.944,426.911,36.525,492.544,489.939,494.3,494.768,494.707,491.76,490.451,490.549,491.605,487.75,526.197,521.71,521.124,518.848,522.021,518.31,522.646,520.713,520.503,524.096,521.05,524.081,525.917,521.929,491.897,491.387,0,0,488.787,490.525,490.321,490.321,36.085,69.395,479.249,483.27,0,0,484.355,485.689,484.271,34.777,487.495,421.774,35.242,58.751,476.93,479.335,35.213,489.704,474.832,69.377,504.164,507.464,517.78,515.839,516.483,65.467,114.957,502.749,507.09,511.493,512.47,511.645,65.831,34.847,478.47,0,307.698,45.442,473.787,472.381,478.303,479.996,478.769,480.012,33.961,498.222,471.359,294.848,33.904,503.18,473.955,473.955,476.707,80.092,479.073,474.698,35.614,75.155,477.242,479.553,522.446,519.142,66.977,551.573,509.666,66.142,111.906,500.212,511.362,66.557,530.73,505.352,514.131,520.032,36.886,481.903,474.348,450.851,35.526,485.232,476.669,478.248,34.768,491.969,473.272,473.272,479.184,481.476,35.655,51.362,480.55,35.722,491.376,473.478,440.91,35.579,481.36,479.446,36.406,479.485,473.372,512.728,66.396,526.822,503.45,511.499,82.119,504.708,509.413,68.805,78.569,668.162,674.99,679.029,675.142,645.357,488.943,488.943,0,496.872,496.607,498.203,499.822,495.09,494.934,76.386,489.446,286.856,36.231,70.248,483.207,489.589,81.471,70.274,486.786,482.649,36.184,66.441,485.051,482.486,482.486,201.945,67.022,514.627,513.918,67.072,540.536,513.081,513.473,517.175,101.149,511.961,518.184,67.821,67.154,513.302,478.397,488.111,488.111,461.107,84.4,490.162,482.505,0,0,486.626,57.129,485.21,480.647,34.712,48.051,470.94,472.884,481.117,35.369,493.588,480.606,82.332,473.119,474.298,163.216,35.402,491.565,664.528,677.12,669.498,663.943,515.717,67.161,517.328,513.474,521.673,526.163,521.662,526.476,520.614,522.81,491.431,491.381,0,495.6,492.422,0,490.852,488.653,487.934,395.874,82.159,485.224,0,0,488.65,35.327,506.756,482.291,168.813,35.901,47.302,486.736,483.226,482.792,34.151,57.727,476.721,508.791,516.342,520.258,518.054,524.64,519.04,523.711,520.739,524.084,67.309,75.68,522.814,528.05,520.731,490.639,36.194,68.27,488.842,0,0,0,272.054,85.682,491.092,489.855,494.701,36.977,513.858,489.26,36.997,505.425,488.637,496.371,498.559,0,0,0,0,0,0,0,0,0,0,0,0,0,0,0,0,0,0,0,0,0,0,0,0,0,0,0,0,0,0,0,0,0,0,0,0,0,0,0,0,0,0,0,0,0,0,0,0,0,0,0,0,0,0,0,0,0,0,0,0,0,0,0,0,0,0,0,0,0,0,0,0,0,0,0,0,0,0,0,0,0,0,0,0,0,0,0,0,0,0,0,0,0,0,0,0,0,0,0,0,0,0,0,0,0,0,0,0,0,0,0,0,0,0,0,0,0,0,0,0,0,0,0,0,0,0,0,0,0,0,0,0,0,0,0,0,0,0,0,0,0,0,0,0,0,0,0,0,0,0,0,0,0,0,0,0,0,0,0,0,0,0,0,0,0,0,0,0,0,0,0,0,0,0,0,0,0,0,0,0,0,0,0,0,0,0,0,0,0,0,0,0,0,0,0,0,0,0,0,0,0,0,0,0,0,0,0,0,0,0,0,0,0,0,0,0,0,0,0,0,0,0,0,0,0,0,0,0,0,0,0,0,0,0,0,0,0,0,0,0,0,0,0,0,0,0,0,0,0,0,0,0,0,0,0,0,0,0,0,0,0,0,0,0,0,0,0,0,0,0,0,0,0,0,0,0,0,0,0,0,0,0,0,0,0,0,0,0,0,0,0,0,0,0,0,0,0,0,0,0,0,0,0,0,0,0,0,0,0,0,0,0,0,0,0,0,0,0,0,0,0,0,0,0,0,0,0,0,0,0,0,0,0,0,0,0,0,0,0,0,0,0,0,0,0,0,0,0,0,0,0,0,0,0,0,0,0,0,0,0,0,0,0,0,0,0,0,0,0,0,0,0,0,0,0,0,0,0,0,0,0,0,0,0,0,0,0,0,0,0,0,0,0,0,0,0,0,0,0,0,0,0,0,0,0,0,0,0,0,0,0,0,0,0,0,0,0,0,0,0,0,0,0,0,0,0,0,0,0,0,0,0,0,0,0,0,0,0,0,0,0,0,0,0,0,0,0
CellarOutlets_AP,0,0,0,0,0,0,0,0,0,0,0,127.117,30.406,31.34,30.485,0,0,0,0,0,0,0,0,0,0,0,845.163,144.293,0,132.242,132.242,129.952,130.167,130.167,0,0,0,0,0,0,0,0,0,0,0,0,37.499,29.938,0,0,0,0,0,0,0,0,0,0,0,0,985.725,141.067,129.058,129.058,126.814,126.814,0,0,125.093,125.093,0,0,0,0,0,0,0,123.345,123.398,123.197,123.197,29.293,0,0,0,0,29.091,29.091,0,0,0,0,0,0,0,654.379,140.773,0,0,127.679,127.679,126.377,0,0,0,125.097,125.097,0,123.201,123.201,0,0,0,0,0,0,93.797,29.458,0,0,0,0,0,0,0,0,0,0,0,0,843.38,138.247,129.14,128.081,127.755,127.755,127.46,0,125.503,125.002,0,0,0,0,0,0,0,0,0,0,123.1,65.841,29.308,0,0,0,0,0,0,0,0,29.843,28.943,30.227,29.408,29.077,1004.351,134.323,129.351,129.018,130.18,126.447,125.644,125.616,126.819,126.322,124.216,124.216,125.651,124.506,124.614,124.614,0,0,0,0,0,79.598,29.045,29.168,27.929,29.067,29.564,29.502,28.42,0,0,0,0,0,29.281,29.725,994.469,140.918,126.949,127.283,0,125.664,124.668,126.725,0,0,0,0,124.402,124.402,0,0,0,0,0,0,98.859,30.125,0,0,0,0,0,0,0,0,0,0,0,0,0,359.528,140.953,136.923,128.157,128.157,127.306,0,0,0,0,0,0,0,0,0,0,0,0,0,0,0,105.831,28.709,0,0,0,0,0,0,0,0,0,0,0,0,0,893.008,138.802,0,127.665,127.665,125.812,127.092,128.021,0,0,125.986,125.986,125.229,0,0,0,0,0,0,0,0,60.368,29.442,0,0,0,0,0,0,0,0,0,0,0,0,0,1021.673,136.599,130.643,128.043,0,0,0,126.585,126.14,127.985,127.985,0,0,0,0,0,0,0,0,0,123.621,29.459,0,0,0,0,0,0,0,0,0,0,0,0,0,747.776,141.579,0,0,0,441.382,454.146,435.845,430.39,434.551,437.734,29.634,0,0,0,0,0,0,0,0,0,0,0,0,0,1054.652,174.322,147.05,0,0,143.976,142.608,141.118,141.37,138.1,136.05,0,0,0,133.654,133.654,132.39,132.39,129.745,130.809,130.08,130.08,127.579,129.033,130.143,129.606,127.92,127.92,127.404,127.404,125.198,125.198,127.677,127.677,0,0,0,0,0,0,0,124.329,124.379,124.429,124.141,0,0,0,0,0,0,0,0,0,124.902,124.902,0,0,0,0,68.995,29.14,0,0,0,0,0,0,0,0,0,0,0,0,964.221,140.915,129.615,128.542,127.006,127.006,126.922,125.16,126.999,125.861,0,0,0,0,0,0,0,0,0,0,0,0,0,0,0,0,46.069,29.628,0,0,0,0,0,0,0,0,30.003,29.095,0,0,0,402.707,133.137,128.745,128.392,128.145,126.415,126.415,126.745,126.515,0,0,0,0,0,0,0,0,0,0,0,122.161,122.161,0,0,0,105.238,30.277,0,0,0,0,0,0,0,0,0,0,0,0,0,0,0,0,0,0,0,0,0,0,0,0,0,0,0,0,0,0,0,0,0,0,0,0,0,0,0,0,0,0,0,0,0,0,0,0,0,0,0,0,0,0,0,0,0,0,0,0,0,0,0,0,0,0,0,0,0,0,0,0,0,0,0,0,0,0,0,0,0,0,0,0,0,0,0,0,0,0,0,0,0,0,0,0,0,0,0,0,0,0,0,0,0,0,0,0,0,0,0,0,0,0,0,0,0,0,0,0,0,0,0,0,0,0,0,0,0,0,0,0,0,0,0,0,0,0,0,0,0,0,0,0,0,0,0,0,0,0,0,0,0,0,0,0,0,0,0,0,0,0,0,0,0,0,0,0,0,0,0,0,0,0,0,0,0,0,0,0,0,0,0,0,0,0,0,0,0,0,0,0,0,0,0,0,0,0,0,0,0,0,0,0,0,0,0,0,0,0,0,0,0,0,0,0,0,0,0,0,0,0,0,0,0,0,0,0,0,0,0,0,0,0,0,0,0,0,0,0,0,0,0,0,0,0,0,0,0,0,0,0,0,0,0,0,0,0,0,0,0,0,0,0,0,0,0,0,0,0,0,0,0,0,0,0,0,0,0,0,0,0,0,0,0,0,0,0,0,0,0,0,0,0,0,0,0,0,0,0,0,0,0,0,0,0,0,0,0,0,0,0,0,0,0,0,0,0,0,0,0,0,0,0,0,0,0,0,0,0,0,0,0,0,0,0,0,0,0,0,0,0,0,0,0,0,0,0,0,0,0,0,0,0,0,0,0,0,0,0,0,0,0,0,0,0,0,0,0,0,0,0,0,0,0,0,0,0,0,0,0,0,0,0,0,0,0,0,0,0,0,0,0,0,0,0,0,0,0,0,0,0,0,0,0,0,0,0,0,0,0,0,0,0,0,0,0,0,0,0,0,0,0,0,0,0,0,0,0,0,0,0,0,0,0,0,0,0,0,0,0,0,0,0,0,0,0,0,0
WashingMachine_AP,0,0,0,0,0,0,0,0,0,0,0,2.068,2.068,0,0,0,0,0,0,0,0,0,0,0,0,0,0,0,0,0,0,0,0,0,0,0,0,0,0,0,0,0,0,0,0,0,0,0,0,0,0,0,0,0,0,0,0,0,0,0,0,0,0,0,0,0,0,0,0,0,0,0,0,0,0,0,0,0,0,0,0,0,0,0,0,0,0,0,0,0,0,0,0,0,0,0,0,0,0,0,0,0,0,0,0,0,0,0,0,0,0,0,0,0,0,0,0,0,0,0,0,0,0,0,0,0,0,0,0,0,0,0,0,0,0,0,0,0,0,0,0,0,0,0,0,0,0,0,0,0,0,0,0,0,0,0,0,0,0,0,0,0,0,0,0,0,0,0,0,0,0,0,0,0,0,0,0,0,0,0,0,0,0,0,0,0,0,0,0,0,0,0,0,0,0,0,0,0,0,0,0,0,0,0,0,0,0,0,0,0,0,0,0,0,0,0,0,0,0,0,0,0,0,0,0,0,0,0,0,0,0,0,0,0,0,0,0,0,0,0,0,0,0,0,0,0,0,0,0,0,0,0,0,0,0,0,0,0,0,0,0,0,0,0,0,0,0,0,0,0,0,0,0,0,0,0,0,0,0,0,0,0,0,0,0,0,0,0,0,0,0,0,0,0,0,0,0,0,0,0,0,0,0,0,0,0,0,0,0,0,0,0,0,0,0,0,0,0,0,0,0,0,0,0,0,0,0,0,0,0,0,0,0,0,0,0,0,0,0,0,0,0,0,0,0,0,0,0,0,0,0,0,0,0,0,0,0,0,0,0,0,0,0,0,0,0,0,0,0,0,0,0,0,0,0,0,0,0,0,0,0,0,0,0,0,0,0,0,0,0,0,0,0,0,0,0,0,0,0,0,0,0,0,0,0,0,0,0,0,0,0,0,0,0,0,0,0,0,0,0,0,0,0,0,0,0,0,0,0,0,0,0,0,0,0,0,0,0,0,0,0,0,0,0,0,0,0,0,0,0,0,0,0,0,0,0,0,0,0,0,0,0,0,0,0,0,0,0,0,0,0,0,0,0,0,0,0,0,0,0,0,0,0,0,0,0,0,0,0,0,0,0,0,0,0,0,0,0,0,0,0,0,0,0,0,0,0,0,0,0,0,0,0,0,0,0,0,0,0,0,0,0,0,0,0,0,0,0,0,0,0,0,0,0,0,0,0,0,0,0,0,0,0,0,0,0,0,0,0,0,0,0,0,0,0,0,0,0,0,0,0,0,0,0,0,0,0,0,0,0,0,0,0,0,0,0,0,0,0,0,0,0,0,0,0,0,0,0,0,0,0,0,0,0,0,0,0,0,0,0,0,0,0,0,0,0,0,0,0,0,0,0,0,0,0,0,0,0,0,0,0,0,0,0,0,0,0,0,0,0,0,0,0,0,0,0,0,0,0,0,0,0,0,0,0,0,0,0,0,0,0,0,0,0,0,0,0,0,0,0,0,0,0,0,0,0,0,0,0,0,0,0,0,0,0,0,0,0,0,0,0,0,0,0,0,0,0,0,0,0,0,0,0,0,0,0,0,0,0,0,0,0,0,0,0,0,0,0,0,0,0,0,0,0,0,0,0,0,0,0,0,0,0,0,0,0,0,0,0,0,0,0,0,0,0,0,0,0,0,0,0,0,0,0,0,0,0,0,0,0,0,0,0,0,0,0,0,0,0,0,0,0,0,0,0,0,0,0,0,0,0,0,0,0,0,0,0,0,0,0,0,0,0,0,0,0,0,0,0,0,0,0,0,0,0,0,0,0,0,0,0,0,0,0,0,0,0,0,0,0,0,0,0,0,0,0,0,0,0,0,0,0,0,0,0,0,0,0,0,0,0,0,0,0,0,0,0,0,0,0,0,0,0,0,0,0,0,0,0,0,0,0,0,0,0,0,0,0,0,0,0,0,0,0,0,0,0,0,0,0,0,0,0,0,0,0,0,0,0,0,0,0,0,0,0,0,0,0,0,0,0,0,0,0,0,0,0,0,0,0,0,0,0,0,0,0,0,0,0,0,0,0,0,0,0,0,0,0,0,0,0,0,0,0,0,0,0,0,0,0,0,0,0,0,0,0,0,0,0,0,0,0,0,0,0,0,0,0,0,0,0,0,0,0,0,0,0,0,0,0
FridgeRange_AP,0,0,0,0,0,0,0,0,0,0,0,9.739,9.739,0,0,0,0,0,0,1170.969,203.142,218.014,0,0,0,0,0,0,199.946,204.673,204.676,203.59,200.903,199.696,196.924,197.25,200.349,200.875,203.005,199.624,200.424,194.027,196.363,195.617,195.427,197.372,198.43,9.836,0,12.746,9.959,0,0,0,0,0,0,0,0,0,0,0,0,0,0,0,0,0,125.002,12.266,97.843,10.348,9.223,10.435,199.706,203.704,204.684,217.351,205.241,207.406,204.021,203.94,203.342,204.463,204.83,259.878,201.183,204.795,204.795,203.88,0,192.676,191.94,0,199.014,198.715,197.047,0,0,189.101,189.101,0,194.531,193.735,198.124,0,0,191.569,190.695,9.059,10.332,8.812,8.743,9.607,9.403,9.913,8.993,8.791,9.699,8.659,9.422,10.014,9.847,9.606,9.748,8.646,0,0,0,0,0,0,0,0,1193.039,198.958,0,0,0,0,0,0,0,0,0,198.654,198.654,0,0,190.975,190.045,198.979,198.828,196.173,193.314,191.95,192.404,192.706,191.094,195.248,197.215,196.09,193.209,9.501,9.233,9.549,0,0,0,0,0,0,0,0,0,0,0,0,0,0,0,0,0,0,0,0,0,0,0,339.477,216.079,194.334,196.248,195.508,200.27,197.506,198.995,201.934,199.152,199.687,195.702,200.221,196.034,193.82,193.014,191.363,194.495,194.389,194.389,288.37,195.041,195.371,197.843,195.872,281.07,199.492,0,192.577,196.197,194.887,199.624,197.84,197.84,0,193.701,193.55,193.55,195.832,195.162,194.955,0,192.936,8.983,8.751,8.81,9.56,9.46,9.649,9.456,8.487,9.982,9.804,9.389,9.716,8.74,8.629,9.427,8.55,0,0,0,0,0,0,0,0,0,1316.967,199.154,0,0,0,0,0,0,0,0,0,195.008,194.544,0,0,194.636,193.539,197.043,195.883,196.249,196.134,194.391,283.565,201.533,202.603,200.095,202.118,203.435,202.863,197.855,194.208,192.223,193.334,193.334,199.824,198.54,11.436,0,0,0,0,0,0,0,0,0,0,0,0,0,0,0,0,0,0,0,0,11.041,9.995,11.678,10.223,10.664,11.033,204.706,203.883,203.152,203.971,206.002,203.473,199.153,199.496,202.438,200.691,205.729,205.094,0,0,195.512,196.981,197.701,197.792,196.026,199.819,198.014,0,0,0,193.797,193.797,199.878,198.038,197.939,0,190.787,190.787,9.189,0,0,11.178,10.627,10.205,10.295,11.248,10.884,10.577,11.415,11.7,9.633,10.81,11.011,10.186,11.457,10.666,11.293,0,0,0,0,0,1371.171,217.486,206.1,206.915,0,0,0,0,0,0,0,201.616,199.902,0,198.112,197.692,195.569,195.801,202.581,200.313,200.912,195.419,192.794,192.721,193.142,196.397,198.244,201.738,201.062,11.399,10.437,11.612,10.461,11.349,9.485,10.513,0,0,0,0,0,0,0,0,0,0,0,0,0,0,0,0,0,0,0,103.77,1336.771,205.607,202.304,0,0,203.339,204.171,201.492,200.622,204.681,203.033,201.122,201.878,196.071,194.609,193.04,194.869,195.464,199.133,198.533,201.548,200.86,0,194.553,193.269,191.813,198.906,198.197,196.374,0,0,191.742,10.16,0,0,0,0,0,0,0,0,0,0,0,0,0,130.857,33.961,10.255,9.434,11.077,10.274,11.158,10.267,201.036,202.648,200.165,203.768,201.451,202.018,201.407,203.455,0,0,206.312,206.321,0,0,198.279,197.28,201.888,201.888,203.063,203.063,0,289.893,289.725,294.746,207.056,207.93,0,0,0,0,0,0,0,0,0,0,0,0,0,0,0,0,0,0,0,0,0,0,0,0,0,0,0,0,0,0,0,0,0,0,0,0,0,0,0,0,0,0,0,0,0,0,0,0,0,0,0,0,0,0,0,0,0,0,0,0,0,0,0,0,0,0,0,0,0,0,0,0,0,0,0,0,0,0,0,0,0,0,0,0,0,0,0,0,0,0,0,0,0,0,0,0,0,0,0,0,0,0,0,0,0,0,0,0,0,0,0,0,0,0,0,0,0,0,0,0,0,0,0,0,0,0,0,0,0,0,0,0,0,0,0,0,0,0,0,0,0,0,0,0,0,0,0,0,0,0,0,0,0,0,0,0,0,0,0,0,0,0,0,0,0,0,0,0,0,0,0,0,0,0,0,0,0,0,0,0,0,0,0,0,0,0,0,0,0,0,0,0,0,0,0,0,0,0,0,0,0,0,0,0,0,0,0,0,0,0,0,0,0,0,0,0,0,0,0,0,0,0,0,0,0,0,0,0,0,0,0,0,0,0,0,0,0,0,0,0,0,0,0,0,0,0,0,0,0,0,0,0,0,0,0,0,0,0,0,0,0,0,0,0,0,0,0,0,0,0,0,0,0,0,0,0,0,0,0,0,0,0,0,0,0,0,0,0,0,0,0,0,0,0,0,0,0,0,0,0,0,0,0,0,0,0,0,0,0,0,0,0,0,0,0,0,0,0,0,0,0,0,0,0,0,0,0,0,0,0,0,0,0,0,0,0,0,0,0,0,0,0,0,0,0,0,0,0,0,0,0,0,0,0,0,0,0,0,0,0,0,0,0,0,0,0,0,0,0,0,0,0,0,0,0,0,0,0,0,0,0,0,0,0,0,0,0,0,0,0,0,0,0,0,0,0,0,0,0,0,0,0,0,0,0,0,0,0,0,0,0,0,0,0,0,0,0,0,0,0,0,0,0,0,0,0,0,0,0,0,0,0,0,0,0,0,0,0,0,0,0,0,0,0,0,0,0,0
DisposalDishwasher_AP,0,0,0,0,0,0,0,0,0,0,0,32.627,32.627,0,0,0,0,0,0,0,0,0,0,0,0,0,0,0,31.767,32.559,32.432,32.262,32.471,32.409,32.137,32.399,32.574,32.239,32.95,32.602,32.74,31.873,32.23,32.193,0,0,0,0,0,0,0,0,0,0,0,0,0,0,0,0,0,0,0,0,0,0,0,0,0,31.348,31.348,31.531,31.394,31.292,31.236,31.428,31.359,31.365,31.031,31.45,31.295,31.329,31.447,32,31.926,0,0,0,0,0,0,0,0,0,0,0,0,0,0,0,0,0,0,0,0,0,0,0,0,0,31.709,31.483,31.314,31.406,31.185,31.784,31.728,31.273,31.181,31.159,31.017,31.657,31.838,31.237,31.125,31.119,0,0,0,0,0,0,0,0,0,0,0,0,0,0,0,0,0,0,0,0,0,0,0,0,0,31.488,31.763,31.14,31.217,31.12,31.672,31.526,30.904,31.234,30.968,30.968,31.154,31.466,31.576,31.759,0,0,0,0,0,0,0,0,0,0,0,0,0,0,0,0,0,0,0,0,0,0,0,0,0,30.224,30.224,30.105,31.111,31.08,30.826,30.989,30.94,31.066,30.231,30.895,30.647,30.603,30.827,30.899,31.026,0,0,0,0,0,0,1511.68,31.337,0,0,0,0,0,0,0,0,0,0,0,0,0,0,0,0,0,0,31.091,31.23,30.982,30.966,30.885,30.871,30.765,31.401,31.397,31.391,31.186,31.173,31.076,30.959,31.144,0,0,0,0,0,0,0,0,0,0,0,0,0,0,0,0,0,0,0,0,0,0,0,0,0,31.196,30.912,30.895,30.71,30.81,31.049,30.703,31.355,30.97,30.575,30.755,31.294,31.065,30.83,30.804,30.594,0,0,0,0,0,0,0,0,0,0,0,0,0,0,0,0,0,0,0,0,0,0,0,0,0,31.644,31.538,31.534,31.25,31.832,31.877,31.315,31.315,31.181,31.369,30.929,31.648,30.933,31.057,31.365,30.974,0,0,0,0,0,0,0,0,0,0,0,0,0,0,0,0,0,0,0,0,0,0,0,0,0,31.236,31.391,31.458,31.515,31.413,31.795,31.663,31.382,31.597,31.537,31.547,31.97,32.02,31.573,31.327,31.243,0,0,0,0,0,0,0,0,0,0,0,0,0,0,0,0,0,0,0,0,0,0,0,0,0,30.968,31.279,31.318,31.392,31.28,31.422,31.326,31.1,31.19,30.965,31.501,31.362,31.24,31.433,31.589,31.547,0,0,0,0,0,0,0,0,0,0,0,0,0,0,0,0,0,0,0,0,0,0,0,0,0,31.223,31.319,31.164,30.819,31.617,31.129,30.661,30.878,31.07,30.917,30.979,30.92,31.188,30.849,30.846,31.068,0,0,0,0,0,0,0,0,0,0,0,0,0,0,0,0,0,0,0,0,0,0,0,0,0,30.999,30.843,30.949,30.934,30.796,31.114,30.968,31.162,31.113,31.123,31.054,31.61,31.66,31.382,31.375,31.496,0,0,0,0,0,0,0,0,0,0,0,0,0,0,0,0,0,0,0,0,0,0,0,0,0,0,0,0,0,0,0,0,0,0,0,0,0,0,0,0,0,0,0,0,0,0,0,0,0,0,0,0,0,0,0,0,0,0,0,0,0,0,0,0,0,0,0,0,0,0,0,0,0,0,0,0,0,0,0,0,0,0,0,0,0,0,0,0,0,0,0,0,0,0,0,0,0,0,0,0,0,0,0,0,0,0,0,0,0,0,0,0,0,0,0,0,0,0,0,0,0,0,0,0,0,0,0,0,0,0,0,0,0,0,0,0,0,0,0,0,0,0,0,0,0,0,0,0,0,0,0,0,0,0,0,0,0,0,0,0,0,0,0,0,0,0,0,0,0,0,0,0,0,0,0,0,0,0,0,0,0,0,0,0,0,0,0,0,0,0,0,0,0,0,0,0,0,0,0,0,0,0,0,0,0,0,0,0,0,0,0,0,0,0,0,0,0,0,0,0,0,0,0,0,0,0,0,0,0,0,0,0,0,0,0,0,0,0,0,0,0,0,0,0,0,0,0,0,0,0,0,0,0,0,0,0,0,0,0,0,0,0,0,0,0,0,0,0,0,0,0,0,0,0,0,0,0,0,0,0,0,0,0,0,0,0,0,0,0,0,0,0,0,0,0,0,0,0,0,0,0,0,0,0,0,0,0,0,0,0,0,0,0,0,0,0,0,0,0,0,0,0,0,0,0,0,0,0,0,0,0,0,0,0,0,0,0,0,0,0,0,0,0,0,0,0,0,0,0,0,0,0,0,0,0,0,0,0,0,0,0,0,0,0,0,0,0,0,0,0,0,0,0,0,0,0,0,0,0,0,0,0,0,0,0,0,0,0,0,0,0,0,0,0,0,0,0,0,0,0,0,0,0,0,0,0,0,0,0,0,0,0,0,0,0,0,0,0,0,0,0,0,0,0,0,0,0,0,0,0,0,0,0,0,0,0,0,0,0,0,0,0,0,0,0,0,0,0,0,0,0,0,0,0,0,0,0,0,0,0,0,0,0,0,0,0
Microwave_AP,0,0,0,0,0,0,0,0,0,0,0,4.162,4.162,0,0,0,0,0,0,0,0,0,0,0,0,0,0,0,0,0,0,0,0,0,0,0,0,0,0,0,0,0,0,0,0,0,0,0,0,0,0,0,0,0,0,0,0,0,0,0,0,0,0,0,0,0,0,0,0,0,0,0,0,0,0,0,0,0,0,0,0,0,0,0,0,0,0,0,0,0,0,0,0,0,0,0,0,0,0,0,0,0,0,0,0,0,0,0,0,0,0,0,0,0,0,0,0,0,0,0,0,0,0,0,0,0,0,0,0,0,0,0,0,0,0,0,0,0,0,0,0,0,0,0,0,0,0,0,0,0,0,0,0,0,0,0,0,54.337,69.975,70.795,0,69.551,68.568,69.348,70.34,70.184,0,0,0,0,0,0,0,0,0,0,0,0,0,0,0,0,0,0,68.535,68.535,0,0,0,0,0,68.699,68.699,70.114,69.315,0,101.132,69.63,69.988,0,70.087,69.007,69.003,70.023,68.909,68.909,0,0,0,0,44.216,4.137,0,0,0,0,0,0,0,0,0,0,0,0,0,0,0,0,0,0,0,0,0,0,0,0,0,0,0,0,0,0,0,0,0,0,0,0,0,0,0,0,0,0,0,0,0,0,0,0,0,0,0,0,0,0,0,0,0,0,0,0,0,0,0,0,0,0,0,0,0,0,0,0,0,0,0,0,0,0,0,0,0,0,0,0,0,0,0,0,0,0,0,0,0,0,0,0,0,0,0,0,0,0,0,0,0,0,0,0,0,0,0,0,0,0,0,0,0,0,0,0,0,0,0,0,0,0,0,0,0,0,0,0,0,0,0,0,0,0,0,0,0,0,0,0,0,0,0,0,0,0,0,0,0,0,0,0,0,0,0,0,0,0,0,0,0,0,0,0,0,0,0,0,0,0,0,0,0,0,0,0,0,0,0,0,0,0,0,0,0,0,0,0,0,0,0,0,0,0,0,0,0,0,0,0,0,0,0,0,0,0,0,0,0,0,0,0,0,0,0,0,0,0,0,0,0,0,0,0,0,0,0,0,0,0,0,0,0,0,0,0,0,0,0,0,0,0,0,0,0,0,0,0,0,0,0,0,0,0,0,0,0,0,0,0,0,0,0,0,0,0,0,0,0,0,0,0,0,0,0,0,0,0,0,0,0,0,0,0,0,0,0,0,0,0,0,0,0,0,0,0,0,0,0,0,0,0,0,0,0,0,0,0,0,0,0,0,0,0,0,0,0,0,0,0,0,0,0,0,0,0,0,0,0,0,0,0,0,0,0,0,0,0,0,0,0,0,0,0,0,0,0,0,0,0,0,0,0,0,0,0,0,0,0,0,0,0,0,0,0,0,0,0,0,0,0,0,0,0,0,0,0,0,0,0,0,0,0,0,0,0,0,0,0,0,0,0,0,0,0,0,0,0,0,0,0,0,0,0,0,0,0,0,0,0,0,0,0,0,0,0,0,0,0,0,0,0,0,0,0,0,0,0,0,0,0,0,0,0,0,0,0,0,0,0,0,0,0,0,0,0,0,0,0,0,0,0,0,0,0,0,0,0,0,0,0,0,0,0,0,0,0,0,0,0,0,0,0,0,0,0,0,0,0,0,0,0,0,0,0,0,0,0,0,0,0,0,0,0,0,0,0,0,0,0,0,0,0,0,0,0,0,0,0,0,0,0,0,0,0,0,0,0,0,0,0,0,0,0,0,0,0,0,0,0,0,0,0,0,0,0,0,0,0,0,0,0,0,0,0,0,0,0,0,0,0,0,0,0,0,0,0,0,0,0,0,0,0,0,0,0,0,0,0,0,0,0,0,0,0,0,0,0,0,0,0,0,0,0,0,0,0,0,0,0,0,0,0,0,0,0,0,0,0,0,0,0,0,0,0,0,0,0,0,0,0,0,0,0,0,0,0,0,0,0,0,0,0,0,0,0,0,0,0,0,0,0,0,0,0,0,0,0,0,0,0,0,0,0,0,0,0,0,0,0,0,0,0,0,0,0,0,0,0,0,0,0,0,0,0,0,0,0,0,0,0,0,0,0,0,0,0,0,0,0,0,0,0,0,0,0,0,0,0,0,0,0,0,0,0,0,0,0,0,0,0,0,0,0,0,0,0,0,0,0,0,0,0,0,0,0,0,0,0,0,0,0,0,0,0,0,0,0,0,0,0,0,0,0,0,0,0,0,0,0,0,0,0,0
KitchenLights_AP,0,0,0,0,0,0,0,0,0,0,0,8.307,8.307,0,0,0,0,0,8.81,8.81,8.738,0,0,0,0,0,0,0,8.317,8.391,8.281,8.845,8.346,8.365,8.515,0,0,0,8.839,8.88,8.551,8.422,8.287,8.477,0,0,8.601,8.601,0,0,0,0,0,0,0,0,0,0,0,0,0,0,0,0,0,0,0,0,0,8.896,8.803,7.953,7.931,7.817,9.066,8.145,8.593,8.861,8.094,8.46,8.674,8.284,8.267,8.203,8.203,0,0,0,0,0,0,0,0,0,0,0,0,0,0,0,0,0,0,0,0,0,0,0,0,0,8.128,8.053,7.911,7.916,7.986,7.9,8.037,7.964,7.922,7.813,7.783,8.065,0,7.821,7.92,0,0,0,0,0,0,0,0,0,8.326,8.326,0,0,0,0,0,0,0,0,0,0,0,0,0,0,0,8.607,8.308,8.047,8.061,8.049,8.401,8.297,8.129,8.089,0,8.491,8.002,8.13,8.015,8.491,0,0,0,0,0,0,114.889,135.392,0,0,0,0,0,0,0,0,0,0,0,0,0,133.43,158.022,191.29,190.548,191.331,191.225,192.478,193.697,0,0,0,0,189.565,190.143,193.034,190.967,191.986,191.986,0,0,191.983,193.151,193.151,0,0,196.069,196.069,8.857,0,0,0,0,0,0,0,0,0,0,0,0,0,0,0,0,0,0,8.042,8.577,8.09,8.182,8.06,8.968,0,8.186,8.325,0,8.238,8.32,0,8.088,8.071,0,0,0,0,0,0,0,0,0,8.602,9.708,8.509,0,0,0,0,0,0,0,0,0,0,0,0,0,0,8.273,8.379,8.296,8.789,8.493,8.655,8.461,8.943,8.899,8.605,8.719,8.983,0,0,0,0,0,0,0,0,0,0,0,0,0,0,0,0,0,0,0,0,0,0,0,0,0,8.513,8.513,0,0,8.444,9.019,9.04,9.04,8.859,9.088,8.694,8.609,8.642,8.65,8.438,8.668,8.95,8.339,8.339,9.009,0,0,0,0,0,0,0,0,0,0,8.974,8.974,0,0,0,0,0,0,0,8.714,8.714,0,0,8.681,8.681,8.9,8.61,8.61,0,9.054,9.061,0,8.577,9.154,8.277,8.381,8.539,8.833,8.853,8.853,0,0,0,0,0,8.903,8.698,9.206,9.206,0,0,0,0,0,0,8.678,8.678,0,0,8.943,8.943,0,0,0,0,9.018,8.752,8.534,8.402,8.662,8.839,8.573,8.574,8.997,0,0,0,8.562,8.357,8.538,8.554,0,0,0,0,0,0,0,0,8.463,8.463,0,0,0,0,0,0,0,0,8.437,8.437,8.82,8.733,0,0,0,0,8.63,8.628,0,8.962,8.988,8.686,9.051,8.48,9.029,9.685,9.676,8.747,9.027,8.748,8.662,0,0,0,0,0,0,0,0,0,0,0,0,0,0,8.501,8.501,0,0,0,0,0,0,0,0,0,8.938,8.675,8.148,8.804,8.859,8.36,9.26,8.645,8.518,8.627,9.174,8.628,8.424,8.52,8.993,8.993,0,0,0,8.795,8.795,0,8.952,8.952,0,133.159,198.07,199.789,199.789,0,0,201.393,201.393,201.531,202.603,0,0,0,0,0,0,0,0,0,0,0,0,0,0,0,0,0,0,0,0,0,0,0,0,0,0,0,0,0,0,0,0,0,0,0,0,0,0,0,0,0,0,0,0,0,0,0,0,0,0,0,0,0,0,0,0,0,0,0,0,0,0,0,0,0,0,0,0,0,0,0,0,0,0,0,0,0,0,0,0,0,0,0,0,0,0,0,0,0,0,0,0,0,0,0,0,0,0,0,0,0,0,0,0,0,0,0,0,0,0,0,0,0,0,0,0,0,0,0,0,0,0,0,0,0,0,0,0,0,0,0,0,0,0,0,0,0,0,0,0,0,0,0,0,0,0,0,0,0,0,0,0,0,0,0,0,0,0,0,0,0,0,0,0,0,0,0,0,0,0,0,0,0,0,0,0,0,0,0,0,0,0,0,0,0,0,0,0,0,0,0,0,0,0,0,0,0,0,0,0,0,0,0,0,0,0,0,0,0,0,0,0,0,0,0,0,0,0,0,0,0,0,0,0,0,0,0,0,0,0,0,0,0,0,0,0,0,0,0,0,0,0,0,0,0,0,0,0,0,0,0,0,0,0,0,0,0,0,0,0,0,0,0,0,0,0,0,0,0,0,0,0,0,0,0,0,0,0,0,0,0,0,0,0,0,0,0,0,0,0,0,0,0,0,0,0,0,0,0,0,0,0,0,0,0,0,0,0,0,0,0,0,0,0,0,0,0,0,0,0,0,0,0,0,0,0,0,0,0,0,0,0,0,0,0,0,0,0,0,0,0,0,0,0,0,0,0,0,0,0,0,0,0,0,0,0,0,0,0,0,0,0,0,0,0,0,0,0,0,0,0,0,0,0,0,0,0,0,0,0,0,0,0,0,0,0,0,0,0,0,0,0,0,0,0,0,0,0,0,0,0,0,0,0,0,0,0,0,0,0,0,0,0,0,0,0,0,0,0,0,0,0,0,0,0,0,0,0,0,0,0,0,0,0,0,0,0,0,0,0,0,0,0,0,0,0,0
BedroomOutlets_AP,0,0,0,0,0,0,0,0,0,0,0,67.848,67.755,69.888,67.789,0,0,0,1014.329,442.224,467.968,486.634,489.564,238.931,68.224,0,69.912,67.555,67.415,67.489,66.473,67.865,67.743,67.659,67.785,0,0,67.817,67.817,67.75,66.846,67.521,66.833,66.087,0,0,69.561,418.459,434.027,474.872,483.439,66.481,0,0,0,0,0,0,0,0,67.983,65.951,65.846,0,0,0,0,0,67.325,64.416,64.366,64.579,64.624,64.843,61.671,57.803,60.617,59.947,58.358,60.719,57.288,57.263,57.263,58.018,61.954,40.315,14.103,16.194,15.617,15.617,15.93,15.93,0,0,19.455,21.655,15.901,0,0,0,0,0,0,0,0,0,0,0,0,0,0,0,0,0,0,0,17.444,13.461,0,0,0,0,0,0,0,0,0,0,0,0,0,16.473,13.657,0,0,0,0,0,0,0,0,0,0,0,0,0,0,0,0,0,0,17.225,13.656,0,0,0,0,0,0,0,0,19.693,13.661,13.652,15.725,16.921,18,19.76,18.933,13.683,13.78,17.021,18.586,17.027,13.606,13.67,13.598,13.609,13.578,17.107,17.795,13.539,13.675,0,0,0,0,16.816,16.136,13.468,16.017,13.454,15.928,13.272,13.242,0,0,0,0,16.33,13.343,13.386,17.442,13.265,13.33,13.476,0,17.054,16.435,13.701,0,0,0,18.268,15.206,0,0,0,0,0,0,0,17.663,13.852,14.433,14.078,16.692,13.814,13.814,0,0,0,0,0,0,0,0,17.362,13.783,0,0,0,0,0,0,0,0,0,0,0,0,0,0,0,0,0,0,0,17.772,13.818,0,0,0,0,0,0,0,0,0,0,0,0,0,17.264,17.264,13.847,15.959,13.716,974.555,449.244,503.332,534.106,559.896,578.942,588.146,590.545,590.062,595.15,597.371,596.806,598.678,595.801,598.903,591.487,594.119,586.116,587.178,588.948,586.72,586.591,586.826,585.878,586.796,584.578,579.494,586.613,583.057,587.042,583.931,582.582,582.384,579.899,58.121,56.799,56.855,836.801,546.174,555.385,574.4,578.738,579.896,579.82,576.993,584.245,583.306,57.558,58.615,56.959,56.453,488.841,549.015,576.112,578.423,583.012,583.446,585.301,581.08,337.028,58.579,0,0,837.15,553.678,579.914,583.377,587.742,587.513,589.812,587.34,582.328,587.513,58.344,0,0,461.084,547.548,563.666,572.815,576.863,575.981,579.339,574.633,573.266,568.102,59.234,58.024,57.24,920.001,541.869,553.606,559.9,561.843,561.843,0,319.982,59.345,0,0,932.699,528.928,529.694,0,575.46,575.35,575.402,580.753,537.85,59.375,0,0,924.205,553.292,572.36,574.51,580.215,583.524,582.284,583.651,61.16,57.795,59.056,245.424,562.664,576.488,583.21,589.725,585.786,587.871,590.244,589.859,58.169,0,816.377,555.633,584.28,585.457,584.762,586.444,582.143,580.635,582.942,58.62,725.157,447.782,564.845,573.896,578.999,579.982,579.165,586.557,583.537,58.414,58.414,59.848,554.252,566.411,581.786,579.104,574.345,579.237,575.308,580.447,577.699,578.912,579.457,57.316,57.56,885.158,548.948,564.359,569.219,577.117,577.924,582.161,579.431,576.62,58.187,0,877.393,546.086,569.542,572.273,576.946,575.785,576.645,577.268,577.166,576.182,60.537,60.302,58.182,818.574,542.464,568.72,568.72,567.546,570.353,568.121,570.474,580.961,76.453,57.41,536.629,551.146,559.823,561.095,563.09,564.574,60.301,58.58,58.974,828.873,533.704,550.584,556.587,0,0,561.116,59.035,0,875.61,525.593,536.744,557.586,557.586,562.403,557.07,59.497,0,62.257,525.356,527.89,523.287,0,0,0,0,0,0,0,0,0,0,0,0,0,0,0,0,0,0,0,0,0,0,0,0,0,0,0,0,0,0,0,0,0,0,0,0,0,0,0,0,0,0,0,0,0,0,0,0,0,0,0,0,0,0,0,0,0,0,0,0,0,0,0,0,0,0,0,0,0,0,0,0,0,0,0,0,0,0,0,0,0,0,0,0,0,0,0,0,0,0,0,0,0,0,0,0,0,0,0,0,0,0,0,0,0,0,0,0,0,0,0,0,0,0,0,0,0,0,0,0,0,0,0,0,0,0,0,0,0,0,0,0,0,0,0,0,0,0,0,0,0,0,0,0,0,0,0,0,0,0,0,0,0,0,0,0,0,0,0,0,0,0,0,0,0,0,0,0,0,0,0,0,0,0,0,0,0,0,0,0,0,0,0,0,0,0,0,0,0,0,0,0,0,0,0,0,0,0,0,0,0,0,0,0,0,0,0,0,0,0,0,0,0,0,0,0,0,0,0,0,0,0,0,0,0,0,0,0,0,0,0,0,0,0,0,0,0,0,0,0,0,0,0,0,0,0,0,0,0,0,0,0,0,0,0,0,0,0,0,0,0,0,0,0,0,0,0,0,0,0,0,0,0,0,0,0,0,0,0,0,0,0,0,0,0,0,0,0,0,0,0,0,0,0,0,0,0,0,0,0,0,0,0,0,0,0,0,0,0,0,0,0,0,0,0,0,0,0,0,0,0,0,0,0,0,0,0,0,0,0,0,0,0,0,0,0,0,0,0,0,0,0,0,0,0,0,0,0,0,0,0,0,0,0,0,0,0,0,0,0,0,0,0,0,0,0,0,0,0,0,0,0,0,0,0,0,0,0,0,0,0,0,0,0,0,0,0,0,0,0,0,0,0,0,0,0,0,0,0,0,0,0,0,0,0,0,0,0,0,0,0,0,0,0,0,0,0,0,0,0,0,0,0,0,0,0,0,0,0,0,0,0,0,0,0,0,0,0,0,0,0,0,0,0,0,0,0
BedroomLights_AP,0,0,0,0,0,0,0,0,0,0,0,11.831,11.831,11.895,11.96,0,0,0,0,0,0,0,0,0,0,0,14.275,11.995,0,0,0,0,0,0,0,0,0,0,0,0,0,0,0,0,0,0,13.916,11.871,0,0,0,0,0,0,0,0,0,0,0,0,0,47.45,137.301,139.722,139.722,137.246,138.666,138.666,139.117,136.56,141.191,139.195,134.609,121.404,12.311,0,0,0,0,211.227,262.197,262.116,262.618,265.064,266.611,262.971,261.753,261.445,12.036,11.21,11.21,0,0,0,115.104,106.624,0,0,0,95.716,95.716,97.279,11.603,0,0,0,0,0,0,0,0,0,0,0,0,0,0,0,0,0,0,0,0,0,0,0,0,0,0,0,0,11.219,11.219,0,0,0,0,0,0,0,0,0,0,0,0,0,0,0,0,0,0,0,0,0,0,0,0,0,103.77,104.6,46.415,11.251,11.124,11.277,11.303,12.949,11.48,12.673,11.235,0,0,0,0,0,11.08,11.33,0,11.111,11.111,11.098,12.84,12.84,82.127,174.954,169.888,169.888,0,164.274,163.128,162.959,162.081,162.765,165.351,162.096,166.968,166.932,166.237,165.626,168.673,168.678,163.516,168.582,166.732,167.03,165.203,166.612,169.512,164.735,164.512,165.918,0,0,170.938,170.938,171.981,168.497,0,0,0,168.196,168.196,0,172.966,172.966,170.883,0,0,155.192,11.486,0,0,0,0,0,0,0,0,0,0,0,0,0,0,0,0,0,0,0,0,0,0,0,0,0,0,0,0,0,12.873,11.148,0,0,0,0,0,0,0,0,0,0,0,0,0,0,0,0,0,0,11.361,12.814,0,0,0,0,0,0,0,0,0,0,0,0,0,0,0,0,0,0,0,0,0,0,0,0,0,0,0,0,0,12.573,12.573,0,0,0,0,0,0,0,0,0,0,0,0,0,0,0,0,0,0,14.424,12.514,0,0,0,0,0,0,0,0,0,0,0,0,0,0,0,0,0,0,14.32,14.32,11.986,0,0,0,0,0,0,0,0,0,0,0,0,0,0,0,12.722,12.722,14.513,12.574,0,0,0,0,0,0,0,12.726,12.726,0,0,0,0,0,0,0,0,0,0,0,0,0,0,0,0,0,0,0,0,0,0,0,0,0,0,0,0,0,0,0,0,0,0,0,0,0,0,0,0,12.128,12.128,0,0,0,0,0,0,0,12.531,12.531,0,0,0,95.38,108.274,0,0,135.478,12.625,0,0,0,0,0,13.388,13.388,0,0,0,0,14.154,12.492,0,0,0,0,0,0,0,0,0,0,0,0,0,0,0,12.095,13.957,12.074,0,0,0,0,0,0,0,12.834,12.834,0,12.341,12.341,0,12.386,12.386,0,0,0,0,0,12.292,12.292,0,0,0,0,0,0,0,0,0,0,0,0,0,0,0,0,14.292,13.363,218.666,13.103,0,0,0,0,0,0,0,0,0,0,0,0,0,0,0,0,0,0,0,0,0,0,0,0,0,0,0,0,0,0,0,0,0,0,0,0,0,0,0,0,0,0,0,0,0,0,0,0,0,0,0,0,0,0,0,0,0,0,0,0,0,0,0,0,0,0,0,0,0,0,0,0,0,0,0,0,0,0,0,0,0,0,0,0,0,0,0,0,0,0,0,0,0,0,0,0,0,0,0,0,0,0,0,0,0,0,0,0,0,0,0,0,0,0,0,0,0,0,0,0,0,0,0,0,0,0,0,0,0,0,0,0,0,0,0,0,0,0,0,0,0,0,0,0,0,0,0,0,0,0,0,0,0,0,0,0,0,0,0,0,0,0,0,0,0,0,0,0,0,0,0,0,0,0,0,0,0,0,0,0,0,0,0,0,0,0,0,0,0,0,0,0,0,0,0,0,0,0,0,0,0,0,0,0,0,0,0,0,0,0,0,0,0,0,0,0,0,0,0,0,0,0,0,0,0,0,0,0,0,0,0,0,0,0,0,0,0,0,0,0,0,0,0,0,0,0,0,0,0,0,0,0,0,0,0,0,0,0,0,0,0,0,0,0,0,0,0,0,0,0,0,0,0,0,0,0,0,0,0,0,0,0,0,0,0,0,0,0,0,0,0,0,0,0,0,0,0,0,0,0,0,0,0,0,0,0,0,0,0,0,0,0,0,0,0,0,0,0,0,0,0,0,0,0,0,0,0,0,0,0,0,0,0,0,0,0,0,0,0,0,0,0,0,0,0,0,0,0,0,0,0,0,0,0,0,0,0,0,0,0,0,0,0,0,0,0,0,0,0,0,0,0,0,0,0,0,0,0,0,0,0,0,0,0,0,0,0,0,0,0,0,0,0,0,0,0,0,0,0,0,0,0,0,0,0,0,0,0,0,0,0,0,0,0,0,0,0,0,0,0,0,0,0,0,0,0,0,0,0,0,0,0,0,0,0,0,0,0,0,0,0,0,0,0,0,0,0
MasterOutlets_AP,0,0,0,0,0,0,0,0,0,0,0,528.514,527.353,527.712,527.556,530.024,527.952,529.185,530.224,529.824,529.733,523.239,527.58,524.452,525.541,525.816,528.87,524.913,525.155,521.625,524.979,522.287,527.452,527.355,526.059,525.282,523.729,523.841,529.105,527.151,524.805,524.658,523.088,523.476,521.898,524.428,524.31,527.31,522.108,521.022,523.863,521.271,521.021,522.847,518.923,525.262,525.676,524.551,525.112,524.888,523.961,524.037,525.588,526.187,522.492,523.632,525.156,525.791,526.365,520.225,521.859,523.337,525.142,521.228,523.701,529.792,527.319,530.212,527.352,528.516,531.223,531.481,534.993,534.539,539.445,539.374,540.803,541.109,539.052,537.66,89.882,90.173,88.009,88.484,86.37,88.486,87.098,87.036,86.465,86.57,88.543,88.502,86.52,88.811,89.246,87.125,87.274,88.9,88.937,87.126,86.443,87.678,87.636,87.247,86.396,88.6,88.424,87.421,88.128,89.138,86.944,87.123,89.243,89.995,89.881,88.39,87.65,89.498,89.566,88.319,88.402,89.556,88.011,96.452,88.217,90.49,89.373,90.053,88.511,90.383,90.142,88.379,88.534,90.09,88.731,90.85,89.89,90.308,88.953,90.07,90.065,89.729,90.777,94.833,89.053,90.851,88.607,90.581,89.577,89.149,90.079,88.7,90.112,89.656,89.24,89.547,92.49,90.772,91.998,89.226,90.038,89.963,90.651,89.966,88.328,90.216,88.273,89.652,88.418,90.989,90.96,476.255,500.14,530.507,546.703,564.912,570.349,581.467,587.789,594.126,591.598,592.896,587.192,588.237,581.717,585.381,585.969,583.356,579.214,582.806,579.038,581.49,589.068,582.77,582.451,582.396,588.58,588.672,589.883,590.805,588.977,590.555,590.057,588.35,589.703,594.703,589.502,594.698,593.157,595.814,591.077,593.628,597.815,600.241,90.219,92.608,92.383,91.779,91.426,90.686,90.28,90.529,91.457,90.728,89.775,91.569,90.646,91.176,89.804,90.609,89.454,89.032,89.87,91.658,89.655,0,92.642,92.082,91.814,90.397,0,0,91.821,97.323,90.948,0,0,90.329,90.329,91.03,90.554,90.554,89.031,90.775,90.725,90.251,89.811,92.263,92.802,89.611,88.648,91.061,90.988,96.781,88.866,89.538,90.159,90.295,88.104,493.95,528.538,552.63,572.461,591.765,607.862,604.833,604.853,611.262,613.959,615.853,604.49,610.938,615.874,611.284,613.006,610.688,614.559,613.91,611.617,607.276,611.978,616.275,608.849,607.333,604.245,604.211,604.768,612.413,614.081,610.63,606.928,607.447,609.967,607.865,606.724,608.183,609.564,610.018,608.26,613.23,617.398,613.517,608.905,611.326,613.853,608.991,610.406,620.657,619.666,616.21,611.742,614.406,615.025,618.767,620.41,624.016,617.574,627.677,622.973,625.802,627.258,622.72,630.681,630.687,634.854,629.927,631.264,627.628,634.028,624.337,632.711,631.425,630.073,626.187,627.2,628.845,623.661,624.472,621.03,615.644,620.568,622.415,617.889,613.147,613.016,607.08,602.555,607.128,608.741,604.384,607.938,604.893,601.644,612.423,600.162,606.962,600.592,604.083,600.989,602.398,604.295,605.718,607.385,615.296,620.822,626.253,627.802,634.003,632.182,637.407,637.798,634.315,640.561,633.277,638.317,632.917,638.842,642.407,646.624,646.877,650.463,638.955,645.281,648.62,641.958,645.363,643.992,641.968,642.679,646.937,653.867,649.872,656.027,646.943,642.483,648.377,649.212,648.099,641.045,640.437,641.589,646.086,640.946,636.485,634.32,637.624,638.536,640.155,634.449,642.437,638.937,644.44,641.78,637.764,638.09,633.016,636.802,633.179,630.013,632.644,632.379,631.229,660.129,658.133,651.907,659.348,659.999,649.447,655.659,659.541,651.102,627.313,624.445,624.266,625.785,631.461,626.435,626.673,621.89,620.536,620.309,621.255,625.205,623.786,623.007,622.335,622.421,619.715,625.411,618.223,621.577,622.213,611.075,611.44,617.845,615.454,617.796,610.8,611.827,610.825,612.781,613.528,614.237,614.206,610.908,604.893,603.536,609.963,609.453,605.598,604.685,601.601,600.719,603.257,600.861,600.537,596.771,600.559,604.267,604.277,604.469,601.562,597.061,602.965,597.43,596.518,594.878,597.807,599.145,601.357,579.479,551.121,516.188,0,0,0,0,0,0,0,0,0,0,0,0,0,0,0,0,0,0,0,0,0,0,0,0,0,0,0,0,0,0,0,0,0,0,0,0,0,0,0,0,0,0,0,0,0,0,0,0,0,0,0,0,0,0,0,0,0,0,0,0,0,0,0,0,0,0,0,0,0,0,0,0,0,0,0,0,0,0,0,0,0,0,0,0,0,0,0,0,0,0,0,0,0,0,0,0,0,0,0,0,0,0,0,0,0,0,0,0,0,0,0,0,0,0,0,0,0,0,0,0,0,0,0,0,0,0,0,0,0,0,0,0,0,0,0,0,0,0,0,0,0,0,0,0,0,0,0,0,0,0,0,0,0,0,0,0,0,0,0,0,0,0,0,0,0,0,0,0,0,0,0,0,0,0,0,0,0,0,0,0,0,0,0,0,0,0,0,0,0,0,0,0,0,0,0,0,0,0,0,0,0,0,0,0,0,0,0,0,0,0,0,0,0,0,0,0,0,0,0,0,0,0,0,0,0,0,0,0,0,0,0,0,0,0,0,0,0,0,0,0,0,0,0,0,0,0,0,0,0,0,0,0,0,0,0,0,0,0,0,0,0,0,0,0,0,0,0,0,0,0,0,0,0,0,0,0,0,0,0,0,0,0,0,0,0,0,0,0,0,0,0,0,0,0,0,0,0,0,0,0,0,0,0,0,0,0,0,0,0,0,0,0,0,0,0,0,0,0,0,0,0,0,0,0,0,0,0,0,0,0,0,0,0,0,0,0,0,0,0,0,0,0,0,0,0,0,0,0,0,0,0,0,0,0,0,0,0,0,0,0,0,0,0,0,0,0,0,0,0,0,0,0,0,0,0,0,0,0,0,0,0,0,0,0,0,0,0,0,0,0,0,0,0,0,0,0,0,0,0,0,0,0,0,0,0,0,0,0,0,0,0,0,0,0,0,0,0,0,0,0,0,0,0,0,0,0,0,0,0,0,0,0,0,0,0,0,0,0,0,0,0,0,0,0,0,0,0
MasterLights_AP,0,0,0,0,0,0,0,0,0,0,0,46.609,46.609,0,0,0,0,0,46.925,46.925,0,0,0,0,0,0,0,0,45.615,46.455,46.549,46.351,46.515,46.417,45.977,46.354,46.439,46.617,47.526,47.163,47.487,45.752,46.523,45.844,0,0,0,0,0,0,0,0,0,0,0,0,0,0,0,0,0,0,0,0,0,0,0,0,0,44.443,44.667,45.126,44.45,44.929,44.027,44.965,44.763,44.432,44.961,45.358,44.525,44.813,45.319,45.278,45.492,0,0,0,0,0,0,0,0,38.344,44.136,0,0,0,0,0,0,0,0,0,0,0,0,0,0,0,45.274,44.878,44.61,44.947,44.217,45.717,44.987,44.732,44.918,44.045,44.172,45.358,44.946,44.164,44.702,44.052,0,0,0,0,0,0,0,0,0,0,0,0,0,0,0,0,0,0,0,0,0,0,0,0,0,44.663,45.41,44.355,44.532,44.264,44.764,45.184,43.804,44.156,44.515,43.854,44.139,45.16,44.808,45.242,44.63,0,0,0,0,0,0,0,0,0,0,0,0,0,0,0,0,0,0,0,0,42.978,43.016,0,42.794,42.794,43.766,42.774,44.451,43.721,44.414,43.687,43.828,43.863,42.989,44.23,43.778,43.784,44.116,43.804,43.912,43.887,0,0,0,0,0,0,0,0,0,0,0,0,0,0,44.791,44.791,0,0,0,0,0,0,0,0,44.576,44.844,44.541,44.474,44.241,43.969,44.208,43.603,44.2,44.98,43.904,44.76,44.756,43.872,44.5,44.147,0,0,0,0,0,0,0,0,0,0,0,0,0,0,0,0,0,0,0,0,0,0,0,0,0,44.617,44.059,44.096,44.168,43.767,44.585,44.059,45.069,44.905,43.758,44.788,45.061,44.69,44.507,44.265,43.675,0,0,0,0,0,0,0,0,0,0,0,0,0,0,0,0,0,0,0,0,0,0,0,0,0,45.604,44.894,45.403,44.802,45.876,45.834,44.677,45.305,45.09,44.655,45.573,45.045,44.814,44.601,44.389,44.111,0,0,0,0,0,0,0,0,0,0,0,0,0,0,0,0,0,0,0,0,0,0,0,0,0,45.282,44.932,45.302,44.911,45.325,45.492,45.688,44.773,45.241,45.378,45.488,45.854,45.7,44.852,45.539,45.281,0,0,0,0,0,0,0,0,0,0,0,0,0,0,0,0,0,0,0,0,0,0,0,0,0,44.692,44.449,44.89,44.609,44.501,45.217,44.497,45.114,44.637,44.521,45.34,45.053,44.63,45.453,44.888,44.663,0,0,0,0,0,0,0,0,0,0,0,45.015,45.015,0,0,0,0,0,0,0,0,0,0,0,0,44.777,45.013,44.329,44.467,45.105,44.92,44.222,44.2,44.643,43.926,44.585,44.929,44.347,44.78,44.603,44.303,0,0,0,0,0,0,0,0,0,0,0,0,0,0,0,0,0,0,0,0,0,0,0,0,0,44.318,44.362,44.036,44.282,44.721,44.509,44.89,44.363,44.269,45.202,44.361,45.425,45.143,44.842,45.205,44.838,0,0,0,0,0,0,0,0,0,0,0,0,0,0,0,46.622,46.126,46.913,172.706,0,0,0,0,0,0,0,0,0,0,0,0,0,0,0,0,0,0,0,0,0,0,0,0,0,0,0,0,0,0,0,0,0,0,0,0,0,0,0,0,0,0,0,0,0,0,0,0,0,0,0,0,0,0,0,0,0,0,0,0,0,0,0,0,0,0,0,0,0,0,0,0,0,0,0,0,0,0,0,0,0,0,0,0,0,0,0,0,0,0,0,0,0,0,0,0,0,0,0,0,0,0,0,0,0,0,0,0,0,0,0,0,0,0,0,0,0,0,0,0,0,0,0,0,0,0,0,0,0,0,0,0,0,0,0,0,0,0,0,0,0,0,0,0,0,0,0,0,0,0,0,0,0,0,0,0,0,0,0,0,0,0,0,0,0,0,0,0,0,0,0,0,0,0,0,0,0,0,0,0,0,0,0,0,0,0,0,0,0,0,0,0,0,0,0,0,0,0,0,0,0,0,0,0,0,0,0,0,0,0,0,0,0,0,0,0,0,0,0,0,0,0,0,0,0,0,0,0,0,0,0,0,0,0,0,0,0,0,0,0,0,0,0,0,0,0,0,0,0,0,0,0,0,0,0,0,0,0,0,0,0,0,0,0,0,0,0,0,0,0,0,0,0,0,0,0,0,0,0,0,0,0,0,0,0,0,0,0,0,0,0,0,0,0,0,0,0,0,0,0,0,0,0,0,0,0,0,0,0,0,0,0,0,0,0,0,0,0,0,0,0,0,0,0,0,0,0,0,0,0,0,0,0,0,0,0,0,0,0,0,0,0,0,0,0,0,0,0,0,0,0,0,0,0,0,0,0,0,0,0,0,0,0,0,0,0,0,0,0,0,0,0,0,0,0,0,0,0,0,0,0,0,0,0,0,0,0,0,0,0,0,0,0,0,0,0,0,0,0,0,0,0,0,0,0,0,0,0,0,0,0,0,0,0,0,0,0,0,0,0,0,0,0,0,0,0,0,0,0,0,0,0,0,0,0,0,0,0,0,0,0,0,0,0,0,0,0
DuctHeaterHRV_AP,0,0,0,0,0,0,0,0,0,0,0,10.15,258.7,10.297,10.426,324.455,170.2,10.23,96.235,353.618,10.359,9.949,10.102,215.382,10.002,274.785,19.608,9.997,217.36,515.575,867.765,804.45,551.602,985.66,973.179,695.037,548.712,942.243,619.77,901.089,266.899,363.499,788.431,9.844,0,0,0,94.451,136.168,14.679,156.792,134.439,299.04,9.607,9.827,189.985,190.181,9.842,18.892,268.724,9.948,9.555,190.6,231.481,387.023,211.029,232.551,9.496,161.689,537.635,617.017,864.867,9.305,954.705,362.325,796.287,786.077,361.718,920.235,636.84,150.563,736.549,803.042,316.209,10.256,0,0,0,0,136.45,136.595,9.773,214.257,9.632,93.644,10.052,9.939,9.738,93.47,135.045,9.632,84.577,343.007,135.541,9.747,284.937,10.358,187.643,287.773,94.077,10.279,608.781,548.692,867.469,9.766,790.935,542.692,624.138,874.576,307.901,512.88,859.58,470.81,215.616,784.826,9.769,0,0,134.948,190.512,9.991,136.009,192.337,192.977,9.929,10.051,190.302,9.915,10.334,10.424,213.846,9.699,358.31,164.658,9.692,377.056,134.887,9.637,93.26,9.579,320.259,533.45,847.275,641.182,669.026,719.554,546.442,877.347,234.133,805.082,834.109,9.615,680.315,753.506,10.634,596.331,10.239,0,0,0,91.343,9.287,161.117,9.38,9.352,295.999,9.273,322.264,9.295,9.414,9.922,9.778,92.217,9.942,417.653,160.431,11.855,9.389,10.511,133.754,92.134,9.689,981.735,239.331,854.7,9.63,907.215,444.117,732.656,506.403,469.157,864.288,495.25,572.634,876.446,442.437,9.493,9.503,0,0,134.728,285.396,133.793,230.583,162.04,9.926,10.112,92.969,92.999,9.665,9.657,9.835,10.095,94.252,217.649,434.788,193.793,10.158,10.351,10.075,9.895,342.316,269.783,913.95,552.35,599.159,773.891,408.493,860.186,279.868,778.8,679.502,381.168,933.294,623.686,291.614,862.936,438.709,9.758,0,0,0,92.916,93.211,93.403,271.07,269.124,9.62,301.496,300.086,9.827,9.658,231.11,266.901,336.756,209.582,353.82,93.345,9.785,9.814,296.351,268.155,9.665,213.58,652.799,528.47,827.148,298.409,909.34,498.547,577.244,743.227,9.484,879.482,522.35,430.505,866.349,635.335,9.593,0,0,0,0,92.092,9.725,161.075,162.17,9.916,296.965,133.173,9.676,9.799,247.537,10.952,9.525,374.435,84.363,9.71,9.843,9.839,188.539,93.518,10.354,9.92,9.77,399.998,668.641,531.115,699.54,685.155,291.646,868.977,203.467,706.8,764.473,268.774,847.352,668.843,9.985,9.968,0,0,0,0,92.71,9.88,281.55,10.181,135.048,9.848,10.051,283.38,352.299,19.7,10.042,314.032,233.995,133.514,10.21,163.927,163.288,9.782,10.044,9.785,191.133,15.425,743.22,682.34,544.321,851.175,341.633,704.997,378.674,663.758,797.554,971.295,736.47,662.797,9.55,814.425,10.161,0,0,0,0,138.354,95.603,10.1,137.172,131.394,10.302,214.912,10.4,9.958,93.938,9.822,9.915,10.011,10.258,136.408,192.889,165.924,10.138,135.059,9.734,9.765,283.842,318.197,752.505,581.994,454.522,896.828,9.761,846.055,643.494,500.256,747.587,386.789,522.131,920.37,421.663,9.807,0,0,0,0,93.401,9.655,93.254,93.282,9.93,214.088,9.703,296.783,10.122,10.429,298.818,133.517,9.619,301.901,134.019,9.809,135.443,10.094,9.893,10.116,93.659,189.249,896.313,129.961,808.989,634.016,587.893,775.368,9.639,860.582,352.747,624.712,807.418,204.188,615.854,681.134,9.796,0,0,0,0,135.137,9.747,92.334,91.918,9.343,9.69,161.328,9.869,133.466,9.611,10.148,9.97,93.715,135.317,10.149,9.868,9.676,352.801,133.34,92.045,280.086,9.497,739.321,541.551,522.866,761.32,9.662,809.008,233.956,726.868,802.553,10.322,851.28,612.327,264.457,834.73,9.782,0,0,0,0,95.527,24.48,10.161,233.078,9.882,288.247,388.531,95.737,346.752,322.783,277.204,10.24,335.582,599.752,10.451,0,0,0,0,0,0,0,0,0,0,0,0,0,0,0,0,0,0,0,0,0,0,0,0,0,0,0,0,0,0,0,0,0,0,0,0,0,0,0,0,0,0,0,0,0,0,0,0,0,0,0,0,0,0,0,0,0,0,0,0,0,0,0,0,0,0,0,0,0,0,0,0,0,0,0,0,0,0,0,0,0,0,0,0,0,0,0,0,0,0,0,0,0,0,0,0,0,0,0,0,0,0,0,0,0,0,0,0,0,0,0,0,0,0,0,0,0,0,0,0,0,0,0,0,0,0,0,0,0,0,0,0,0,0,0,0,0,0,0,0,0,0,0,0,0,0,0,0,0,0,0,0,0,0,0,0,0,0,0,0,0,0,0,0,0,0,0,0,0,0,0,0,0,0,0,0,0,0,0,0,0,0,0,0,0,0,0,0,0,0,0,0,0,0,0,0,0,0,0,0,0,0,0,0,0,0,0,0,0,0,0,0,0,0,0,0,0,0,0,0,0,0,0,0,0,0,0,0,0,0,0,0,0,0,0,0,0,0,0,0,0,0,0,0,0,0,0,0,0,0,0,0,0,0,0,0,0,0,0,0,0,0,0,0,0,0,0,0,0,0,0,0,0,0,0,0,0,0,0,0,0,0,0,0,0,0,0,0,0,0,0,0,0,0,0,0,0,0,0,0,0,0,0,0,0,0,0,0,0,0,0,0,0,0,0,0,0,0,0,0,0,0,0,0,0,0,0,0,0,0,0,0,0,0,0,0,0,0,0,0,0,0,0,0,0,0,0,0,0,0,0,0,0,0,0,0,0,0,0,0,0,0,0,0,0,0,0,0,0,0,0,0,0,0,0,0,0,0,0,0,0,0,0,0,0,0,0,0,0,0,0,0,0,0,0,0,0,0,0,0,0,0,0,0,0,0,0,0,0,0,0,0,0,0,0,0,0,0,0,0,0,0,0,0,0,0,0,0,0,0,0,0,0,0,0,0,0,0,0,0,0,0,0,0,0,0,0
CounterOutlets1_AP,0,0,0,0,0,0,0,0,0,0,0,5.779,5.779,0,0,0,0,0,5.76,5.76,0,0,0,0,0,0,0,0,5.635,5.718,5.46,5.661,5.668,5.843,5.449,5.793,5.757,5.452,5.961,5.596,5.693,5.977,5.931,5.913,0,0,0,0,0,0,0,0,0,0,0,0,0,0,0,0,0,0,0,0,0,0,0,0,0,1396.724,1444.09,5.214,5.701,5.173,5.477,5.455,5.61,5.72,5.425,5.557,5.916,5.521,5.524,5.837,5.987,0,0,0,0,0,0,0,0,0,0,0,0,0,0,0,0,0,0,0,0,0,0,0,0,0,5.178,5.427,5.54,5.753,5.634,5.53,5.861,5.955,5.401,5.926,5.486,5.411,5.474,5.983,5.576,6.016,0,0,0,0,0,0,0,0,0,0,0,0,0,0,0,0,0,0,0,0,0,0,0,0,0,5.502,5.885,5.452,5.898,5.867,5.846,5.52,5.954,5.987,5.596,5.972,5.54,5.52,5.922,6.566,0,7.803,7.891,7.891,0,0,0,0,5.804,5.804,7.644,5.796,5.721,5.716,7.601,7.601,0,0,0,0,0,0,0,6.202,6.202,5.529,5.527,6.073,5.367,5.753,5.261,5.668,5.776,5.753,5.863,5.835,5.754,5.722,5.394,5.776,5.868,0,0,0,0,0,0,6.971,5.889,0,0,0,0,0,0,0,0,0,0,0,0,0,0,0,0,0,5.834,5.415,6.012,5.55,5.65,5.92,5.568,6.063,6.011,5.589,5.99,5.45,5.543,6.04,5.542,6.134,0,0,0,0,0,0,0,0,0,0,0,0,0,0,0,0,0,0,0,0,0,0,0,0,0,5.636,6.617,5.989,5.642,6.274,5.477,5.782,5.667,5.657,5.731,6.048,5.686,5.733,5.633,5.628,5.673,0,0,0,0,0,0,0,0,0,0,0,0,0,0,0,0,0,0,0,0,0,0,0,0,0,5.34,5.767,7.842,5.789,5.726,5.75,5.811,5.778,5.848,5.842,5.808,5.771,5.511,5.62,5.862,5.931,0,0,0,0,0,0,0,0,0,0,0,0,0,0,0,0,0,0,0,0,0,0,0,0,0,5.625,5.668,5.743,5.675,5.759,5.707,5.709,5.67,5.728,5.601,5.892,5.785,5.714,5.662,5.555,5.635,0,0,0,0,0,0,0,0,0,0,0,0,0,0,0,0,0,0,0,5.789,5.789,0,0,0,0,5.734,5.811,5.875,5.728,5.605,5.455,5.731,5.721,5.764,5.725,5.674,5.749,5.732,5.677,5.84,5.791,0,0,0,0,0,0,0,0,8.191,6.307,0,5.957,5.957,0,0,0,0,0,0,0,0,6.032,6.032,0,0,5.634,5.626,5.783,5.685,5.758,5.764,5.715,5.764,5.54,5.529,5.824,5.739,5.78,5.746,5.737,5.94,0,0,0,0,0,0,0,0,0,0,0,0,0,0,0,0,0,0,0,0,0,0,0,0,0,5.539,5.557,5.255,5.445,6.45,5.609,5.509,5.635,5.7,5.685,5.851,5.563,5.53,5.723,5.635,5.711,0,0,0,0,0,0,7.829,5.939,0,0,0,0,8.171,8.171,0,6.05,8.019,5.552,0,0,0,0,0,0,0,0,0,0,0,0,0,0,0,0,0,0,0,0,0,0,0,0,0,0,0,0,0,0,0,0,0,0,0,0,0,0,0,0,0,0,0,0,0,0,0,0,0,0,0,0,0,0,0,0,0,0,0,0,0,0,0,0,0,0,0,0,0,0,0,0,0,0,0,0,0,0,0,0,0,0,0,0,0,0,0,0,0,0,0,0,0,0,0,0,0,0,0,0,0,0,0,0,0,0,0,0,0,0,0,0,0,0,0,0,0,0,0,0,0,0,0,0,6.014,5.557,5.48,0,0,0,0,0,0,0,0,0,0,0,0,0,0,0,0,0,0,0,0,0,0,0,0,0,0,0,0,0,0,0,0,0,0,0,0,0,0,0,0,0,0,0,0,0,0,0,0,0,0,0,0,0,0,0,0,0,0,0,0,0,0,0,0,0,0,0,0,0,0,0,0,0,0,0,0,0,0,0,0,0,0,0,0,0,0,0,0,0,0,0,0,0,0,0,0,0,0,0,0,0,0,0,0,0,0,0,0,0,0,0,0,0,0,0,0,0,0,0,0,0,0,0,0,0,0,0,0,0,0,0,0,0,0,0,0,0,0,0,0,0,0,0,0,0,0,0,0,0,0,0,0,0,0,0,0,0,0,0,0,0,0,0,0,0,0,0,0,0,0,0,0,0,0,0,0,0,0,0,0,0,0,0,0,0,0,0,0,0,0,0,0,0,0,0,0,0,0,0,0,0,0,0,0,0,0,0,0,0,0,0,0,0,0,0,0,0,0,0,0,0,0,0,0,0,0,0,0,0,0,0,0,0,0,0,0,0,0,0,0,0,0,0,0,0,0,0,0,0,0,0,0,0,0,0,0,0,0,0,0,0,0,0,0,0,0,0,0,0,0,0,0,0,0,0,0,0,0,0,0,0,0,0,0,0,0,0,0,0,0,0,0,0,0,0,0,0,0,0,0,0,0,0,0,0,0,0,0,0,0,0,0,0,0,0,0,0,0,0,0,0
CounterOutlets2_AP,0,0,0,0,0,0,0,0,0,0,0,13.391,13.391,0,0,0,0,0,0,0,0,0,0,0,0,0,0,0,13.083,13.642,13.717,13.501,13.378,13.173,13.646,13.275,13.337,13.623,13.512,13.862,13.836,13.064,13.089,13.066,0,0,0,0,0,0,0,0,0,0,0,0,0,0,0,0,0,0,0,0,0,0,0,0,0,12.338,12.345,13.464,12.908,13.378,12.706,13.21,13.296,12.758,13.196,13.254,12.677,13.088,13.163,12.988,12.977,0,0,0,0,0,0,0,0,0,0,0,0,0,0,0,0,0,0,0,0,0,0,0,0,0,13.367,13.155,13.047,13.099,12.731,13.273,12.954,13.02,13.108,12.716,12.746,13.225,13.218,12.718,12.99,12.703,0,0,0,0,0,0,0,0,0,0,0,0,0,0,0,0,0,0,0,0,0,0,0,0,0,13.143,12.965,13.037,12.766,12.991,12.918,13.186,12.665,12.693,12.73,12.608,13.013,13.266,12.955,12.959,0,0,0,0,0,0,0,0,0,0,0,0,0,0,0,0,0,0,0,0,0,0,0,0,0,12.708,12.961,12.361,13.171,12.598,13.226,12.729,12.754,12.758,12.517,12.616,13.106,13.01,13.101,13.104,12.724,0,0,0,0,0,0,15.14,13.172,0,0,0,0,0,0,0,0,0,0,0,0,0,0,0,0,0,12.847,13.102,13.077,12.823,12.951,12.71,12.94,12.585,12.915,12.93,12.716,13.13,12.818,12.665,13.051,12.709,0,0,0,0,0,0,0,0,0,0,0,0,0,0,0,0,0,0,0,0,0,0,0,0,0,12.911,12.637,12.808,12.853,12.599,12.963,12.609,13.094,13.244,12.477,13.398,13.486,13.29,13.365,13.134,12.41,0,0,0,0,0,0,0,0,0,0,0,0,0,0,0,0,0,0,0,0,0,0,0,0,0,13.558,12.927,13.25,12.855,13.148,13.593,12.751,13.381,12.683,12.792,13.048,12.919,13.203,13.119,12.656,12.535,0,0,0,0,0,0,0,0,0,0,0,0,0,0,0,0,0,0,0,0,0,0,0,0,0,13.78,13.458,12.9,13.668,12.802,13.139,13.368,13.438,13.581,13.236,12.714,13.061,13.155,12.833,13.663,13.432,0,0,0,0,0,0,0,12.913,12.913,0,0,0,0,0,0,0,0,0,0,12.616,12.616,0,0,0,0,13.642,12.72,12.742,12.87,12.789,13.346,12.696,13.475,13.304,12.922,13.421,13.012,13.392,13.499,13.297,12.846,0,0,0,0,0,0,0,0,12.715,12.715,0,0,0,0,0,0,0,0,0,0,0,0,0,0,0,13.381,13.703,12.75,13.333,13.005,13.333,12.67,12.686,13.221,13.176,12.673,13.334,12.73,12.848,13.095,12.89,0,0,0,0,0,0,0,0,0,0,0,0,0,0,0,0,0,0,0,0,0,0,0,0,0,13.512,13.391,13.294,13.092,13.227,12.722,13.35,12.762,12.647,13.377,12.664,13.232,13.218,13.259,13.353,12.731,0,0,0,0,0,0,0,0,0,0,0,0,13.227,13.227,0,13.304,13.314,13.29,0,0,0,0,0,0,0,0,0,0,0,0,0,0,0,0,0,0,0,0,0,0,0,0,0,0,0,0,0,0,0,0,0,0,0,0,0,0,0,0,0,0,0,0,0,0,0,0,0,0,0,0,0,0,0,0,0,0,0,0,0,0,0,0,0,0,0,0,0,0,0,0,0,0,0,0,0,0,0,0,0,0,0,0,0,0,0,0,0,0,0,0,0,0,0,0,0,0,0,0,0,0,0,0,0,0,0,0,0,0,0,0,0,0,0,0,0,0,0,0,0,0,0,0,13.198,13.703,13.066,0,0,0,0,0,0,0,0,0,0,0,0,0,0,0,0,0,0,0,0,0,0,0,0,0,0,0,0,0,0,0,0,0,0,0,0,0,0,0,0,0,0,0,0,0,0,0,0,0,0,0,0,0,0,0,0,0,0,0,0,0,0,0,0,0,0,0,0,0,0,0,0,0,0,0,0,0,0,0,0,0,0,0,0,0,0,0,0,0,0,0,0,0,0,0,0,0,0,0,0,0,0,0,0,0,0,0,0,0,0,0,0,0,0,0,0,0,0,0,0,0,0,0,0,0,0,0,0,0,0,0,0,0,0,0,0,0,0,0,0,0,0,0,0,0,0,0,0,0,0,0,0,0,0,0,0,0,0,0,0,0,0,0,0,0,0,0,0,0,0,0,0,0,0,0,0,0,0,0,0,0,0,0,0,0,0,0,0,0,0,0,0,0,0,0,0,0,0,0,0,0,0,0,0,0,0,0,0,0,0,0,0,0,0,0,0,0,0,0,0,0,0,0,0,0,0,0,0,0,0,0,0,0,0,0,0,0,0,0,0,0,0,0,0,0,0,0,0,0,0,0,0,0,0,0,0,0,0,0,0,0,0,0,0,0,0,0,0,0,0,0,0,0,0,0,0,0,0,0,0,0,0,0,0,0,0,0,0,0,0,0,0,0,0,0,0,0,0,0,0,0,0,0,0,0,0,0,0,0,0,0,0,0,0,0,0,0,0,0,0,0
KitchenOutlets_AP,0,0,0,0,0,0,0,0,0,0,0,6.33,6.33,0,0,0,0,0,5.873,5.309,0,0,0,5.815,5.815,0,0,0,6.575,4.761,5.988,5.657,5.7,6.102,4.673,6.405,5.99,4.562,5.933,4.286,4.587,6.131,5.146,6.257,0,0,0,0,0,0,0,0,0,0,0,0,0,0,0,0,0,0,0,0,0,0,0,0,0,4.57,4.988,5.083,6.332,4.444,5.341,6.226,5.505,6.311,4.671,4.96,6.582,6.609,5.881,6.657,6.89,0,0,0,0,0,0,0,0,0,0,0,0,0,0,0,0,0,0,0,0,0,0,0,0,0,5.1,6.979,7.311,5.676,6.1,6.311,7.059,6.205,5.616,6.94,5.895,5.882,7.207,7.339,6.013,6.563,0,0,0,0,0,0,0,0,0,0,0,0,7.884,6.938,0,0,0,0,0,0,0,0,0,0,0,5.822,6.64,5.878,7.473,5.893,7.057,5.752,6.814,5.896,5.92,7.551,5.787,5.709,6.793,6.913,7.113,0,6.833,6.833,0,0,0,0,0,6.815,6.661,7.94,6.672,6.672,6.666,0,0,0,0,0,0,0,7.081,7.616,7.512,7.662,4.57,6.85,5.422,7.091,5.218,6.193,6.748,6.898,6.659,6.719,6.34,6.427,5.087,5.431,7.183,6.844,0,0,0,0,0,12.368,7.433,0,0,0,0,0,0,0,0,7.116,7.097,0,0,0,0,0,0,0,5.181,5.54,6.028,6.064,6.817,6.796,5.651,7.197,6.979,7.059,6.929,5.395,7.194,7.346,6.177,7.565,0,0,0,0,0,0,0,0,0,0,0,0,0,0,0,0,0,0,7.981,7.981,0,0,0,0,6.772,6.772,7.636,6.285,5.92,7.128,5.538,5.451,4.586,4.781,4.975,3.969,4.896,4.903,4.024,5.177,5.391,0,0,0,0,0,0,0,0,0,0,0,0,0,0,0,4.539,4.539,0,0,0,0,0,6.361,6.361,0,4.552,6.04,6.678,5.297,4.769,4.3,5.381,4.225,4.971,4.327,4.274,6.338,4.921,5.969,6.081,6.008,0,0,0,0,0,0,0,0,0,0,0,5.388,5.388,0,0,0,0,0,0,0,0,0,0,0,0,3.784,4.952,4.882,4.033,4.968,4.93,4.411,4.25,4.949,5.511,6.753,6.221,5.22,4.057,4.192,4.883,0,0,0,6.381,6.381,0,0,5.586,5.586,0,0,0,0,0,0,6.455,6.455,0,0,5.535,6.237,0,0,0,0,4.564,5.113,5.258,5.94,5.906,4.548,4.927,4.093,4.088,4.907,4.198,4.805,4.964,4.092,6.302,5.846,0,0,0,0,0,0,0,0,6.257,6.257,0,0,0,5.37,5.37,0,0,0,6.102,6.934,0,0,0,0,0,4.459,4.151,5.081,3.832,4.742,3.977,4.785,5.302,4.686,5.059,5.32,4.206,5.256,4.168,4.375,5.387,0,0,0,0,0,5.017,5.017,0,0,0,0,0,0,0,6.194,6.194,0,0,0,0,0,0,0,0,5.568,4.62,3.935,4.638,5.856,4.642,5.443,4.198,4.903,4.818,3.553,6.243,5.21,7.699,5.649,7.134,5.426,5.688,6.719,7.267,6.378,8.309,6.402,7.097,7.711,6.924,7.24,7.27,5.702,6.969,6.488,8.244,8.794,5.773,7.853,7.326,0,0,0,0,0,0,0,0,0,0,0,0,0,0,0,0,0,0,0,0,0,0,0,0,0,0,0,0,0,0,0,0,0,0,0,0,0,0,0,0,0,0,0,0,0,0,0,0,0,0,0,0,0,0,0,0,0,0,0,0,0,0,0,0,0,0,0,0,0,0,0,0,0,0,0,0,0,0,0,0,0,0,0,0,0,0,0,0,0,0,0,0,0,0,0,0,0,0,0,0,0,0,0,0,0,0,0,0,0,0,0,0,0,0,0,0,0,0,0,0,0,0,0,7.608,8.024,8.201,0,0,0,0,0,0,0,0,0,0,0,0,0,0,0,0,0,0,0,0,0,0,0,0,0,0,0,0,0,0,0,0,0,0,0,0,0,0,0,0,0,0,0,0,0,0,0,0,0,0,0,0,0,0,0,0,0,0,0,0,0,0,0,0,0,0,0,0,0,0,0,0,0,0,0,0,0,0,0,0,0,0,0,0,0,0,0,0,0,0,0,0,0,0,0,0,0,0,0,0,0,0,0,0,0,0,0,0,0,0,0,0,0,0,0,0,0,0,0,0,0,0,0,0,0,0,0,0,0,0,0,0,0,0,0,0,0,0,0,0,0,0,0,0,0,0,0,0,0,0,0,0,0,0,0,0,0,0,0,0,0,0,0,0,0,0,0,0,0,0,0,0,0,0,0,0,0,0,0,0,0,0,0,0,0,0,0,0,0,0,0,0,0,0,0,0,0,0,0,0,0,0,0,0,0,0,0,0,0,0,0,0,0,0,0,0,0,0,0,0,0,0,0,0,0,0,0,0,0,0,0,0,0,0,0,0,0,0,0,0,0,0,0,0,0,0,0,0,0,0,0,0,0,0,0,0,0,0,0,0,0,0,0,0,0,0,0,0,0,0,0,0,0,0,0,0,0,0,0,0,0,0,0,0,0,0,0,0,0,0,0,0,0,0,0,0,0,0,0,0,0,0,0,0,0,0,0,0,0,0,0,0,0,0,0,0,0,0,0,0,0
