Var1,Var2,Var3,Var4,Var5,Var6,Var7,Var8,Var9,Var10,Var11,Var12,Var13,Var14,Var15,Var16,Var17,Var18,Var19,Var20,Var21,Var22,Var23,Var24,Var25,Var26,Var27,Var28,Var29,Var30,Var31,Var32,Var33,Var34,Var35,Var36,Var37,Var38,Var39,Var40,Var41,Var42,Var43,Var44,Var45,Var46,Var47,Var48,Var49,Var50,Var51,Var52,Var53,Var54,Var55,Var56,Var57,Var58,Var59,Var60,Var61,Var62,Var63,Var64,Var65,Var66,Var67,Var68,Var69,Var70,Var71,Var72,Var73,Var74,Var75,Var76,Var77,Var78,Var79,Var80,Var81,Var82,Var83,Var84,Var85,Var86,Var87,Var88,Var89,Var90,Var91,Var92,Var93,Var94,Var95,Var96,Var97,Var98,Var99,Var100,Var101,Var102,Var103,Var104,Var105,Var106,Var107,Var108,Var109,Var110,Var111,Var112,Var113,Var114,Var115,Var116,Var117,Var118,Var119,Var120,Var121,Var122,Var123,Var124,Var125,Var126,Var127,Var128,Var129,Var130,Var131,Var132,Var133,Var134,Var135,Var136,Var137,Var138,Var139,Var140,Var141,Var142,Var143,Var144,Var145,Var146,Var147,Var148,Var149,Var150,Var151,Var152,Var153,Var154,Var155,Var156,Var157,Var158,Var159,Var160,Var161,Var162,Var163,Var164,Var165,Var166,Var167,Var168,Var169,Var170,Var171,Var172,Var173,Var174,Var175,Var176,Var177,Var178,Var179,Var180,Var181,Var182,Var183,Var184,Var185,Var186,Var187,Var188,Var189,Var190,Var191,Var192,Var193,Var194,Var195,Var196,Var197,Var198,Var199,Var200,Var201,Var202,Var203,Var204,Var205,Var206,Var207,Var208,Var209,Var210,Var211,Var212,Var213,Var214,Var215,Var216,Var217,Var218,Var219,Var220,Var221,Var222,Var223,Var224,Var225,Var226,Var227,Var228,Var229,Var230,Var231,Var232,Var233,Var234,Var235,Var236,Var237,Var238,Var239,Var240,Var241,Var242,Var243,Var244,Var245,Var246,Var247,Var248,Var249,Var250,Var251,Var252,Var253,Var254,Var255,Var256,Var257,Var258,Var259,Var260,Var261,Var262,Var263,Var264,Var265,Var266,Var267,Var268,Var269,Var270,Var271,Var272,Var273,Var274,Var275,Var276,Var277,Var278,Var279,Var280,Var281,Var282,Var283,Var284,Var285,Var286,Var287,Var288,Var289,Var290,Var291,Var292,Var293,Var294,Var295,Var296,Var297,Var298,Var299,Var300,Var301,Var302,Var303,Var304,Var305,Var306,Var307,Var308,Var309,Var310,Var311,Var312,Var313,Var314,Var315,Var316,Var317,Var318,Var319,Var320,Var321,Var322,Var323,Var324,Var325,Var326,Var327,Var328,Var329,Var330,Var331,Var332,Var333,Var334,Var335,Var336,Var337,Var338,Var339,Var340,Var341,Var342,Var343,Var344,Var345,Var346,Var347,Var348,Var349,Var350,Var351,Var352,Var353,Var354,Var355,Var356,Var357,Var358,Var359,Var360,Var361,Var362,Var363,Var364,Var365,Var366,Var367,Var368,Var369,Var370,Var371,Var372,Var373,Var374,Var375,Var376,Var377,Var378,Var379,Var380,Var381,Var382,Var383,Var384,Var385,Var386,Var387,Var388,Var389,Var390,Var391,Var392,Var393,Var394,Var395,Var396,Var397,Var398,Var399,Var400,Var401,Var402,Var403,Var404,Var405,Var406,Var407,Var408,Var409,Var410,Var411,Var412,Var413,Var414,Var415,Var416,Var417,Var418,Var419,Var420,Var421,Var422,Var423,Var424,Var425,Var426,Var427,Var428,Var429,Var430,Var431,Var432,Var433,Var434,Var435,Var436,Var437,Var438,Var439,Var440,Var441,Var442,Var443,Var444,Var445,Var446,Var447,Var448,Var449,Var450,Var451,Var452,Var453,Var454,Var455,Var456,Var457,Var458,Var459,Var460,Var461,Var462,Var463,Var464,Var465,Var466,Var467,Var468,Var469,Var470,Var471,Var472,Var473,Var474,Var475,Var476,Var477,Var478,Var479,Var480,Var481,Var482,Var483,Var484,Var485,Var486,Var487,Var488,Var489,Var490,Var491,Var492,Var493,Var494,Var495,Var496,Var497,Var498,Var499,Var500,Var501,Var502,Var503,Var504,Var505,Var506,Var507,Var508,Var509,Var510,Var511,Var512,Var513,Var514,Var515,Var516,Var517,Var518,Var519,Var520,Var521,Var522,Var523,Var524,Var525,Var526,Var527,Var528,Var529,Var530,Var531,Var532,Var533,Var534,Var535,Var536,Var537,Var538,Var539,Var540,Var541,Var542,Var543,Var544,Var545,Var546,Var547,Var548,Var549,Var550,Var551,Var552,Var553,Var554,Var555,Var556,Var557,Var558,Var559,Var560,Var561,Var562,Var563,Var564,Var565,Var566,Var567,Var568,Var569,Var570,Var571,Var572,Var573,Var574,Var575,Var576,Var577,Var578,Var579,Var580,Var581,Var582,Var583,Var584,Var585,Var586,Var587,Var588,Var589,Var590,Var591,Var592,Var593,Var594,Var595,Var596,Var597,Var598,Var599,Var600,Var601,Var602,Var603,Var604,Var605,Var606,Var607,Var608,Var609,Var610,Var611,Var612,Var613,Var614,Var615,Var616,Var617,Var618,Var619,Var620,Var621,Var622,Var623,Var624,Var625,Var626,Var627,Var628,Var629,Var630,Var631,Var632,Var633,Var634,Var635,Var636,Var637,Var638,Var639,Var640,Var641,Var642,Var643,Var644,Var645,Var646,Var647,Var648,Var649,Var650,Var651,Var652,Var653,Var654,Var655,Var656,Var657,Var658,Var659,Var660,Var661,Var662,Var663,Var664,Var665,Var666,Var667,Var668,Var669,Var670,Var671,Var672,Var673,Var674,Var675,Var676,Var677,Var678,Var679,Var680,Var681,Var682,Var683,Var684,Var685,Var686,Var687,Var688,Var689,Var690,Var691,Var692,Var693,Var694,Var695,Var696,Var697,Var698,Var699,Var700,Var701,Var702,Var703,Var704,Var705,Var706,Var707,Var708,Var709,Var710,Var711,Var712,Var713,Var714,Var715,Var716,Var717,Var718,Var719,Var720,Var721,Var722,Var723,Var724,Var725,Var726,Var727,Var728,Var729,Var730,Var731,Var732,Var733,Var734,Var735,Var736,Var737,Var738,Var739,Var740,Var741,Var742,Var743,Var744,Var745,Var746,Var747,Var748,Var749,Var750,Var751,Var752,Var753,Var754,Var755,Var756,Var757,Var758,Var759,Var760,Var761,Var762,Var763,Var764,Var765,Var766,Var767,Var768,Var769,Var770,Var771,Var772,Var773,Var774,Var775,Var776,Var777,Var778,Var779,Var780,Var781,Var782,Var783,Var784,Var785,Var786,Var787,Var788,Var789,Var790,Var791,Var792,Var793,Var794,Var795,Var796,Var797,Var798,Var799,Var800,Var801,Var802,Var803,Var804,Var805,Var806,Var807,Var808,Var809,Var810,Var811,Var812,Var813,Var814,Var815,Var816,Var817,Var818,Var819,Var820,Var821,Var822,Var823,Var824,Var825,Var826,Var827,Var828,Var829,Var830,Var831,Var832,Var833,Var834,Var835,Var836,Var837,Var838,Var839,Var840,Var841,Var842,Var843,Var844,Var845,Var846,Var847,Var848,Var849,Var850,Var851,Var852,Var853,Var854,Var855,Var856,Var857,Var858,Var859,Var860,Var861,Var862,Var863,Var864,Var865,Var866,Var867,Var868,Var869,Var870,Var871,Var872,Var873,Var874,Var875,Var876,Var877,Var878,Var879,Var880,Var881,Var882,Var883,Var884,Var885,Var886,Var887,Var888,Var889,Var890,Var891,Var892,Var893,Var894,Var895,Var896,Var897,Var898,Var899,Var900,Var901,Var902,Var903,Var904,Var905,Var906,Var907,Var908,Var909,Var910,Var911,Var912,Var913,Var914,Var915,Var916,Var917,Var918,Var919,Var920,Var921,Var922,Var923,Var924,Var925,Var926,Var927,Var928,Var929,Var930,Var931,Var932,Var933,Var934,Var935,Var936,Var937,Var938,Var939,Var940,Var941,Var942,Var943,Var944,Var945,Var946,Var947,Var948,Var949,Var950,Var951,Var952,Var953,Var954,Var955,Var956,Var957,Var958,Var959,Var960,Var961
Time,0,0.025,0.05,0.075,0.1,0.125,0.15,0.175,0.2,0.225,0.25,0.275,0.3,0.325,0.35,0.375,0.4,0.425,0.45,0.475,0.5,0.525,0.55,0.575,0.6,0.625,0.65,0.675,0.7,0.725,0.75,0.775,0.8,0.825,0.85,0.875,0.9,0.925,0.95,0.975,1,1.025,1.05,1.075,1.1,1.125,1.15,1.175,1.2,1.225,1.25,1.275,1.3,1.325,1.35,1.375,1.4,1.425,1.45,1.475,1.5,1.525,1.55,1.575,1.6,1.625,1.65,1.675,1.7,1.725,1.75,1.775,1.8,1.825,1.85,1.875,1.9,1.925,1.95,1.975,2,2.025,2.05,2.075,2.1,2.125,2.15,2.175,2.2,2.225,2.25,2.275,2.3,2.325,2.35,2.375,2.4,2.425,2.45,2.475,2.5,2.525,2.55,2.575,2.6,2.625,2.65,2.675,2.7,2.725,2.75,2.775,2.8,2.825,2.85,2.875,2.9,2.925,2.95,2.975,3,3.025,3.05,3.075,3.1,3.125,3.15,3.175,3.2,3.225,3.25,3.275,3.3,3.325,3.35,3.375,3.4,3.425,3.45,3.475,3.5,3.525,3.55,3.575,3.6,3.625,3.65,3.675,3.7,3.725,3.75,3.775,3.8,3.825,3.85,3.875,3.9,3.925,3.95,3.975,4,4.025,4.05,4.075,4.1,4.125,4.15,4.175,4.2,4.225,4.25,4.275,4.3,4.325,4.35,4.375,4.4,4.425,4.45,4.475,4.5,4.525,4.55,4.575,4.6,4.625,4.65,4.675,4.7,4.725,4.75,4.775,4.8,4.825,4.85,4.875,4.9,4.925,4.95,4.975,5,5.025,5.05,5.075,5.1,5.125,5.15,5.175,5.2,5.225,5.25,5.275,5.3,5.325,5.35,5.375,5.4,5.425,5.45,5.475,5.5,5.525,5.55,5.575,5.6,5.625,5.65,5.675,5.7,5.725,5.75,5.775,5.8,5.825,5.85,5.875,5.9,5.925,5.95,5.975,6,6.025,6.05,6.075,6.1,6.125,6.15,6.175,6.2,6.225,6.25,6.275,6.3,6.325,6.35,6.375,6.4,6.425,6.45,6.475,6.5,6.525,6.55,6.575,6.6,6.625,6.65,6.675,6.7,6.725,6.75,6.775,6.8,6.825,6.85,6.875,6.9,6.925,6.95,6.975,7,7.025,7.05,7.075,7.1,7.125,7.15,7.175,7.2,7.225,7.25,7.275,7.3,7.325,7.35,7.375,7.4,7.425,7.45,7.475,7.5,7.525,7.55,7.575,7.6,7.625,7.65,7.675,7.7,7.725,7.75,7.775,7.8,7.825,7.85,7.875,7.9,7.925,7.95,7.975,8,8.025,8.05,8.075,8.1,8.125,8.15,8.175,8.2,8.225,8.25,8.275,8.3,8.325,8.35,8.375,8.4,8.425,8.45,8.475,8.5,8.525,8.55,8.575,8.6,8.625,8.65,8.675,8.7,8.725,8.75,8.775,8.8,8.825,8.85,8.875,8.9,8.925,8.95,8.975,9,9.025,9.05,9.075,9.1,9.125,9.15,9.175,9.2,9.225,9.25,9.275,9.3,9.325,9.35,9.375,9.4,9.425,9.45,9.475,9.5,9.525,9.55,9.575,9.6,9.625,9.65,9.675,9.7,9.725,9.75,9.775,9.8,9.825,9.85,9.875,9.9,9.925,9.95,9.975,10,10.025,10.05,10.075,10.1,10.125,10.15,10.175,10.2,10.225,10.25,10.275,10.3,10.325,10.35,10.375,10.4,10.425,10.45,10.475,10.5,10.525,10.55,10.575,10.6,10.625,10.65,10.675,10.7,10.725,10.75,10.775,10.8,10.825,10.85,10.875,10.9,10.925,10.95,10.975,11,11.025,11.05,11.075,11.1,11.125,11.15,11.175,11.2,11.225,11.25,11.275,11.3,11.325,11.35,11.375,11.4,11.425,11.45,11.475,11.5,11.525,11.55,11.575,11.6,11.625,11.65,11.675,11.7,11.725,11.75,11.775,11.8,11.825,11.85,11.875,11.9,11.925,11.95,11.975,12,12.025,12.05,12.075,12.1,12.125,12.15,12.175,12.2,12.225,12.25,12.275,12.3,12.325,12.35,12.375,12.4,12.425,12.45,12.475,12.5,12.525,12.55,12.575,12.6,12.625,12.65,12.675,12.7,12.725,12.75,12.775,12.8,12.825,12.85,12.875,12.9,12.925,12.95,12.975,13,13.025,13.05,13.075,13.1,13.125,13.15,13.175,13.2,13.225,13.25,13.275,13.3,13.325,13.35,13.375,13.4,13.425,13.45,13.475,13.5,13.525,13.55,13.575,13.6,13.625,13.65,13.675,13.7,13.725,13.75,13.775,13.8,13.825,13.85,13.875,13.9,13.925,13.95,13.975,14,14.025,14.05,14.075,14.1,14.125,14.15,14.175,14.2,14.225,14.25,14.275,14.3,14.325,14.35,14.375,14.4,14.425,14.45,14.475,14.5,14.525,14.55,14.575,14.6,14.625,14.65,14.675,14.7,14.725,14.75,14.775,14.8,14.825,14.85,14.875,14.9,14.925,14.95,14.975,15,15.025,15.05,15.075,15.1,15.125,15.15,15.175,15.2,15.225,15.25,15.275,15.3,15.325,15.35,15.375,15.4,15.425,15.45,15.475,15.5,15.525,15.55,15.575,15.6,15.625,15.65,15.675,15.7,15.725,15.75,15.775,15.8,15.825,15.85,15.875,15.9,15.925,15.95,15.975,16,16.025,16.05,16.075,16.1,16.125,16.15,16.175,16.2,16.225,16.25,16.275,16.3,16.325,16.35,16.375,16.4,16.425,16.45,16.475,16.5,16.525,16.55,16.575,16.6,16.625,16.65,16.675,16.7,16.725,16.75,16.775,16.8,16.825,16.85,16.875,16.9,16.925,16.95,16.975,17,17.025,17.05,17.075,17.1,17.125,17.15,17.175,17.2,17.225,17.25,17.275,17.3,17.325,17.35,17.375,17.4,17.425,17.45,17.475,17.5,17.525,17.55,17.575,17.6,17.625,17.65,17.675,17.7,17.725,17.75,17.775,17.8,17.825,17.85,17.875,17.9,17.925,17.95,17.975,18,18.025,18.05,18.075,18.1,18.125,18.15,18.175,18.2,18.225,18.25,18.275,18.3,18.325,18.35,18.375,18.4,18.425,18.45,18.475,18.5,18.525,18.55,18.575,18.6,18.625,18.65,18.675,18.7,18.725,18.75,18.775,18.8,18.825,18.85,18.875,18.9,18.925,18.95,18.975,19,19.025,19.05,19.075,19.1,19.125,19.15,19.175,19.2,19.225,19.25,19.275,19.3,19.325,19.35,19.375,19.4,19.425,19.45,19.475,19.5,19.525,19.55,19.575,19.6,19.625,19.65,19.675,19.7,19.725,19.75,19.775,19.8,19.825,19.85,19.875,19.9,19.925,19.95,19.975,20,20.025,20.05,20.075,20.1,20.125,20.15,20.175,20.2,20.225,20.25,20.275,20.3,20.325,20.35,20.375,20.4,20.425,20.45,20.475,20.5,20.525,20.55,20.575,20.6,20.625,20.65,20.675,20.7,20.725,20.75,20.775,20.8,20.825,20.85,20.875,20.9,20.925,20.95,20.975,21,21.025,21.05,21.075,21.1,21.125,21.15,21.175,21.2,21.225,21.25,21.275,21.3,21.325,21.35,21.375,21.4,21.425,21.45,21.475,21.5,21.525,21.55,21.575,21.6,21.625,21.65,21.675,21.7,21.725,21.75,21.775,21.8,21.825,21.85,21.875,21.9,21.925,21.95,21.975,22,22.025,22.05,22.075,22.1,22.125,22.15,22.175,22.2,22.225,22.25,22.275,22.3,22.325,22.35,22.375,22.4,22.425,22.45,22.475,22.5,22.525,22.55,22.575,22.6,22.625,22.65,22.675,22.7,22.725,22.75,22.775,22.8,22.825,22.85,22.875,22.9,22.925,22.95,22.975,23,23.025,23.05,23.075,23.1,23.125,23.15,23.175,23.2,23.225,23.25,23.275,23.3,23.325,23.35,23.375,23.4,23.425,23.45,23.475,23.5,23.525,23.55,23.575,23.6,23.625,23.65,23.675,23.7,23.725,23.75,23.775,23.8,23.825,23.85,23.875,23.9,23.925,23.95,23.975
Grid_Re,963.66,962.094,962.165,929.824,932.433,931.209,930.38,931.442,933.543,927.982,929.502,469.027,867.495,407.574,408.105,854.385,863.416,859.295,798.092,756.745,841.017,731.493,727.183,272.35,728.101,848.313,840.839,840.341,842.983,842.395,841.429,385.072,977.22,952.153,951.16,951.143,494.022,852.643,935.939,485.769,489.814,935.541,947.112,937.637,935.483,481.758,975.234,926.179,968.967,970.216,976.206,965.904,508.858,990.516,952.87,961.277,965.027,963.334,858.04,1180.596,1170.692,1169.551,1139.826,266.028,716.013,711.196,267.909,690.403,702.649,710.57,714.972,717.537,265.221,706.936,709.906,713.376,715.122,267.91,710.135,834.261,396.032,389.702,822.395,956.869,946.437,945.09,499.254,943.436,934.727,971.716,976.542,524.781,977.021,961.511,964.998,966.137,957.756,956.12,962.965,515.517,976.221,954.228,953.801,923.445,927.022,927.999,482.834,924.382,920.526,923.028,473.772,530.581,912.661,919.829,480.343,535.289,806.348,813.624,816.347,373.865,813.864,812.588,818.306,371.753,857.288,805.78,813.825,370.85,856.193,805.254,847.113,402.309,853.042,840.253,848.276,849.396,851.503,852.365,400.347,400.685,839.58,1034.099,959.672,961.312,487.271,926.434,922.755,481.838,913.682,921.114,926.394,382.189,369.085,810.339,365.924,839.882,804.103,814.583,815.851,814.473,368.392,804.448,806.425,373.023,802.855,810.542,812.191,931.906,490.066,923.899,483.652,518.174,948.717,844.529,847.89,413.955,405.355,839.639,843.607,849.725,402.431,859.238,845.806,849.979,848.845,822.984,372.646,815.408,810.468,819.012,371.827,368.763,805.05,370.457,768.732,805.65,372.547,370.341,934.364,379.193,379.296,809.942,381.242,376.703,807.535,812.489,382.225,833.374,809.844,813.992,370.789,798.329,841.837,844.92,406.754,529.282,961.465,957.055,955.742,511.773,515.156,953.405,957.155,954.492,505.131,504.542,908.715,473.84,481.749,911.273,479.621,472.578,903.102,809.915,370.497,369.521,804.42,809.838,369.389,803.567,810.954,367.529,806.143,801.61,370.225,800.349,693.367,263.351,268.335,701.565,261.881,261.897,692.253,735.982,296.619,857.547,840.941,848.945,412.919,413.451,844.33,852.64,408.373,965.573,959.428,964.074,961.341,489.386,505.863,916.185,920.651,484.821,916.003,927.461,475.576,905.315,905.385,475.497,928.489,912.595,478.802,915.983,907.137,472.924,918.923,909.706,479.859,816.495,801.492,369.821,822.771,797.82,376.754,695.127,731.292,295.26,294.385,725.758,296.418,294.607,723.696,732.497,737.498,581.282,293.461,730.745,733.436,293.31,264.618,1118.19,817.583,376.6,983.644,925.103,490.599,500.698,919.989,491.505,491.496,916.734,487.73,956.438,912.815,482.912,906.097,475.696,475.178,902.358,479.573,482.891,906.397,476.18,494.083,900.103,475.565,510.458,939.242,510.802,504.952,930.743,405.41,400.18,840.349,405.919,404.102,830.062,839.968,839.484,295.709,700.193,705.813,709.424,263.126,702.548,704.565,267.285,384.171,821.603,819.401,377.455,816.363,809.862,376.085,808.309,374.278,381.517,807.972,372.425,374.124,915.856,483.668,822.125,912.774,486.155,947.894,1124.565,1113.235,1116.417,1119.76,1122.879,1111.567,504.997,1000.953,947.576,512.981,952.666,851.14,849.592,852.957,406.336,373.648,815.919,825.948,827.972,376.449,812.642,813.546,365.519,809.178,710.12,715.876,274.247,746.382,830.193,378.273,375.781,811.976,815.538,371.576,810.397,814.484,827.739,371.61,374.291,809.808,816.051,860.776,400.967,400.864,841.795,848.652,853.083,984.283,966.946,972.206,968.937,973.34,968.278,972.346,971.295,947.953,939.627,939.754,937.329,932.891,369.285,372.067,816.933,832.108,829.253,830.43,372.415,370.854,809.253,821.824,824.597,829.477,371.345,812.768,813.646,895.568,938.534,484.591,511.279,927.395,925.652,930.247,510.19,855.227,853.839,853.493,857.55,862.288,862.05,861.804,861.068,862.669,862.309,865.842,863.914,864.595,831.909,833.055,832.254,832.837,831.166,835.813,827.204,944.072,940.417,943.529,943.635,946.991,847.565,848.979,841.29,841.432,838.404,843.966,839.212,830.103,836.168,829.984,835.194,836.742,838.679,832.01,830.561,864.489,983.103,978.838,978.949,978.882,976.783,977.013,968.598,967.295,974.006,972.766,973.913,968.16,872.051,837.297,836.983,832.575,839.609,833.237,834.385,834.312,832.133,839.913,833.482,834.284,830.965,837.471,832.752,832.415,830.819,833.116,832.088,832.555,729.293,729.975,867.351,841.281,842.595,845.196,847.095,844.222,874.002,874.635,875.524,880.272,875.913,899.59,870.531,869.321,981.518,978.485,980.3,981.347,983.566,975.032,944.847,941.641,947.648,948.503,952.879,951.941,944.718,942.626,940.093,947.51,943.671,948.235,948.301,945.669,939.358,939.38,937.868,835.717,369.891,827.96,829.341,833.264,835.129,836.059,836.24,733.3,729.717,762.92,760.484,759.626,760.451,760.083,765.206,763.439,760.107,758.881,759.297,891.824,886.131,874.635,874.971,960.229,952.895,951.598,961.227,952.137,951.249,954.959,953.397,942.151,940.446,943.966,946.344,948.545,950.402,954.77,945.127,940.863,939.245,945.936,487.047,962.678,935.203,939.305,939.22,938.237,941.373,946.336,987.148,973.896,975.083,868.45,868.736,871.174,762.306,764.614,761.704,763.123,759.47,761.649,763.767,762.621,729.284,730.399,738.854,732.199,728.025,728.029,731.776,728.416,854.757,849.013,960.262,954.261,958.449,954.214,954.819,961.908,951.712,951.827,957.559,492.555,491.943,942.339,940.709,939.383,940.267,943.267,946.614,516.913,972.273,964.39,966.784,972.452,969.328,974.849,978.867,981.908,974.882,974.562,974.023,971.663,980.177,950.048,950.424,850.23,733.625,742.282,743.193,734.753,730.665,734.539,731.362,731.073,736.694,732.794,734.781,729.858,733.67,732.548,734.698,853.286,846.43,381.005,429.776,834.658,838.043,836.773,969.691,953.722,533.191,973.477,975.97,985.45,982.303,992.405,989.744,992.153,989.732,989.154,977.768,977.398,973.163,978.482,952.425,952.691,951.188,946.22,483.223,477.56,825.959,833.47,841.13,837.674,833.682,835.71,837.024,838.435,845.532,841.851,839.278,832.281,833.041,730.84,851.767,848.865,843.951,858.962,384.414,379.566,831.162,867.658,866.692,868.401,870.578,872.299,869.545,871.682,872.083,874.722,870.207,874.081,868.853,868.685,999.121,954.793,954.342,954.09,954.703,572.049,941.893,943.191,842.712,846.507,848.005,840.447,374.441,371.283,821.885,826.218,836.453,840.41,845.965,829.714,828.649,828.47,951.349,490.826,805.194,1236.64,1240.243,1239.692,853.577,858.218,862.092,861.911,942.551,753.239,756.54,754.702,753.96,754.743,752.555,761.58,754.431,763.822,725.198,727.247,858.507,862.352,858.151,855.465,394.183,394.523,836.298,839.782,845.795,844.384,846.694,383.217,981.196,946.293,949.803,955.536,494.927,493.45,941.791,948.454,950.283,952.003,952.277,947.803,947.264,973.153,971.195,976.84,978.692,979.175,978.442,974.122,979.006,973.875,974.385,979.238,979.73,982.221,972.682,940.199,940.116,941.379,483.146,944.145,941.577,482.258,476.947,827.174,827.864,833.435,834.941,836.187,835.689,835.957,377.862,403.169,826.665,831.606,832.399,835.628,845.776,380.169,828.769,827.497,829.18,829.669,857.042,857.803,857.158,968.863,970.036,970.489,971.736,972.406,971.796,968.312,967.394,970.042,969.596,977.311,933.84,932.073,473.674,820.68,820.599,826.353,828.219,825.12,366.911,855.33,812.88,821.236,827.25,831.524,824.496,823.727,820.746,944.352,483.911,947.757,830.854,827.71,833.548,829.37,832.297,834.108,373.939,404.699,853.543,856.218,858.889,861.492,859.608,860.365,861.085,862.561,861.783,860.075,858.405,859.683,857.752,835.811,828.71,827.742,490.512,524.573,932.095,938.406,833.042,834.275,376.998,843.134,822.928,830.885,842.525,835.982,829.717,830.812,370.389,427.053,822.164,827.642,945.259,1108.159,1113.237,1100.279,1106.51,1107.959,1129.233,970.64,969.966,967.434,964.989,967.377,967.964,973.215,971.524,964.24,963.998
Dryer_Re,0,0,0,0,0,0,0,0,0,0,-0.16,-0.16,1.921,-0.206,1.323,1.323,0,0,0,0,0,0,0.389,0.389,1.868,0,0,0,0,0,0.847,0.847,1.208,0,0,-0.543,-0.543,1.374,-0.517,-0.517,1.093,1.093,0,0,-0.582,-0.582,1.599,0,0,0,0,-0.108,-0.108,1.197,0,0,0,0,0,0,0,0,-1.591,0.095,1.811,0.899,0.899,1.868,0,0,0,1.104,2.017,2.017,0,0,0.056,0.056,0,0.408,0.408,1.76,1.76,0,0,-0.59,-0.59,0.834,0,0,-0.427,-0.427,1.276,0,0,0,0,0,-0.339,-0.339,1.12,0,0,0,0,-0.512,1.664,1.664,0,-0.418,-0.418,1.774,1.774,-0.519,-0.519,1.59,1.59,0,-0.183,-0.183,1.729,0,0.672,-0.384,1.889,1.889,-0.403,-0.403,1.723,0,-0.26,-0.26,1.534,0,0,0,0,0.785,-0.231,1.32,1.32,0,0,-0.218,-0.218,1.352,-0.512,0.946,0.946,0,0.116,0.116,1.503,0.148,0.148,0,0,0,0,0.334,1.588,1.588,0.569,0.569,0,0,-0.087,0.508,-0.566,0.277,0.277,1.805,1.805,0,0.594,0.594,0,0,0,-0.053,-0.053,0,0,0,0,0.027,1.267,1.267,0,-0.394,-0.394,1.405,-0.237,-0.237,0,-0.443,-0.443,1.72,1.72,-0.068,1.702,1.702,0.662,1.49,1.49,-0.098,-0.098,0,0,0.016,0.016,0,0,0.853,0.853,-0.373,0.938,0,-0.193,-0.193,0,0,0,-0.271,-0.271,1.242,-0.454,-0.454,0,-0.461,-0.461,1.626,1.626,-0.419,-0.419,1.704,1.704,0.243,0.243,1.349,-0.367,1.076,1.076,0.66,-0.357,1.834,0.71,0.71,2.123,2.123,0.557,1.756,1.756,1.115,1.656,1.656,0,0.189,0.189,1.631,1.631,0.133,-2.255,-0.438,0,0,-0.517,-0.517,1.074,1.074,0.373,0.373,0,0.461,1.716,1.716,-0.194,-0.194,1.497,-0.499,-0.499,1.03,-0.456,-0.456,0,-0.496,-0.496,1.496,-0.243,-0.243,1.328,0.121,0.121,0,0.636,0.636,2.238,2.238,0.315,1.958,1.958,0,0,0.297,2.27,2.27,1.171,1.171,1.85,0.542,0.078,0.078,1.305,-0.11,-0.11,0.931,-0.553,-0.553,0,-0.548,-0.548,1.37,-0.173,1.045,1.045,0.184,1.746,1.746,0.45,1.276,-0.227,-0.227,0.89,-0.516,-0.516,1.667,0.608,0.608,1.641,0.151,0.151,1.616,1.616,0.937,0,0,0,0.64,0.64,0,0,0.032,0.032,0,0.083,0.083,-0.529,1.836,-0.302,1.585,1.585,-0.447,1.088,1.088,-0.484,0,-0.406,-0.406,1.528,0.51,-0.502,1.014,0.383,0.383,0,0,0,0,0,0,-0.328,-0.328,1.913,-0.273,-0.273,1.448,0,0,1.013,1.013,2.012,2.012,0,0.526,2.052,2.052,0.8,1.625,1.625,0,0.766,0.766,1.736,0.02,0.02,1.011,1.011,-0.485,-0.485,0,0,-0.424,-0.424,0,0,0,-0.248,-0.248,1.264,1.264,0,0,0,0,0,0,0,0,0,0,0,0,0,0,0.486,0.486,1.544,1.544,0,0,0.957,0.957,2.033,2.033,0,0,0.476,0.476,0,0,-0.461,1.631,-0.287,1.005,1.005,0,-0.502,-0.502,1.369,0,0,0,0,0,0,0,0,0,0,0,0,0,0,0,0,0,0,0,0,0,0,0,0,0,0,0,0,0,0,0,0,0,0,0,0,0,0,0,-0.267,1.787,0,0,0,0,0,0,0,0,0,0,0,0,0,0,0,0,0,0,0,0,0,0,0,0,0,0,0,0,0,0,0,0,0,0,0,0,0,0,0,0,0,0,0,0,0,0,0.187,1.743,0,0,0,0,0,0,0,0,0,0,0,0,0,0,0,0,0,0,0,0,0,0,-0.379,1.658,1.658,0,0,0,0,0,0,0,0,0,0,0,0,0,0,0,0,0,0,0,0,0.355,1.792,0,0,0,0,0,0,0,0,0,0,0,0,0,0,0,0,0,0.245,0.245,1.353,0,0,0,0,0,0,0,0,0,0,0,0,0,0,0,0,0,0,0,0,0,0,0,0,0,0,0,0.13,1.533,0,0,0,0,0,0,0,0,0,-0.605,-0.605,0,0,0,0,0,0,-0.56,1.556,1.556,0,0,0,0,0,0,0,0,0,0,0,0,0,0,0,0,0,0,0,0,0,0,0,0,0,0,0,0,0,-0.15,1.793,-0.127,-0.127,1.542,1.542,0,0,0,0.612,-0.566,0,0,0,0,0,0,0,0,0,0,0,0,0,0,0,0,-0.57,-0.57,1.244,1.244,0,0,0,0,0,0,0,0,0,0,0,0,-0.288,1.742,0,0,0.736,-0.418,0,0,0,0,0,0,0,0,0,0,0,0,0,0,0,0,0,0,0,-0.52,-0.52,1.608,0,0,0,0,-0.159,-0.159,1.573,1.573,0,0,0,0,0,0,-0.232,1.613,-0.272,0,0,0,1.978,1.978,0,0,0,0,0,0,0,0,0,0,0,0,0,0,-0.387,1.562,0,0,-0.438,-0.438,1.803,1.803,0,0,0,-0.484,-0.484,1.013,0,0,0.081,0.081,1.42,1.42,0,0,0,0,0,0,0,0,0,0,0,0,0,0,0,0,0,0,0,0,0,0,-0.53,1.236,1.236,0.113,0.113,1.153,1.153,0,0,0,0,0,0.392,0.392,1.272,1.272,0,0,0,0.607,1.911,1.911,0,0,0,0,0,0,0,0,0,0,0,0,0,0,0,0,0,0,-0.463,1.626,1.626,0,0,0,-0.023,-0.023,0,0,0,0,0,0,0,-0.016,1.619,-0.616,1.208,0,0,0,0,0,0.474,0.474,1.391,1.391,0,0,0,0,0,0,0,0,0,0,0,0,0,0,-0.514,-0.514,1.225,1.225,0,0,0.025,0.025,1.906,0,0,0,0,0,-0.093,-0.093,2.015,2.015,-0.307,1.617,0,0,0,0,0,0,0,0,0,0,0,0,0,0,0,0
OfficeOutlets_Re,5.956,5.963,0,0,0,0,0,7.137,7.137,0,0,0,6.518,5.707,5.743,7.392,7.157,7.157,6.21,6.21,0,0,0,0,0,0,0,0,0,0,7.335,5.966,6.043,0,0,0,0,0,0,0,0,7.259,7.259,0,0,0,7.207,6.16,0,0,0,0,6.808,6.808,0,0,0,0,0,0,0,0,0,0,0,0,0,0,0,0,0,0,0,0,0,0,0,0,7.151,5.823,6.023,6.504,0,0,0,0,0,0,0,0,0,0,5.933,5.933,0,0,0,0,0,0,0,0,5.893,5.893,0,0,5.891,5.891,0,0,0,0,0,0,0,0,0,0,0,0,0,0,0,0,0,0,0,0,0,0,0,0,0,0,0,0,0,6.948,5.916,0,0,0,7.124,5.879,0,0,0,7.105,7.105,0,7.603,6.108,0,0,0,5.932,5.932,5.918,0,0,0,0,0,0,0,7.311,6.012,0,5.443,5.443,0,0,0,0,0,0,0,0,5.926,5.926,0,0,0,0,0,0,0,6.876,6.876,0,0,0,0,0,0,0,0,0,6.901,6.901,0,0,0,0,0,6.926,5.923,0,0,0,0,0,0,0,0,7.305,5.582,0,0,0,0,0,0,0,0,0,0,0,0,5.554,5.554,6.593,5.88,0,0,0,0,0,5.603,5.603,0,0,0,0,0,7.728,5.996,0,0,6.898,6.615,6.615,0,0,6.99,5.714,0,0,0,0,0,0,5.488,5.488,0,0,0,0,0,0,0,0,0,0,6.513,5.388,6.501,6.501,0,0,0,0,5.491,5.592,0,0,0,0,0,0,0,0,0,0,0,0,0,0,6.681,5.68,0,0,0,0,0,0,0,0,0,7.405,5.896,0,0,0,0,5.443,7.365,5.891,0,0,0,0,0,0,0,0,0,0,0,0,0,0,6.912,6.912,0,0,0,0,6.931,5.894,6.081,6.755,0,0,7.402,6.242,0,0,0,0,0,0,0,0,0,6.779,5.526,5.526,0,0,5.866,5.866,0,0,0,0,0,0,0,0,0,0,0,0,0,7.237,6.027,6.027,6.429,6.04,0,0,0,0,6.492,6.492,6.042,7.256,6.154,6.77,6.77,0,0,0,0,0,0,6.067,6.067,6.102,6.102,0,5.956,5.956,0,0,0,6.719,5.458,0,0,6.889,6.889,0,0,0,0,5.427,5.427,0,0,0,0,6.927,6.927,0,0,0,0,0,0,0,0,0,5.896,6.003,5.966,5.966,0,0,0,0,7.082,7.082,0,0,0,0,0,0,7.325,5.779,0,0,0,0,0,0,0,0,0,0,0,6.956,6.956,6.88,6.88,0,0,0,0,0,0,0,6.952,6.889,6.889,0,0,0,0,0,7.386,6.245,6.015,0,0,0,0,0,0,0,0,0,0,0,0,0,7.31,6.273,7.092,0,7.313,6.292,6.95,5.909,0,0,6.998,5.893,0,0,0,0,0,0,0,0,0,0,7.244,5.924,0,0,0,0,0,0,0,0,6.059,6.059,7.106,7.106,0,0,0,0,0,0,0,0,0,0,0,0,7.437,6.045,0,0,0,6.927,5.92,5.905,0,6.951,6.951,6.095,0,0,0,0,0,0,0,0,7.046,5.987,0,0,6.802,5.524,7.276,5.963,0,0,0,6.165,6.165,0,0,0,0,0,0,0,0,0,0,0,0,0,7.205,7.554,5.93,0,7.169,7.169,6.968,5.888,5.966,5.966,0,0,0,0,0,0,0,0,0,0,0,0,0,7.282,7.282,0,0,0,0,0,0,7.207,7.207,7.195,7.32,7.32,0,7.36,6.332,0,0,0,6.167,7.397,6.258,0,0,0,0,0,0,0,0,0,0,0,0,0,0,0,0,0,0,0,0,0,0,7.316,6.251,6.726,5.661,0,0,0,0,0,0,0,0,0,0,0,7.332,7.332,0,7.567,7.567,0,7.577,6.143,0,0,0,0,0,0,7.433,6.15,7.152,7.152,0,7.574,6.357,0,0,0,0,7.343,6.188,0,0,0,6.156,6.156,0,0,0,0,0,0,0,0,6.063,7.15,6.134,0,0,0,0,0,8.103,6.391,7.291,6.154,0,0,0,0,0,0,0,0,0,0,0,6.058,6.058,0,0,0,0,0,0,0,0,0,0,0,0,0,0,0,0,0,0,0,0,0,0,0,5.671,5.671,7.515,7.515,0,0,0,0,0,0,0,0,0,0,0,7.135,6.034,7.093,6.541,6.541,0,0,7.294,6.116,5.999,5.999,0,0,0,6.049,6.049,0,0,0,0,0,0,0,0,0,0,0,0,6.546,6.546,0,0,0,7.017,6.01,0,0,0,0,0,0,6.557,6.557,0,0,0,0,0,6.913,6.913,0,0,0,0,0,0,0,0,0,0,0,0,0,0,0,0,6.614,6.614,0,0,0,0,7.051,6.019,0,0,0,0,0,0,0,0,7.44,7.44,0,0,7.065,7.065,7.12,6.067,6.961,6.961,0,0,0,6.894,6.894,0,0,0,0,0,7.175,6.897,0,0,7.441,6.21,0,0,0,7.035,5.945,5.945,7.094,7.094,0,0,0,0,7.151,7.151,0,0,5.902,5.902,0,0,5.996,5.996,0,0,7.341,5.98,0,7.335,6.274,0,0,0,0,0,0,0,0,0,0,0,0,0,0,6.059,6.059,0,0,0,0,0,0,0,0,0,0,7.129,6.089,0,0,0,0,7.117,6.098,0,6.061,6.061,5.992,7.011,5.934,0,0,0,0,0,0
LivingRoomOutlets_Re,0,67.08,67.08,0,0,67.127,67.102,68.018,67.99,0,0,0,67.58,69.782,69.39,68.935,67.574,68.658,67.396,0,68.459,67.298,67.143,69.508,0,0,0,0,68.703,67.125,68.392,69.057,67.478,0,68.34,68.34,0,0,68.932,67.685,68.792,0,0,0,0,0,0,0,0,0,0,0,0,68.317,67.221,0,0,0,67.796,67.796,0,0,68.969,69.194,68.722,0,0,0,0,0,0,69.258,68.172,68.577,68.577,0,0,0,68.882,67.287,0,0,0,0,0,0,0,0,0,0,0,0,68.786,67.323,67.606,66.912,66.912,67.276,67.276,0,0,68.359,67.245,0,68.549,67.509,0,0,67.336,67.336,0,0,0,0,69.572,69.572,0,0,0,0,0,0,0,0,67.478,67.478,0,0,0,0,0,0,0,0,68.246,67.075,67.275,0,0,0,0,0,0,0,0,0,0,68.41,68.41,0,69.022,68.227,0,67.931,67.69,67.69,66.683,66.683,0,0,0,0,0,0,68.07,68.07,0,0,68.356,68.44,0,68.634,67.174,67.382,67.382,69.188,68.185,0,0,0,0,0,0,68.935,67.44,66.949,0,0,0,0,0,0,68.227,69.223,69.223,0,0,67.492,67.467,67.439,0,0,0,0,0,0,0,68.301,67.068,0,67.683,67.683,0,0,0,68.021,69.19,69.19,68.153,68.153,0,0,0,68.646,68.646,0,0,0,0,0,68.396,68.396,0,0,0,0,68.203,68.252,69.215,67.873,0,68.887,68.887,68.62,68.62,68.096,66.63,68.302,68.391,68.391,0,0,0,0,68.097,68.097,68.072,68.072,0,0,68.496,68.496,69.219,67.902,0,0,0,0,0,68.513,69.541,69.541,0,67.807,68.864,67.655,68.36,68.36,68.441,0,0,0,0,68.042,68.042,0,0,67.047,67.047,0,0,0,69.353,66.759,0,69.657,67.867,69.178,69.178,68.914,67.393,67.393,0,0,0,0,0,0,0,69.053,68.092,0,67.428,67.428,69.582,69.582,69.048,67.461,0,68,68.088,68.791,67.653,0,0,0,0,0,0,0,0,0,0,67.83,67.83,0,0,0,66.904,68.729,68.411,68.695,67.809,67.348,67.348,0,67.281,68.609,67.222,67.222,67.377,67.377,0,69.36,67.529,69.02,69.252,68.218,68.279,68.279,0,0,68.025,68.025,0,0,0,0,68.117,66.988,0,68.101,68.101,67.369,67.369,68.093,68.093,68.77,66.863,68.21,68.134,68.134,0,69.287,68.002,69.351,67.418,68.491,66.853,0,66.956,66.956,0,0,0,0,0,68.463,67.068,0,0,0,67.664,67.517,0,66.899,66.899,67.643,67.643,0,0,0,0,67.33,67.33,67.926,67.926,67.788,66.85,66.85,0,0,0,68.477,67.411,66.983,66.977,66.951,0,0,0,0,0,0,68.963,66.801,0,0,0,0,0,0,66.572,66.572,66.835,66.835,68.264,68.264,0,0,68.327,66.816,68.227,67.779,67.779,0,0,0,0,0,68.334,66.841,66.841,0,0,0,0,0,68.154,67.934,67.993,66.808,66.799,66.744,0,0,0,0,0,0,0,0,67.429,67.429,67.854,0,68.442,66.975,0,67.583,67.583,0,0,0,68.862,69.112,67.358,0,68.328,67.411,0,0,0,0,0,0,0,68.518,67.093,68.383,68.544,67.884,0,68.419,66.842,0,0,67.893,67.893,0,66.971,66.971,0,67.995,68.266,66.851,68.37,69.326,67.395,0,66.883,66.883,68.261,68.532,67,0,0,0,0,0,0,0,68.743,67.301,0,0,68.608,67.143,0,67.458,67.458,0,68.403,67.203,68.024,0,0,0,67.026,67.026,0,0,0,0,67.396,67.396,0,0,0,0,0,0,0,67.253,67.253,67.159,0,67.309,66.663,66.908,0,0,0,0,0,0,0,0,0,66.787,66.787,67.245,68.835,69.431,67.63,0,67.365,67.365,68.16,67.014,67.014,0,0,0,0,0,0,0,0,0,0,0,0,0,0,67.357,67.541,0,67.688,67.688,0,0,68.393,68.393,67.605,67.605,66.953,68.299,67.055,67.055,0,0,0,0,68.425,68.425,66.697,66.855,66.781,68.235,67.027,0,68.625,68.869,67.926,67.872,68.17,0,0,0,0,68.65,67.518,68.104,68.25,0,0,0,0,0,67.628,67.61,68.219,0,68.485,67.147,67.373,0,0,0,68.457,68.736,69.121,67.981,69.068,67.659,0,68.999,67.146,66.812,66.812,0,68.378,67.255,0,69.226,67.631,0,68.662,67.536,67.075,67.075,0,68.532,67.431,68.578,67.393,0,0,0,0,68.886,68.886,0,0,0,69.293,69.577,67.874,0,0,68.857,67.299,0,0,0,0,0,0,0,68.197,68.197,70.367,67.038,0,0,0,0,0,0,0,0,0,0,0,0,68.24,67.083,67.02,68.588,67.476,67.476,0,0,0,0,0,0,0,0,0,0,0,68.928,67.521,68.507,0,0,0,0,0,69.212,69.212,67.345,67.345,67.625,0,69.233,67.377,66.758,0,0,0,0,0,0,66.592,66.592,68.467,67.192,68.439,0,0,0,66.971,66.739,0,0,0,0,0,0,0,0,0,0,0,67.789,67.789,0,68.388,67.224,67.224,68.304,66.922,67.918,0,0,0,0,68.901,67.581,68.378,0,68.887,67.336,68.482,66.971,0,0,0,0,68.07,68.07,0,0,0,0,0,0,0,0,0,0,0,0,0,68.783,67.706,0,0,0,68.101,68.101,68.519,68.527,70.127,68.292,69.391,67.259,0,68.474,67.842,68.349,0,69.277,67.363,69.667,67.399,0,0,0,0,68.808,69.02,67.753,68.989,67.172,67.234,0,66.861,68.018,67.743,68.014,66.738,67.27,66.765,0,66.853,68.195,67.769,66.833,67.546,66.474,66.749,66.397,66.633,0,0,0,66.839,68.399,67.133,67.215,68.333,0,67.007,66.763,68.558,0,0,67.023,67.464,67.174,68.154,68.003,66.94,0,0,68.018,68.778,67.173,68.174,66.855,0,0,0,68.349,67.294,0,0,0,68.241,66.944,67.092,68.734,0,0,68.74,67.462,68.343,67.463,68.634,67.925,68.525,68.42,68.42,0,0,0,67.053,67.196,68.922,67.48,67.46,68.898,68.236,68.236,0,0,66.793,67.912,67.912,68.038,68.659,68.659,67.55,69.516,67.928,67.912
GuestBathOutlets_Re,0,0,0,0,0,0,0,0,0,0,0,0,0.686,0.686,0,0,0,0,0,0,0,0,0,0,0,0,0,0,0,0,0,0,0,0,0,0,0,0,0,0,0,0,0,0,0,0,0,0,0,0,0,0,0,0,0,0,0,0,0,0,0,0,0,0,0,0,0,0,0,0,0,0,0,0,0,0,0,0,0,0,0,0,0,0,0,0,0,0,0,0,0,0,0,0,0,0,0,0,0,0,0,0,0,0,0,0,0,0,0,0,0,0,0,0,0,0,0,0,0,0,0,0,0,0,0,0,0,0,0,0,0,0,0,0,0,0,0,0,0,0,0,0,0,0,0,0,0,0,0,0,0,0,0,0,0,0,0,0,0,0,0,0,0,0,0,0,0,0,0,0,0,0,0,0,0,0,0,0,0,0,0,0,0,0,0,0,0,0,0,0,0,0,0,0,0,0,0,0,0,0,0,0,0,0,0,0,0,0,0,0,0,0,0,0,0,0,0,0,0,0,0,0,0,0,0,0,0,0,0,0,0,0,0,0,0,0,0,0,0,0,0,0,0,0,0,0,0,0,0,0,0,0,0,0,0,0,0,0,0,0,0,0,0,0,0,0,0,0,0,0,0,0,0,0,0,0,0,0,0,0,0,0,0,0,0,0,0,0,0,0,0,0,0,0,0,0,0,0,0,0,0,0,0,0,0,0,0,0,0,0,0,0,0,0,0,0,0,0,0,0,0,0,0,0,0,0,0,0,0,0,0,0,0,0,0,0,0,0,0,0,0,0,0,0,0,0,0,0,0,0,0,0,0,0,0,0,0,0,0,0,0,0,0,0,0,0,0,0,0,0,0,0,0,0,0,0,0,0,0,0,0,0,0,0,0,0,0,0,0,0,0,0,0,0,0,0,0,0,0,0,0,0,0,0,0,0,0,0,0,0,0,0,0,0,0,0,0,0,0,0,0,0,0,0,0,0,0,0,0,0,0,0,0,0,0,0,0,0,0,0,0,0,0,0,0,0,0,0,0,0,0,0,0,0,0,0,0,0,0,0,0,0,0,0,0,0,0,0,0,0,0,0,0,0,0,0,0,0,0,0,0,0,0,0,0,0,0,0,0,0,0,0,0,0,0,0,0,0,0,0,0,0,0,0,0,0,0,0,0,0,0,0,0,0,0,0,0,0,0,0,0,0,0,0,0,0,0,0,0,0,0,0,0,0,0,0,0,0,0,0,0,0,0,0,0,0,0,0,0,0,0,0,0,0,0,0,0,0,0,0,0,0,0,0,0,0,0,0,0,0,0,0,0,0,0,0,0,0,0,0,0,0,0,0,0,0,0,0,0,0,0,0,0,0,0,0,0,0,0,0,0,0,0,0,0,0,0,0,0,0,0,0,0,0,0,0,0,0,0,0,0,0,0,0,0,0,0,0,0,0,0,0,0,0,0,0,0,0,0,0,0,0,0,0,0,0,0,0,0,0,0,0,0,0,0,0,0,0,0,0,0,0,0,0,0,0,0,0,0,0,0,0,0,0,0,0,0,0,0,0,0,0,0,0,0,0,0,0,0,0,0,0,0,0,0,0,0,0,0,0,0,0,0,0,0,0,0,0,0,0,0,0,0,0,0,0,0,0,0,0,0,0,0,0,0,0,0,0,0,0,0,0,0,0,0,0,0,0,0,0,0,0,0,0,0,0,0,0,0,0,0,0,0,0,0,0,0,0,0,0,0,0,0,0,0,0,0,0,0,0,0,0,0,0,0,0,0,0,0,0,0,0,0,0,0,0,0,0,0,0,0,0,0,0,0,0,0,0,0,0,0,0,0,0,0,0,0,0,0,0,0,0,0,0,0,0,0,0,0,0,0,0,0,0,0,0,0,0,0,0,0,0,0,0,0,0,0,0,0,0,0,0,0,0,0,0,0,0,0,0,0,0,0,0,0,0,0,0,0,0,0,0,0,0,0,0,0,0,0,0,0,0,0,0,0,0,0,0,0,0,0,0,0,0,0,0,0,0,0,0,0,0,0,0,0,0,0,0,0,0,0,0,0,0,0,0,0,0,0,0,0,0,0,0,0,0,0,0,0,0,0,0,0,0,0,0,0,0,0,0,0,0,0,0,0,0,0,0,0,0,0,0,0,0,0,0,0,0,0,0,0,0,0,0,0,0,0,0,0,0
MasterBathOutlets_Re,0,0,0,0,0,0,0,0,0,0,0,0,1.807,1.807,0,0,0,0,0,0,0,0,0,0,0,0,0,0,0,0,0,3.335,3.335,0,0,0,0,0,0,0,0,0,0,0,0,0,0,0,0,0,0,0,0,0,0,0,0,0,0,0,0,0,0,0,0,0,0,0,0,0,0,0,0,0,0,0,0,0,0,0,0,0,0,0,0,0,0,0,0,0,0,0,0,0,0,0,0,0,0,0,0,0,0,0,0,0,0,0,0,0,0,0,0,0,0,0,0,0,0,0,0,0,0,0,0,0,0,0,0,0,0,0,0,0,0,0,0,0,0,0,0,0,0,0,0,0,0,0,0,0,0,0,0,0,0,0,0,0,0,0,0,0,0,0,0,0,0,0,0,0,0,0,0,0,0,0,0,0,0,0,0,0,0,0,0,0,0,0,0,0,0,0,0,0,0,0,0,0,0,0,0,0,0,0,0,0,0,0,0,0,0,0,0,0,0,0,0,0,0,0,0,0,0,0,0,0,0,0,0,0,0,0,0,0,0,0,0,0,0,0,0,0,0,0,0,0,0,0,0,0,0,0,0,0,0,0,0,0,0,0,0,0,3.298,3.298,0,0,0,0,0,0,0,0,0,0,0,0,0,0,0,0,0,0,0,0,0,0,0,0,0,0,0,0,0,0,0,0,0,0,0,0,0,0,0,0,0,0,0,0,0,0,0,0,0,0,0,0,0,0,0,0,0,0,0,0,0,0,0,0,0,0,0,0,0,0,0,0,0,0,0,0,0,0,0,0,0,0,0,0,0,0,0,0,0,0,0,0,0,0,0,0,0,0,0,0,0,0,0,0,0,0,0,0,0,0,0,0,0,0,0,0,0,0,0,0,0,0,0,0,0,0,0,0,0,0,0,0,0,0,0,0,0,0,0,0,0,0,0,0,0,0,0,0,0,0,0,0,0,0,0,0,0,0,0,0,0,0,0,0,0,0,0,0,0,0,0,0,0,0,0,0,0,0,0,0,0,0,0,0,0,0,2.787,2.787,0,0,0,0,0,0,0,0,0,0,0,0,0,0,0,0,0,0,0,0,0,0,0,0,0,0,0,0,0,0,0,0,0,0,0,0,0,0,0,0,0,0,0,0,0,0,0,0,0,0,0,0,0,0,0,0,0,0,0,0,0,0,0,0,0,0,0,0,0,0,0,0,0,0,0,0,0,0,0,0,0,0,0,0,0,0,0,0,0,0,0,0,0,0,0,0,0,0,0,0,0,0,0,0,0,0,0,0,0,0,0,0,0,0,0,0,0,0,0,0,0,0,0,0,0,0,0,0,0,0,0,0,0,0,0,0,0,0,0,0,0,0,0,0,0,0,0,0,0,0,0,0,0,0,0,0,0,0,0,0,0,0,0,0,0,0,0,0,0,0,0,0,0,0,0,0,0,0,0,0,0,0,0,0,0,0,0,0,0,0,0,0,0,0,0,0,0,0,0,0,0,0,0,0,0,0,0,0,0,0,0,0,0,0,0,0,0,0,0,0,0,0,0,0,0,0,0,0,0,0,0,0,0,0,0,0,0,0,0,0,0,0,0,0,0,0,0,0,0,0,0,0,0,0,0,0,0,0,0,0,0,0,0,0,0,0,0,0,0,0,0,0,0,0,0,0,0,0,0,0,0,0,0,0,2.76,2.76,0,0,0,0,0,0,0,0,0,0,0,0,0,0,0,0,0,0,0,0,0,0,0,0,0,0,0,0,0,0,0,0,0,0,0,0,0,0,0,0,0,0,0,0,0,0,0,0,0,0,0,0,0,0,0,0,0,0,0,0,0,0,2.824,2.824,0,0,0,0,0,0,0,0,0,0,0,0,0,0,0,0,0,0,0,0,0,0,0,0,0,0,0,0,0,0,0,0,0,0,0,0,0,0,0,0,0,0,0,0,0,0,0,0,0,0,0,0,0,0,0,0,0,0,0,0,0,0,0,0,0,0,0,0,0,0,0,0,0,0,0,0,0,0,0,0,0,0,0,0,0,0,0,0,0,0,0,0,0,0,0,0,0,0,0,0,0,0,0,0,0,0,0,0,0,0,0,0,0,0,0,0,0,0,0,0,0,0,0,0,0,0,0,0,0,0,0,0,0,0,0,0,0,0,0,0,0,0,0,0,0,0,0,0,0,0,0,0,0,0,0,0,0,0
LivingRoomPatioLights_Re,0,0,0,0,0,0,0,0,0,0,0,0,5.066,5.066,5.12,5.12,0,0,0,0,0,0,0,0,0,0,0,0,0,0,0,2.793,2.793,0,0,0,0,0,0,0,0,0,0,0,0,0,0,0,0,0,0,3.841,3.841,0,0,0,0,0,0,0,0,0,3.151,3.151,0,0,0,0,0,0,0,0,0,0,0,0,3.836,3.836,0,0,0,0,0,0,0,0,0,0,0,0,3.705,3.705,0,0,0,0,0,0,0,0,0,0,0,0,0,0,0,0,0,0,0,4.779,4.779,0,0,0,0,0,0,0,0,0,0,4.768,4.768,4.768,0,0,0,0,0,0,0,0,0,0,0,0,0,0,0,0,0,0,0,0,0,0,0,0,0,0,0,3.788,3.788,0,0,0,0,0,0,0,0,0,0,0,0,0,0,0,0,0,0,0,0,0,0,0,0,0,0,0,0,0,0,0,0,0,0,0,0,0,0,0,0,0,0,0,0,0,0,0,0,0,0,0,0,0,0,0,0,0,0,0,0,0,0,0,0,0,0,0,0,0,0,0,0,0,0,0,0,0,0,0,0,0,0,0,0,0,0,0,0,0,0,5.971,4.806,0,0,0,0,0,0,0,0,0,0,0,0,0,0,0,2.717,3.72,0,0,0,0,0,0,0,0,0,0,0,0,0,0,0,3.646,3.646,0,3.683,3.683,0,0,0,0,3.89,3.89,0,0,0,0,0,0,0,0,0,0,0,0,0,0,0,0,0,0,0,5.656,4.582,0,0,0,0,0,3.647,3.647,0,0,0,0,0,0,0,0,0,0,0,0,0,0,0,0,0,0,0,0,0,0,0,0,0,0,0,0,0,0,0,0,0,0,0,0,0,0,4.966,4.966,0,0,0,0,0,0,0,0,0,0,0,0,0,0,0,0,0,0,0,0,0,0,0,0,0,0,0,0,0,0,0,0,0,0,0,0,0,0,0,0,0,0,0,0,0,0,0,0,0,0,0,0,0,0,0,0,0,0,0,0,0,0,0,0,0,0,0,0,0,0,0,0,0,0,0,0,4.869,4.869,0,0,0,0,0,0,0,0,0,0,0,0,0,0,3.678,3.678,0,0,0,0,0,0,0,0,0,0,0,0,0,0,0,0,0,0,0,0,0,0,0,0,0,0,0,0,0,0,0,0,0,0,0,0,0,0,0,0,0,0,0,0,0,0,3.813,3.813,0,0,0,0,0,0,0,0,0,0,0,0,0,0,0,0,0,0,0,0,0,0,0,0,0,0,0,0,0,0,0,0,0,0,0,0,0,0,0,0,0,0,0,0,0,0,0,0,0,0,0,0,0,0,0,0,0,0,0,0,0,0,0,0,0,0,0,0,0,0,0,0,0,0,0,0,0,0,0,0,0,0,0,0,0,0,0,0,0,0,0,0,0,0,0,0,0,0,0,0,0,0,0,0,0,0,0,0,0,0,0,0,0,0,0,0,0,0,0,0,0,0,0,0,0,0,0,0,0,0,0,0,0,0,0,0,0,0,0,0,0,0,3.96,3.96,0,0,0,0,0,0,0,0,0,0,0,0,0,0,0,0,0,0,0,0,0,0,0,0,0,0,0,0,0,0,0,0,0,0,0,0,0,0,0,0,0,0,0,0,0,0,0,0,0,3.843,5.83,0,0,0,0,0,0,0,0,0,0,0,0,0,0,0,0,0,0,0,0,0,0,0,0,0,3.755,3.755,0,0,0,0,0,0,0,0,0,0,0,0,0,0,3.77,4.787,0,0,0,0,0,0,0,0,0,0,0,0,0,0,0,0,0,0,0,0,0,0,0,0,0,0,0,0,0,0,0,0,0,0,0,0,0,0,0,0,0,0,0,0,0,0,4.971,4.971,0,0,0,0,0,0,0,0,0,0,0,0,0,0,3.649,4.681,0,0,0,0,4.785,4.785,0,0,0,3.663,3.663,0,0,0,0,0,4.914,4.914,0,0,0,0,0,0,0,0,0,0,0,0,0,0,0,0,0,0,0,0,0,0,0,0,0,0,0,0,0,0,0,0,0,0,0,0,0,0,0,0,0,0,4.942,4.942,0,0,0,0,0,0,0,0,0,0,0,0,0,0,0,0,0,0,3.623,3.623,0,0,0,0,0,0,0,0,0,0,0,0,0,0,0,0,0,0,0,0,0,0,0,0,0,0,0,0,0,0,0,0,0,0,0,0,0,0,0,0,0,0,0,0,0,0,0,0,0,0,0,0,0,0,0,0,0,0,3.794,3.794,0,0,0,0,0,0,0,0,0,0,0,0,0,0,0,0
GuestBathHallLights_Re,0,0,0,0,0,0,0,0,0,0,0,0,6.139,6.192,7.592,5.726,0,0,0,0,0,0,0,0,0,0,0,0,0,0,0,0,0,0,5.899,5.899,0,0,0,0,0,0,0,0,0,0,0,0,0,0,0,0,0,0,0,0,0,0,0,0,0,0,0,0,0,0,0,0,0,0,0,0,0,0,0,0,0,0,0,0,0,0,0,0,0,0,0,0,0,0,0,0,0,0,0,0,0,0,0,0,0,0,0,0,0,0,0,0,0,0,0,0,0,0,0,0,0,0,0,0,0,0,0,0,0,0,0,0,0,0,0,0,0,0,0,0,0,0,0,0,0,0,0,0,0,0,0,0,0,0,0,0,0,0,0,0,0,0,0,0,0,0,0,0,0,0,0,0,0,0,0,0,0,0,0,0,0,0,0,0,0,0,0,0,0,0,0,0,0,0,0,0,0,0,0,0,0,0,0,0,0,0,0,0,0,0,0,0,0,0,0,0,0,0,0,7.257,6.709,5.706,0,0,0,0,0,0,0,0,0,0,0,0,0,0,0,0,0,0,0,0,6.068,6.068,0,0,0,0,0,0,0,0,0,0,0,0,0,0,0,0,0,0,0,0,0,0,0,0,0,0,0,0,0,0,0,0,0,0,0,0,0,0,0,0,0,0,0,0,0,0,0,0,0,0,0,0,5.719,5.719,0,0,0,0,0,0,0,0,0,0,0,0,0,0,0,0,0,0,0,0,0,0,0,0,0,0,0,0,0,0,0,0,0,0,0,0,0,0,0,0,0,0,0,0,0,0,6.948,6.948,0,0,0,0,0,0,0,0,0,0,0,0,0,0,0,0,0,0,0,0,0,0,0,0,0,0,0,0,0,0,0,0,0,6.546,5.496,6.478,6.478,5.479,0,0,0,0,0,6.553,6.553,0,0,0,0,0,0,0,0,0,0,0,0,0,0,0,0,0,0,0,0,0,0,0,0,0,0,0,0,0,6.93,6.93,0,0,0,0,0,6.683,6.683,0,0,0,0,0,0,0,0,0,6.569,5.532,0,0,0,0,0,0,0,0,0,0,0,0,0,0,0,0,0,0,0,0,0,0,0,0,0,0,0,0,0,0,0,0,0,0,0,0,0,0,0,0,0,0,0,0,0,0,0,0,0,0,0,0,0,0,0,0,0,0,0,6.566,6.566,0,0,0,0,0,0,0,0,0,0,0,0,0,0,0,0,0,0,0,0,0,0,0,0,0,0,0,5.662,5.61,0,0,0,0,0,0,0,0,0,0,0,0,0,0,0,0,0,0,0,0,0,0,0,5.626,5.626,6.657,6.657,0,0,0,0,0,0,0,0,0,0,0,0,0,0,0,0,0,0,0,0,0,0,0,0,0,0,0,0,0,0,0,0,0,0,0,0,0,0,0,6.816,5.555,0,0,0,0,0,0,5.7,5.7,0,0,0,0,0,0,0,0,0,0,0,0,0,0,0,0,0,0,0,0,0,0,0,0,0,0,0,0,0,0,0,0,0,0,0,0,0,0,0,0,0,0,0,0,0,0,0,0,0,0,0,7.335,6.162,0,0,0,0,0,0,0,0,0,6.698,6.698,5.721,0,0,0,0,0,6.745,5.697,6.73,6.73,0,0,0,0,0,6.747,6.747,0,0,0,0,0,0,0,0,0,0,0,0,7.091,5.758,6.846,5.795,0,0,0,0,0,0,0,0,5.737,5.737,0,0,0,0,0,0,0,0,0,0,0,0,0,5.782,5.782,0,0,0,0,0,0,0,0,0,0,0,0,0,0,0,6.87,5.774,0,0,0,0,0,0,0,0,0,0,0,0,0,0,0,0,0,0,0,0,0,0,0,0,0,0,0,0,0,0,0,0,0,0,0,0,0,0,0,0,0,0,0,0,0,0,0,0,0,0,0,0,0,0,0,0,0,0,0,0,0,0,0,0,0,0,0,0,0,0,0,0,0,0,0,0,0,0,0,0,0,0,0,0,0,0,0,0,0,0,0,0,0,0,0,0,0,0,0,0,0,0,0,0,0,0,0,0,0,0,0,0,0,0,0,0,0,0,0,0,0,0,0,0,0,0,0,0,0,0,0,0,0,0,5.683,5.683,0,0,0,6.669,5.663,5.717,0,0,0,0,0,0,6.073,6.073,6.726,5.599,0,0,0,0,0,0,0,0,0,0,0,5.728,5.728,0,0,0,0,0,0,5.677,5.677,0,0,0,0,0,0,0,0,0,0,0,0,0,0,0,0,0,0,0,0,0,0,0,0,0,0,0,0,0,0,0,0,0,0,0,0,0,0,0,0,0,0,0,0,0,0
DiningRoomOutlets_Re,14.601,14.601,0,0,0,0,14.391,14.391,0,0,14.318,14.318,14.087,15.559,15.377,14.374,14.374,0,0,15.512,14.479,0,15.53,15.53,0,0,0,0,0,0,15.447,14.396,0,15.438,15.438,0,0,0,0,0,0,15.527,15.527,14.154,0,0,15.293,15.224,0,0,0,0,0,0,0,0,0,0,14.19,14.19,0,0,0,13.364,13.364,13.522,13.522,0,0,0,0,0,0,0,0,0,14.979,14.649,14.399,13.242,14.287,13.133,0,0,14.378,14.378,0,0,0,0,0,15.121,13.446,0,14.492,13.171,13.318,0,0,13.307,13.307,14.331,13.282,0,0,0,13.264,13.264,0,0,0,0,0,0,13.158,13.158,14.511,14.511,13.248,0,0,0,13.202,13.202,0,0,0,0,0,14.369,13.367,13.228,13.215,14.744,0,0,14.293,13.214,13.595,13.237,13.5,0,0,14.315,13.149,13.191,13.191,14.873,13.552,13.284,14.359,13.246,0,0,0,14.448,13.18,0,0,0,14.111,14.34,14.34,14.368,14.368,13.263,13.263,13.216,0,0,0,0,14.775,13.109,0,0,0,13.397,14.658,14.658,0,0,14.8,14.8,0,0,0,0,0,0,0,0,0,13.096,13.096,14.448,13.271,13.271,0,13.168,13.168,0,0,0,0,0,0,14.519,14.721,0,14.625,14.625,13.292,0,0,13.133,15.034,13.209,0,0,0,0,0,0,0,0,0,14.613,14.613,13.284,13.125,14.213,0,0,0,0,13.207,13.207,13.147,13.111,14.24,13.404,0,0,0,14.545,14.903,14.903,14.298,14.298,14.279,14.681,13.273,14.328,13.143,13.143,0,0,0,0,13.366,13.517,13.162,13.162,14.256,14.256,13.246,13.246,0,0,0,0,0,13.1,13.1,0,14.786,13.239,13.102,13.213,0,0,13.069,13.101,0,0,0,13.175,13.277,0,0,0,14.846,14.465,13.209,13.209,0,0,14.337,13.295,13.232,13.232,0,0,0,0,0,0,0,13.255,14.764,0,14.199,14.199,0,0,15.19,13.21,13.241,14.342,13.137,13.19,13.19,0,0,0,14.249,14.249,0,0,0,0,13.211,14.192,0,14.35,14.35,0,0,13.225,13.251,14.359,13.229,13.229,14.253,14.58,13.212,13.212,13.126,0,13.236,13.236,14.139,14.139,14.391,13.164,14.993,13.976,0,14.477,14.248,13.206,0,0,14.242,13.139,13.638,14.687,0,14.253,14.253,0,0,0,0,14.447,14.656,13.579,13.468,13.535,0,0,0,0,14.342,13.3,13.294,13.262,13.262,13.577,13.124,0,0,0,14.572,14.368,14.368,13.279,13.279,0,14.343,14.263,14.263,0,0,0,0,0,0,0,0,0,0,0,0,0,14.507,14.272,14.272,0,0,0,0,13.333,13.225,0,13.44,13.44,0,0,0,13.391,13.391,0,13.319,13.344,13.26,14.693,14.622,13.295,0,0,14.564,14.564,0,14.504,13.238,0,0,0,0,14.511,13.074,0,0,13.384,13.384,0,0,0,14.645,14.334,13.384,14.382,13.331,14.43,13.255,0,13.487,13.487,0,0,0,0,14.698,14.338,0,0,13.189,13.189,13.272,13.272,0,13.291,13.291,0,14.333,14.333,14.544,14.377,14.377,0,0,0,13.383,13.385,13.39,0,0,14.468,13.183,0,14.52,13.533,0,0,14.359,13.741,13.282,13.289,13.317,13.317,0,0,0,0,14.26,14.26,0,0,0,14.207,13.145,0,13.355,14.647,0,0,0,0,0,14.649,14.649,0,0,0,13.321,13.321,14.492,13.302,0,14.436,13.467,13.467,0,0,0,0,14.443,14.443,14.517,14.254,14.254,13.247,0,14.403,13.281,0,14.34,13.321,13.25,0,14.358,14.358,0,0,0,0,0,0,0,0,14.89,13.268,13.324,13.324,0,13.333,14.484,0,0,0,0,0,0,0,13.367,13.367,0,0,13.312,13.343,13.318,13.256,13.256,0,0,14.612,13.351,0,0,0,0,0,0,14.269,14.636,13.255,0,0,0,0,0,0,0,13.501,14.325,0,0,0,0,14.498,14.498,0,14.442,13.513,14.515,14.63,0,14.652,13.416,0,0,0,14.405,14.405,14.713,14.523,13.479,13.315,13.315,0,13.369,13.369,13.321,14.321,14.321,14.494,0,14.336,14.336,14.712,14.712,13.261,13.261,0,0,14.553,14.553,14.445,14.445,14.524,13.311,14.426,14.426,13.406,13.406,0,0,0,13.453,14.4,13.362,13.362,13.426,13.426,14.812,13.35,0,0,13.399,14.594,13.378,14.485,13.453,13.384,13.384,0,14.512,13.346,14.605,14.462,14.462,13.378,14.549,14.609,14.609,13.384,0,0,13.333,13.333,14.258,14.258,14.683,13.534,13.484,13.84,13.469,14.406,0,13.374,13.374,0,0,0,0,0,0,0,13.637,13.637,14.919,13.526,13.383,13.383,0,0,14.66,14.66,0,0,13.35,13.35,14.732,0,14.471,13.446,0,13.277,13.277,0,14.203,14.203,0,0,0,0,0,0,0,0,0,0,0,0,0,0,0,0,0,13.321,13.321,13.164,14.584,14.584,0,14.442,14.439,0,0,0,0,14.487,13.353,0,14.993,14.993,0,0,0,0,0,0,0,0,0,0,0,14.643,14.643,13.223,14.434,0,0,0,0,0,13.508,13.508,0,14.469,14.34,14.251,14.251,14.37,14.37,0,0,0,14.379,14.379,14.296,0,0,0,14.817,14.268,14.268,0,14.44,13.313,14.458,14.897,13.481,14.317,13.324,13.238,0,0,0,0,0,14.427,14.427,0,0,0,14.372,14.372,13.401,0,0,14.259,13.228,14.549,14.549,0,0,0,13.319,14.478,14.837,13.411,0,0,0,13.393,13.393,13.421,13.421,0,0,0,0,13.518,13.518,13.249,13.275,0,0,14.506,14.347,13.273,0,13.356,13.234,0,0,14.385,13.519,13.236,0,0,13.288,13.288,0,0,0,13.193,13.193,14.382,13.332,13.312,13.312,0,13.503,13.503,13.23,13.23,0,14.301,14.301,0,0,13.307,13.307,0,0,13.315,13.315,13.515,14.327,14.277,0,0,0,0,0,0,14.493,14.463,0,0,0,0,0,0,0,14.391,14.391,0,0,0,0,0,15.095,15.095,0,0,13.343,13.312,13.433,13.433,13.4,0,0,0,0,0,0,0,0,0,0,0,13.555,13.555,14.464,14.464
OutsideOutlets_Re,0,0,0,0,0,0,0,0,0,0,0,0,0.624,0.624,0,0,0,0,0,0,0,0,0,0,0,0,0,0,0,0,0,2.631,1.594,0,0,0,0,0,0,0,0,0,0,0,0,0,0,0,0,0,0,0,0,0,0,0,0,0,0,0,0,0,0,0,0,0,0,0,0,0,0,0,0,0,0,0,0,0,0,0,0,0,0,0,0,0,0,0,0,0,0,0,0,0,0,0,0,0,0,0,0,0,0,0,0,0,0,0,0,0,0,0,0,0,0,0,0,0,0,0,0,0,0,0,0,0,0,0,0,0,0,0,0,0,0,0,0,0,0,0,0,0,0,0,0,0,0,0,0,0,0,0,0,0,0,0,0,0,0,0,0,0,0,0,0,0,0,0,0,0,0,0,0,0,0,0,0,0,0,0,0,0,0,0,0,0,0,0,0,0,0,0,0,0,0,0,0,0,0,0,0,0,0,0,0,0,0,0,0,0,0,0,0,0,0,0,0,0,0,0,0,0,0,0,0,0,0,0,0,0,0,0,0,0,0,0,0,0,0,0,0,0,0,0,0,0,0,0,0,0,0,0,0,0,0,0,0,0,0,0,0,0,2.569,1.558,0,0,0,0,0,0,0,0,0,0,0,0,0,0,0,0,0,0,0,0,0,0,0,0,0,0,0,0,0,0,0,0,0,0,0,0,0,0,0,0,0,0,0,0,0,0,0,0,0,0,0,0,0,0,0,0,0,0,0,0,0,0,0,0,0,0,0,0,0,0,0,0,0,0,0,0,0,0,0,0,0,0,0,0,0,0,0,0,0,0,0,0,0,0,0,0,0,0,0,0,0,0,0,0,0,0,0,0,0,0,0,0,0,0,0,0,0,0,0,0,0,0,0,0,0,0,0,0,0,0,0,0,0,0,0,0,0,0,1.705,0.631,0,0,0,0,0,0,0,0,0,0,0,0,0,0,0,0,0,0,0,0,0,0,0,0,0,0,0,0,0,0,0,0,0,0,0,0,0,0,0,0,0,0,0,0,0,0,1.82,0.576,0,0,0,0,0,0,0,0,0,0,0,0,0,0,0,0,0,0,0,0,0,0,0,0,0,0,0,0,0,0,0,0,0,0,0,0,0,0,0,0,0,0,0,0,0,0,1.745,0.546,0,0,0,0,0,0,0,0,0,0,0,0,0,0,0,0,0,0,0,0,0,0,0,0,0,0,0,0,0,0,0,0,0,0,0,0,0,0,0,0,0,0,0,0,0,0,0,0,0,0,0,0,0,0,0,0,0,0,0,0,0,0,0,0,0,0,0,0,0,0,0,0,0,0,0,0,0,0,0,0,0,0,0,0,0,0,0,0,0,0,0,0,0,0,0,0,0,0,0,0,0,0,0,0,0,0,0,0,0,0,0,0,0,0,0,0,0,0,0,0,0,0,0,0,0,0,0,0,0,0,0,0,0,0,0,0,0,0,0,0,0,0,1.564,1.564,0,0,0,0,0,0,0,0,0,0,0,0,0,0,0,0,0,0,0,0,0,0,0,0,0,0,0,0,0,0,0,0,0,0,0,0,0,0,0,0,0,0,0,0,0,0,0,0,0,1.747,0.671,0,0,0,0,0,0,0,0,0,0,0,0,0,0,0,0,0,0,0,0,0,0,0,0,0,0,0,0,0,0,0,0,0,0,0,0,0,0,0,0,0,1.817,0.696,0,0,0,0,0,0,0,0,0,0,0,0,0,0,0,0,0,0,0,0,0,0,0,0,0,0,0,0,0,0,0,0,0,0,0,0,0,0,0,0,1.738,0.662,0,0,0,0,0,0,0,0,0,0,0,0,0,0,0,0,0,0,0,0,1.874,0.763,0,0,0,0,0,0,0,0,0,0,0,0,0,0,0,0,0,0,0,0,0,0,0,0,0,0,0,0,0,0,0,0,0,0,0,0,0,0,0,0,0,0,0,0,0,0,0,0,0,0,0,0,0,0,0,0,0,0,0,0,0,0,0,0,0,0,0,0,0,0,0,0,0,0,0,0,0,0,0,0,0,0,0,0,0,0,0,0,0,0,0,0,0,0,0,0,0,0,0,0,0,0,0,0,0,0,0,0,0,0,0,0,0,0,0,0,0,0,0,0,0,0,0,0,0,0,0,0,0,0,0,0,0,0,0,0,0,0,0,0,1.759,0.663,0,0,0,0,0,0,0,0,0,0,0,0,0,0,0,0
CellarLights_Re,0,0,0,0,0,0,0,0,0,0,0,0,-0.176,-0.176,0,0,0,0,0,0,0,0,0,0,0,0,0,0,0,0,0,0,0,0,0,0,0,0,0,0,0,0,0,0,0,0,0,0,0,0,0,0,0,0,0,0,0,0,0,0,0,0,0,0,0,0,0,0,0,0,0,0,0,0,0,0,0,0,0,0,0,0,0,0,0,0,0,0,0,0,0,0,0,0,0,0,0,0,0,0,0,0,0,0,0,0,0,0,0,0,0,0,0,0,0,0,0,0,0,0,0,0,0,0,0,0,0,0,0,0,0,0,0,0,0,0,0,0,0,0,0,0,0,0,0,0,0,0,0,0,0,0,0,0,0,0,0,0,0,0,0,0,0,0,0,0,0,0,0,0,0,0,0,0,0,0,0,0,0,0,0,0,0,0,0,0,0,0,0,0,0,0,0,0,0,0,0,0,0,0,0,0,0,0,0,0,0,0,0,0,0,0,0,0,0,0,0,0,0,0,0,0,0,0,0,0,0,0,0,0,0,0,0,0,0,0,0,0,0,0,0,0,0,0,0,0,0,0,0,0,0,0,0,0,0,0,0,0,0,0,0,0,0,0,0,0,0,0,0,0,0,0,0,0,0,0,0,0,0,0,0,0,0,0,0,0,0,0,0,0,0,0,0,0,0,0,0,0,0,0,0,0,0,0,0,0,0,0,0,0,0,0,0,0,0,0,0,0,0,0,0,0,0,0,0,0,0,0,0,0,0,0,0,0,0,0,0,0,0,0,0,0,0,0,0,0,0,0,0,0,0,0,0,0,0,0,0,0,0,0,0,0,0,0,0,0,0,0,0,0,0,0,0,0,0,0,0,0,0,0,0,0,0,0,0,0,0,0,0,0,0,0,0,0,0,0,0,0,0,0,0,0,0,0,0,0,0,0,0,0,0,0,0,0,0,0,0,0,0,0,0,0,0,0,0,0,0,0,0,0,0,0,0,0,0,0,0,0,0,0,0,0,0,0,0,0,0,0,0,0,0,0,0,0,0,0,0,0,0,0,0,0,0,0,0,0,0,0,0,0,0,0,0,0,0,0,0,0,0,0,0,0,0,0,0,0,0,0,0,0,0,0,0,0,0,0,0,0,0,0,0,0,0,0,0,0,0,0,0,0,0,0,0,0,0,0,0,0,0,0,0,0,0,0,0,0,0,0,0,0,0,0,0,0,0,0,0,0,0,0,0,0,0,0,0,0,0,0,0,0,0,0,0,0,0,0,0,0,0,0,0,0,0,0,0,0,0,0,0,0,0,0,0,0,0,0,0,0,0,0,0,0,0,0,0,0,0,0,0,0,0,0,0,0,0,0,0,0,0,0,0,0,0,0,0,0,0,0,0,0,0,0,0,0,0,0,0,0,0,0,0,0,0,0,0,0,0,0,0,0,0,0,0,0,0,0,0,0,0,0,0,0,0,0,0,0,0,0,0,0,0,0,0,0,0,0,0,0,0,0,0,0,0,0,0,0,0,0,0,0,0,0,0,0,0,0,0,0,0,0,0,0,0,0,0,0,0,0,0,0,0,0,0,0,0,0,0,0,0,0,0,0,0,0,0,0,0,0,0,0,0,0,0,0,0,0,0,0,0,0,0,0,0,0,0,0,0,0,0,0,0,0,0,0,0,0,0,0,0,0,0,0,0,0,0,0,0,0,0,0,0,0,0,0,0,0,0,0,0,0,0,0,0,0,0,0,0,0,0,0,0,0,0,0,0,0,0,0,0,0,0,0,0,0,0,0,0,0,0,0,0,0,0,0,0,0,0,0,0,0,0,0,0,0,0,0,0,0,0,0,0,0,0,0,0,0,0,0,0,0,0,0,0,0,0,0,0,0,0,0,0,0,0,0,0,0,0,0,0,0,0,0,0,0,0,0,0,0,0,0,0,0,0,0,0,0,0,0,0,0,0,0,0,0,0,0,0,0,0,0,0,0,0,0,0,0,0,0,0,0,0,0,0,0,0,0,0,0,0,0,0,0,0,0,0,0,0,0,0,0,0,0,0,0,0,0,0,0,0,0,0,0,0,0,0,0,0,0,0,0,0,0,0,0,0,0,0,0,0,0,0,0,0,0,0,0,0,0,0,0,0,0,0,0,0,0,0,0,0,0,0,0,0,0,0,0,0,0,0,0
FurnaceHRV_Re,0,0,518.228,490.617,490.617,489.528,489.528,491.2,491.2,0,101.539,20.687,516.458,53.216,85.143,514.336,511.546,511.546,0,516.802,598.273,483.683,91.957,20.966,485.705,472.065,476.267,479.321,0,0,229.339,20.713,491.908,480.825,0,342.165,21.165,391.055,474.699,21.24,51.853,472.176,477.793,477.496,480.974,20.732,522.191,469.042,510.023,0,0,104.036,53.019,543.7,507.873,511.074,509.702,512.431,0,0,0,514.247,480.907,20.406,477.055,208.387,20.284,443.662,463.246,0,0,238.524,82.201,470.868,0,474.432,319.712,19.907,472.985,209.899,20.313,81.027,466.619,465.448,538.932,474.689,20.375,476.408,513.909,505.507,493.47,53.049,513.208,497.145,502.497,504.29,506.616,0,479.393,52.344,516.993,504.47,505.182,472.727,0,274.612,75.92,476.826,472.535,473.613,20.34,79.648,472.433,287.914,20.21,79.814,460.165,0,61.353,20.112,470.652,466.655,260.531,20.047,507.722,467.333,419.192,20.144,514.506,460.936,501.877,52.992,511.614,498.02,0,0,0,264.349,52.335,82.956,506.707,508.158,504.947,78.573,20.758,473.561,429.282,44.708,463.681,0,472.65,19.783,50.573,464.174,19.732,495.199,459.835,465.882,0,102.341,80.82,465.399,154.782,28.7,460.492,462.473,474.049,227.109,40.596,469.371,20.205,111.769,497.357,0,245.773,52.131,54.871,496.142,497.428,94.676,51.968,516.585,500.243,0,489.177,115.31,52.239,473.286,466.577,473.517,20.336,56.892,464.605,20.163,420.788,460.443,20.161,77.27,456.655,19.946,61.963,459.253,19.877,432.775,455.347,442.284,19.778,480.905,461.843,352.89,22.461,461.037,494.428,494.428,51.94,52.25,501.373,501.017,502.723,51.94,71.01,504.721,502.845,502.845,51.781,79.957,471.68,20.46,29.496,458.692,20.537,73.766,462.511,464.031,49.877,68.395,461.636,465.131,56.26,461.06,461.025,36.78,459.161,258.138,19.983,461.33,457.984,19.792,68.173,457.161,19.564,51.853,455.28,497.152,70.076,492.706,490.723,495.993,51.868,73.812,496.917,323.96,54.329,500.688,497.537,502.587,505.063,20.638,46.774,463.08,223.217,33.664,464.124,225.262,78.856,460.345,462.688,20.157,477.399,457.052,20.262,468.372,158.23,20.335,474.486,458.945,20.378,476.835,455.199,20.268,481.869,458.986,29.028,456.597,491.744,52.406,111.676,490.428,51.459,94.098,491.488,0,497.954,346.377,105.388,497.554,497.991,51.317,67.35,458.856,137.278,20.178,500.113,462.975,20.281,43.61,460.889,20.38,24.441,458.96,20.243,496.348,455.962,43.031,456.659,20.215,82.33,457.749,20.345,60.267,456.045,20.257,40.147,452.937,32.583,55.708,488.697,51.917,97.968,488.638,52.033,81.731,487.831,51.706,63.832,489.618,490.116,151.291,47.674,463.344,471.273,339.994,26.595,466.296,294.515,19.984,20.547,460.941,55.563,68.814,461.703,406.791,48.383,457.581,20.312,25.527,462.487,20.415,67.56,457.287,20.275,358.564,206.536,20.272,489.476,670.981,659.502,663.689,669.492,671.146,660.926,52.342,548.288,366.578,90.046,497.116,498.921,507.432,507.432,20.636,75.947,476.285,0,152.924,77.112,473.42,197.491,54.792,463.747,473.046,473.046,19.975,506.022,470.457,20.3,41.432,467.044,454.852,25.514,463.071,461.088,473.609,20.071,31.372,474.088,475.852,516.504,52.271,72.246,501.669,504.61,512.022,512.022,512.616,513.346,512.944,514.469,515.235,514.884,514.366,491.315,485.609,485.28,0,125.332,20.043,54.152,473.709,0,0,233.004,19.833,75.898,476.291,0,0,125.6,27.425,469.065,469.065,558.021,480.884,20.197,45.515,475.951,475.412,425.948,56.174,509.926,503.815,0,511.474,512.517,0,516.756,516.756,0,519.507,518.413,0,505.263,489.073,487.179,0,0,0,487.346,487.171,487.752,487.752,487.4,488.312,489.879,0,489.042,489.042,0,0,0,0,485.49,485.49,487.005,487.005,486.819,487.75,486.088,485.211,520.872,519.262,517.565,549.788,519.147,519.114,519.114,518.969,519.402,519.402,521.172,519.558,521.102,520.115,489.081,0,0,0,0,0,0,488.095,489.431,0,0,487.478,488.705,0,0,489.931,489.931,0,0,0,489.607,489.607,0,0,0,0,535.874,522.053,520.101,521.609,521.609,521.649,546.92,520.295,521.053,520.94,0,521.264,521.665,520.879,520.879,489.526,0,0,0,0,491.727,491.727,0,0,0,0,491.218,491.072,490.145,491.349,491.208,491.208,287.863,71.929,483.49,480.362,0,488.36,489.77,488.554,489.979,488.449,525.339,519.496,521.022,0,520.366,520.115,521.301,519.201,518.349,518.349,520.466,0,0,523.31,490.548,0,490.709,520.949,488.831,488.831,0,0,0,491.722,491.722,492.783,0,0,490.918,490.521,490.212,490.212,173.942,21.017,505.73,489.14,0,0,0,0,500.63,523.969,523.441,521.628,521.628,522.979,523.317,520.526,521.547,521.43,0,520.212,521.289,0,491.786,491.786,489.181,0,488.5,488.5,490.206,489.885,488.901,491.315,490.581,491.749,490.26,489.848,491.518,489.063,490.043,490.385,0,436.032,20.93,29.457,489.76,0,0,0,488.433,423.471,58.841,519.527,511.607,517.349,518.542,519.237,521.251,521.251,523.74,523.851,523.221,525.352,524.569,504.121,493.899,493.433,491.556,491.556,545.999,491.019,490.273,489.32,489.377,489.377,488.938,488.938,489.631,490.885,0,488.834,488.834,494.158,491.466,491.366,21.164,71.693,484.498,0,488.47,488.47,257.16,70.114,520.631,513.234,516.106,520.688,522.017,524.962,526.255,526.765,526.765,524.518,0,0,512.794,493.417,492.595,491.958,493.886,21.559,60.138,480.554,0,487.04,487.04,0,491.536,489.665,491.096,0,0,0,0,0,493.563,490.583,0,0,272.514,21.053,35.619,495.13,519.18,519.18,518.662,0,522.897,522.897,521.606,522.083,521.273,521.273,522.768,521.299,521.883,520.474,492.226,0,0,442.127,39.016,478.934,492.617,485.641,485.641,489.315,488.634,20.48,60.931,480.334,484.83,484.83,487.483,0,0,0,488.492,486.145,20.624,35.164,487.645,0,535.13,515.84,514.656,515.831,515.892,599.916,516.199,516.744,516.744,0,515.937,515.937,0,0,490.634,485.759,490.121,486.142,486.142,0,486.736,20.702,80.291,485.507,0,0,0,486.744,20.737,493.743,478.531,478.531,135.298,20.572,67.752,479.5,484.886,484.886,0,0,485.638,527.309,520.077,519.107,519.107,0,520.003,520.003,519.87,519.87,521.609,521.609,522.16,520.566,521.548,521.772,489.013,489.013,317.904,57.451,487.666,483.033,20.911,48.485,481.685,0,0,0,0,0,168.531,20.947,51.061,480.055,481.882,486.563,487.392,489.938,83.666,483.579,0,0,535.242,516.334,0,518.557,518.557,0,0,517.261,517.261,517.633,517.633,0,0,515.814,515.814,485.144,469.929,70.128,478.308,0,482.564,482.564,404.753,20.171,519.42,484.418,483.38,483.38,484.039,485.114,485.114,488.676,485.924,20.724,491.113,477.969,477.969,483.308,483.308,0,486.061,20.6,84.074,510.101,511.484,513.99,0,0,0,517.966,517.693,517.693,0,516.11,516.941,509.543,485.216,485.216,380.691,20.78,59.895,483.054,0,482.555,31.18,20.31,494.857,474.947,0,483.107,483.107,0,416.329,20.359,73.697,477.764,485.355,482.826,656.105,656.493,654.271,653.24,666.035,678.306,521.948,0,0,520.8,520.8,520.355,519.934,0,0,0
CellarOutlets_Re,0,0,0,0,0,0,0,0,0,0,0,0,119.464,119.464,0,0,0,0,53.307,10.755,0,0,0,0,0,0,0,0,0,0,0,689.263,137.654,132.76,0,0,0,0,0,0,0,0,0,0,0,0,0,0,0,0,0,0,0,0,0,0,0,0,329.952,441.563,433.88,432.989,431.403,10.393,0,0,0,0,0,0,0,0,0,0,0,0,0,0,745.332,139.961,0,0,0,134.705,130.982,132.118,130.272,127.772,127.399,128.33,126.163,123.932,124.073,124.073,0,122.315,122.315,122.807,121.835,121.714,121.714,0,121.535,121.535,0,0,0,119.662,119.662,119.115,119.115,118.787,0,0,0,117.607,117.607,0,0,0,0,0,0,0,0,0,0,0,0,0,0,0,0,0,0,0,0,0,0,0,0,0,0,0,0,0,0,0,0,0,52.876,10.521,0,0,0,0,0,0,0,0,0,0,0,0,0,0,135.528,133.263,0,0,0,0,0,0,119.27,119.27,0,0,0,0,0,0,0,0,0,0,0,0,0,0,0,0,0,0,0,115.105,115.105,0,34.758,10.42,0,0,0,0,0,0,0,0,0,0,0,0,0,0,449.688,129.151,136.227,0,122.009,122.009,0,0,0,0,0,0,0,0,0,0,0,0,0,0,0,0,0,0,0,0,0,0,0,0,0,92.442,10.469,0,0,0,0,0,0,0,0,0,0,0,0,0,0,0,699.941,135.18,121.275,121.275,121.188,120.256,0,0,0,0,0,0,0,0,0,0,0,0,0,0,0,0,0,0,0,0,0,0,0,0,53.751,10.324,0,0,0,0,0,0,0,0,0,0,0,0,0,0,0,423.227,134.786,0,0,121.952,121.952,0,0,120.471,120.471,0,118.862,118.862,0,0,0,0,0,0,0,0,0,0,0,0,0,0,0,0,0,101.908,10.509,0,0,0,0,0,0,0,0,0,0,0,0,0,0,158.98,130.615,135.774,122.562,122.562,121.339,120.686,0,0,0,0,0,0,0,0,0,0,0,0,0,0,0,0,0,0,0,0,0,0,0,54.311,10.485,0,0,0,0,0,0,0,0,0,0,0,0,0,0,0,80.406,131.416,121.243,121.243,121.066,0,0,0,0,0,0,0,0,0,0,0,0,0,0,0,0,0,0,0,0,0,0,0,0,0,0,0,53.617,10.482,0,0,0,0,0,0,0,0,0,0,0,0,0,0,702.815,134.512,0,122.541,122.541,0,0,0,0,0,118.428,118.428,0,0,0,0,0,0,0,0,0,0,0,0,0,0,0,0,0,0,0,0,47.328,10.506,0,0,0,0,0,0,0,0,0,0,0,0,0,0,700.257,133.219,131.149,0,121.331,121.331,120.832,0,0,0,0,120.322,119.263,0,0,0,0,0,116.827,116.827,0,0,0,0,0,0,0,0,0,0,0,0,100.368,10.546,0,0,0,0,0,0,0,0,0,0,0,0,0,0,163.47,131.644,0,122.123,122.635,0,0,0,0,0,0,0,0,0,0,0,0,0,0,0,0,0,0,0,0,0,0,0,0,0,0,113.845,10.652,0,0,0,0,0,0,0,0,0,0,0,0,0,0,203.27,128.81,0,0,0,0,0,0,0,0,0,0,0,0,0,0,0,0,0,0,0,0,0,0,0,0,0,0,0,0,0,115.935,115.935,18,10.676,0,0,0,0,0,0,0,0,0,0,0,0,0,0,596.878,134.447,133.218,0,0,0,0,120.567,120.567,0,0,0,0,0,0,0,0,0,0,0,0,118.538,118.538,0,0,0,0,0,0,0,0,0,0,0,0,36.274,10.723,0,0,0,0,0,0,0,0,0,0,0,0,0,0,661.489,132.559,123.749,123.749,122.637,122.637,0,0,0,0,0,0,0,0,0,0,0,0,0,0,0,0,0,0,0,0,0,0,0,31.902,10.635,0,0,0,0,0,0,0,0,0,0,0,0,692.949,133.349,133.231,124.988,124.988,0,123.582,123.582,0,121.091,121.091,121.924,121.924,0,0,0,118.962,118.962,0,0,118.648,118.648,0,0,0,0,0,0,34.465,10.693,0,0,0,0,0,0,0,0,0,0,0,0,81.731,135.998,281.09,438.349,429.617,429.086,429.031,10.547,0,0,0,0,0,0,0,0,0,0,0,0,0,0,730.233,143.452,0,0,0,136.689,137.455,134.719,134.343,132.397,132.206,130.539,129.445,127.768,128.421,129.328,0,124.877,124.877,126.081,125.209,125.209,125.032,123.485,123.257,123.579,123.222,123.222,0,123.286,123.286,0,0,123.043,123.043,122.646,0,0,0,0,0,0,120.199,120.199,121.454,122.282,122.282,0,0,0,0,0,0,120.11,120.11,0,0,0,119.716,119.716,0,0,0,0,0,0,0,0,0,0,0,0,0,0,0,0,116.869,116.869,0,0,0,0,0,114.515,10.481,0,0,0,0,0,0,0,0,0,0,0,0,112.683,134.182,123.717,123.717,123.283,123.283,0,122.165,122.165,0,0,121.691,121.691,121.647,120.213,0,0,0,0,0,0,0,0,0,0,0,0,0,0,0,0,13.649,10.569,0,0,0,0,0,0,0,0,0,0,0,0,679.055,133.47,129.753,122.716,122.125,123.249,0,0,0,0,0,0,0,0,0,0,0,0
WashingMachine_Re,0,0,0,0,0,0,0,0,0,0,0,0,1.308,1.308,0,0,0,0,0,0,0,0,0,0,0,0,0,0,0,0,0,0,0,0,0,0,0,0,0,0,0,0,0,0,0,0,0,0,0,0,0,0,0,0,0,0,0,0,0,0,0,0,0,0,0,0,0,0,0,0,0,0,0,0,0,0,0,0,0,0,0,0,0,0,0,0,0,0,0,0,0,0,0,0,0,0,0,0,0,0,0,0,0,0,0,0,0,0,0,0,0,0,0,0,0,0,0,0,0,0,0,0,0,0,0,0,0,0,0,0,0,0,0,0,0,0,0,0,0,0,0,0,0,0,0,0,0,0,0,0,0,0,0,0,0,0,0,0,0,0,0,0,0,0,0,0,0,0,0,0,0,0,0,0,0,0,0,0,0,0,0,0,0,0,0,0,0,0,0,0,0,0,0,0,0,0,0,0,0,0,0,0,0,0,0,0,0,0,0,0,0,0,0,0,0,0,0,0,0,0,0,0,0,0,0,0,0,0,0,0,0,0,0,0,0,0,0,0,0,0,0,0,0,0,0,0,0,0,0,0,0,0,0,0,0,0,0,0,0,0,0,0,0,0,0,0,0,0,0,0,0,0,0,0,0,0,0,0,0,0,0,0,0,0,0,0,0,0,0,0,0,0,0,0,0,0,0,0,0,0,0,0,0,0,0,0,0,0,0,0,0,0,0,0,0,0,0,0,0,0,0,0,0,0,0,0,0,0,0,0,0,0,0,0,0,0,0,0,0,0,0,0,0,0,0,0,0,0,0,0,0,0,0,0,0,0,0,0,0,0,0,0,0,0,0,0,0,0,0,0,0,0,0,0,0,0,0,0,0,0,0,0,0,0,0,0,0,0,0,0,0,0,0,0,0,0,0,0,0,0,0,0,0,0,0,0,0,0,0,0,0,0,0,0,0,0,0,0,0,0,0,0,0,0,0,0,0,0,0,0,0,0,0,0,0,0,0,0,0,0,0,0,0,0,0,0,0,0,0,0,0,0,0,0,0,0,0,0,0,0,0,0,0,0,0,0,0,0,0,0,0,0,0,0,0,0,0,0,0,0,0,0,0,0,0,0,0,0,0,0,0,0,0,0,0,0,0,0,0,0,0,0,0,0,0,0,0,0,0,0,0,0,0,0,0,0,0,0,0,0,0,0,0,0,0,0,0,0,0,0,0,0,0,0,0,0,0,0,0,0,0,0,0,0,0,0,0,0,0,0,0,0,0,0,0,0,0,0,0,0,0,0,0,0,0,0,0,0,0,0,0,0,0,0,0,0,0,0,0,0,0,0,0,0,0,0,0,0,0,0,0,0,0,0,0,0,0,0,0,0,0,0,0,0,0,0,0,0,0,0,0,0,0,0,0,0,0,0,0,0,0,0,0,0,0,0,0,0,0,0,0,0,0,0,0,0,0,0,0,0,0,0,0,0,0,0,0,0,0,0,0,0,0,0,0,0,0,0,0,0,0,0,0,0,0,0,0,0,0,0,0,0,0,0,0,0,0,0,0,0,0,0,0,0,0,0,0,0,0,0,0,0,0,0,0,0,0,0,0,0,0,0,0,0,0,0,0,0,0,0,0,0,0,0,0,0,0,0,0,0,0,0,0,0,0,0,0,0,0,0,0,0,0,0,0,0,0,0,0,0,0,0,0,0,0,0,0,0,0,0,0,0,0,0,0,0,0,0,0,0,0,0,0,0,0,0,0,0,0,0,0,0,0,0,0,0,0,0,0,0,0,0,0,0,0,0,0,0,0,0,0,0,0,0,0,0,0,0,0,0,0,0,0,0,0,0,0,0,0,0,0,0,0,0,0,0,0,0,0,0,0,0,0,0,0,0,0,0,0,0,0,0,0,0,0,0,0,0,0,0,0,0,0,0,0,0,0,0,0,0,0,0,0,0,0,0,0,0,0,0,0,0,0,0,0,0,0,0,0,0,0,0,0,0,0,0,0,0,0,0,0,0,0,0,0,0,0,0,0,0,0,0,0,0,0,0,0,0,0,0,0,0,0,0,0,0,0,0,0,0,0,0,0,0,0,0,0,0,0,0,0,0,0,0,0,0,0,0,0,0,0,0,0,0,0,0,0,0,0,0,0,0,0,0,0,0,0,0,0,0,0,0,0,0,0,0,0,0,0,0
FridgeRange_Re,0,0,0,0,0,0,0,0,0,0,0,0,5.125,5.125,0,0,0,0,0,0,0,0,0,0,123.567,141.877,0,0,0,0,0,0,0,0,0,121.567,120.313,0,0,112.112,110.514,0,119.941,116.971,0,0,108.11,108.205,0,114.819,116.176,0,0,109.121,109.121,0,116.635,114.49,5.485,0,0,0,0,0,0,0,0,0,0,0,0,0,0,0,0,0,0,0,0,0,0,0,278.957,139.568,0,0,0,0,0,0,0,0,0,119.744,118.826,0,0,110.246,110.246,118.398,117.206,115.392,0,0,106.977,105.965,116.004,116.004,115.62,0,0,108.269,108.269,0,114.202,55.443,5.17,0,0,0,0,0,0,0,0,0,0,0,0,0,0,0,0,0,0,0,0,0,0,0,187.177,138.59,0,0,0,0,0,0,0,0,119.556,118.553,0,0,110.48,110.48,0,117.9,115.372,0,0,106.933,106.183,0,115.506,115.635,0,0,108.159,108.159,0,114.253,116.832,5.117,0,0,0,0,0,0,0,0,0,0,0,0,0,0,0,0,0,0,0,0,0,0,0,262.809,141.037,0,0,0,0,0,0,0,0,0,120.454,119.369,0,0,111.219,111.219,118.866,118.866,115.872,0,0,107.219,106.463,0,115.575,116.378,0,0,109.121,108.585,0,115.073,115.537,0,87.743,5.313,0,0,0,0,0,0,0,0,0,0,0,0,0,0,0,0,0,0,0,0,39.727,135.286,137.242,0,0,0,0,0,0,0,0,118.802,117.461,0,0,108.854,108.854,0,116.313,115.672,0,0,107.593,106.285,0,114.788,113.588,0,0,106.974,106.974,0,116.163,5.464,0,0,0,0,0,0,0,0,0,0,0,0,0,0,0,0,0,0,0,0,0,0,0,967.176,142.114,139.349,0,0,0,0,0,0,0,0,120.194,120.194,0,0,112.18,110.63,0,119.036,116.523,0,0,108.293,108.187,0,115.915,116.397,0,0,109.289,109.289,0,116.345,113.872,0,0,75.016,4.769,0,0,0,0,0,0,0,0,0,0,0,0,0,0,0,0,0,0,0,578.091,137.232,0,0,0,0,0,0,0,0,119.582,117.723,0,0,109.604,108.463,0,116.981,117.935,0,0,109.707,108.86,0,118.215,114.83,0,0,107.871,106.349,10.099,5.246,0,0,0,0,0,0,0,0,0,0,0,0,0,0,0,0,0,0,0,0,0,995.065,139.786,119.743,0,0,0,0,0,0,0,0,122.015,120.511,0,0,112.177,111.069,0,120.225,117.739,0,0,107.461,107.244,0,115.226,117.189,0,0,109.398,109.398,0,116.23,114.943,0,0,73.854,5.065,0,0,0,0,0,0,0,0,0,0,0,0,0,0,0,0,0,0,237.334,138.14,0,0,0,0,0,0,0,0,0,120.722,119.72,0,109.652,109.652,0,119.539,117.847,116.553,0,108.68,108.68,107.389,117.642,114.755,115.797,0,0,107.523,107.523,115.906,114.02,64.202,5.382,0,0,0,0,0,0,0,0,0,0,0,0,0,0,0,0,0,0,0,0,539.283,142.977,140.044,0,0,0,0,0,0,0,0,122.973,120.383,0,0,112.925,111.728,0,119.105,118.722,118.394,0,109.068,108.546,0,117.627,118.642,115.966,0,0,107.953,107.28,118.668,116.067,115.785,0,0,106.875,5.078,0,0,0,0,0,0,0,0,0,0,0,0,0,0,0,0,0,0,979.105,140.187,0,0,0,0,0,0,0,0,0,121.502,120.594,0,0,110.447,110.422,0,120.155,115.964,0,0,109.899,108.32,0,115.169,115.964,0,0,107.488,106.423,0,114.012,116.182,68.059,5.507,0,0,0,0,0,0,0,0,0,0,0,0,0,0,0,0,0,0,0,979.782,119.502,140.042,0,0,0,0,0,0,0,0,121.573,120.802,0,0,110.747,110.628,0,119.569,116.16,116.16,0,108.03,108.03,0,117.161,118.719,117.75,0,108.074,108.33,0,115.542,118.59,116.841,5.582,0,0,0,0,0,0,0,0,0,0,0,0,0,0,0,0,0,0,0,0,980.082,139.328,0,0,0,0,0,0,0,0,0,121.994,121.331,0,0,110.607,110.494,0,120.514,116.649,0,0,108.803,107.746,0,117.235,117.606,0,0,108.342,108.188,0,115.487,116.375,0,37.672,5.542,0,0,0,0,0,0,0,0,0,0,0,0,0,0,0,0,0,0,0,998.042,138.4,118.768,0,0,0,0,0,0,0,0,120.823,120.298,0,0,109.994,114.365,114.365,119.408,116.691,0,0,107.206,107.206,0,114.161,116.246,0,0,107.558,107.558,0,115.16,116.468,5.413,0,0,0,0,0,0,0,0,0,0,0,0,0,0,0,0,0,0,0,0,0,445.341,140.085,0,0,0,0,0,0,0,0,0,121.996,120.166,0,0,111.88,111.88,0,119.971,117.011,0,0,107.948,107.236,0,115.837,116.886,0,0,110.13,109.22,0,117.195,115.567,115.567,82.614,5.308,0,0,0,0,0,0,0,0,0,0,0,0,0,0,0,0,0,0,0,0,796.922,120.653,0,0,0,0,0,0,0,0,120.195,119.617,0,0,108.578,108.45,0,117.324,115.382,115.382,0,108.25,108.25,0,117.597,115.807,0,0,106.307,105.964,105.964,80.446,6.084,0,0,0,0,0,0,0,0,0,0,0,0,0,0,0,0,0,0,0,0,0,0,790.816,140.974,0,0,0,0,0,0,0,0,0,121.825,121.027,0,111.066,110.393,0,118.937,116.696,116.469,0,0,108.049,108.049,115.906,115.906,117.479,0,0,108.674,108.006,0,114.751,114.757,0,0
DisposalDishwasher_Re,0,0,0,0,0,0,0,0,0,0,0,0,4.96,4.96,0,0,0,0,0,0,0,0,0,0,0,0,0,0,0,0,0,0,0,0,0,0,0,0,0,0,0,0,0,0,0,0,0,0,0,0,0,0,0,0,0,0,0,0,0,0,0,0,0,0,0,0,0,0,0,0,0,0,0,0,0,0,0,0,0,0,0,0,0,0,0,0,0,0,0,0,0,0,0,0,0,0,0,0,0,0,0,0,0,0,0,0,0,0,0,0,0,0,0,0,0,0,0,0,0,0,0,0,0,0,0,0,0,0,0,0,0,0,0,0,0,0,0,0,0,0,0,0,0,0,0,0,0,0,0,0,0,0,0,0,0,0,0,0,0,0,0,0,0,0,0,0,0,0,0,0,0,0,0,0,0,0,0,0,0,0,0,0,0,0,0,0,0,0,0,0,0,0,0,0,0,0,0,0,0,0,0,0,0,0,0,0,0,0,0,0,0,0,0,0,0,0,0,0,0,0,0,0,0,0,0,0,0,0,0,0,0,0,0,0,0,0,0,0,0,0,0,0,0,0,0,0,0,0,0,0,0,0,0,0,0,0,0,0,0,0,0,0,0,0,0,0,0,0,0,0,0,0,0,0,0,0,0,0,0,0,0,0,0,0,0,0,0,0,0,0,0,0,0,0,0,0,0,0,0,0,0,0,0,0,0,0,0,0,0,0,0,0,0,0,0,0,0,0,0,0,0,0,0,0,0,0,0,0,0,0,0,0,0,0,0,0,0,0,0,0,0,0,0,0,0,0,0,0,0,0,0,0,0,0,0,0,0,0,0,0,0,0,0,0,0,0,0,0,0,0,0,0,0,0,0,0,0,0,0,0,0,0,0,0,0,0,0,0,0,0,0,0,0,0,0,0,0,0,0,0,0,0,0,0,0,0,0,0,0,0,0,0,0,0,0,0,0,0,0,0,0,0,0,0,0,0,0,0,0,0,0,0,0,0,0,0,0,0,0,0,0,0,0,0,0,0,0,0,0,0,0,0,0,0,0,0,0,0,0,0,0,0,0,0,0,0,0,0,0,0,0,0,0,0,0,0,0,0,0,0,0,0,0,0,0,0,0,0,0,0,0,0,0,0,0,0,0,0,0,0,0,0,0,0,0,0,0,0,0,0,0,0,0,0,0,0,0,0,0,0,0,0,0,0,0,0,0,0,0,0,0,0,0,0,0,0,0,0,0,0,0,0,0,0,0,0,0,0,0,0,0,0,0,0,0,0,0,0,0,0,0,0,0,0,0,0,0,0,0,0,0,0,0,0,0,0,0,0,0,0,0,0,0,0,0,0,0,0,0,0,0,0,0,0,0,0,0,0,0,0,0,0,0,0,0,0,0,0,0,0,0,0,0,0,0,0,0,0,0,0,0,0,0,0,0,0,0,0,0,0,0,0,0,0,0,0,0,0,0,0,0,0,0,0,0,0,0,0,0,0,0,0,0,0,0,0,0,0,0,0,0,0,0,0,0,0,0,0,0,0,0,0,0,0,0,0,0,0,0,0,0,0,0,0,0,0,0,0,0,0,0,0,0,0,0,0,0,0,0,0,0,0,0,0,0,0,0,0,0,0,0,0,0,0,0,0,0,0,0,0,0,0,0,0,0,0,0,0,0,0,0,0,0,0,0,0,0,0,0,0,0,0,0,0,0,0,0,0,0,0,0,0,0,0,0,0,0,0,0,0,0,0,0,0,0,0,0,0,0,0,0,0,0,0,0,0,0,0,0,0,0,0,0,0,0,0,0,0,0,0,0,0,0,0,0,0,0,0,0,0,0,0,0,0,0,0,0,0,0,0,0,0,0,0,0,0,0,0,0,0,0,0,0,0,0,0,0,0,0,0,0,0,0,0,0,0,0,0,0,0,0,0,0,0,0,0,0,0,0,0,0,0,0,0,0,0,0,0,0,0,0,0,0,0,0,0,0,0,0,0,0,0,0,0,0,0,0,0,0,0,0,0,0,0,0,0,0,0,0,0,0,0,0,0,0,0,0,0,0,0,0,0,0,0,0,0,0,0,0,0,0,0,0,0,0,0,0,0,0,0,0,0,0,0,0,0,0,0,0,0,0,0,0,0,0,0,0,0,0,0,0,0,0,0,0,0,0,0,0,0,0,0,0,0,0,0,0,0,0,0
Microwave_Re,0,0,0,0,0,0,0,0,0,0,0,0,3.437,3.437,0,0,0,0,0,0,0,0,0,0,0,0,0,0,0,0,0,0,0,0,0,0,0,0,0,0,0,0,0,0,0,0,0,0,0,0,0,0,0,0,0,0,0,0,0,0,0,0,0,0,0,0,0,0,0,0,0,0,0,0,0,0,0,0,0,0,0,0,0,0,0,0,0,0,0,0,0,0,0,0,0,0,0,0,0,0,0,0,0,0,0,0,0,0,0,0,0,0,0,0,0,0,0,0,0,0,0,0,0,0,0,0,0,0,0,0,0,0,0,0,0,0,0,0,0,0,0,0,0,0,0,0,0,0,0,0,0,0,0,0,0,0,0,0,0,0,0,0,0,0,0,0,0,0,0,0,0,0,0,0,0,0,0,0,0,0,0,0,0,0,0,0,0,0,0,0,0,0,0,0,0,0,0,0,0,0,0,0,0,0,0,0,0,0,0,0,0,0,0,0,0,0,0,0,0,0,0,0,0,0,0,0,0,0,0,0,0,0,0,0,0,0,0,0,0,0,0,0,0,0,0,0,0,0,0,0,0,0,0,0,0,0,0,0,0,0,0,0,0,0,0,0,0,0,0,0,0,0,0,0,0,0,0,0,0,0,0,0,0,0,0,0,0,0,0,0,0,0,0,0,0,0,0,0,0,0,0,0,0,0,0,0,0,0,0,0,0,0,0,0,0,0,0,0,0,0,0,0,0,0,0,0,0,0,0,0,0,0,0,0,0,0,0,0,0,0,0,0,0,0,0,0,0,0,0,0,0,0,0,0,0,0,0,0,0,0,0,0,0,0,0,0,0,0,0,0,0,0,0,0,0,0,0,0,0,0,0,0,0,0,0,0,0,0,0,0,0,0,0,0,0,0,0,0,0,0,0,0,0,0,0,0,0,0,0,0,0,0,0,0,0,0,0,0,0,0,0,0,0,0,0,0,0,0,0,0,0,0,0,0,0,0,0,0,0,0,0,0,0,0,0,0,0,0,0,0,0,0,0,0,0,0,0,0,0,0,0,0,0,0,0,0,0,0,0,0,0,0,0,0,0,0,0,0,0,0,0,0,0,0,0,0,0,0,0,0,0,0,0,0,0,0,0,0,0,0,0,0,0,0,0,0,0,0,0,0,0,0,0,0,0,0,0,0,0,0,0,0,0,0,0,0,0,0,0,0,0,0,0,0,0,0,0,0,0,0,0,0,0,0,0,0,0,0,0,0,0,0,0,0,0,0,0,0,0,0,0,0,0,0,0,0,0,0,0,0,0,0,0,0,0,0,0,0,0,0,0,0,0,0,0,0,0,0,0,0,0,0,0,0,0,0,0,0,0,0,0,0,0,0,0,0,0,0,0,0,0,0,0,0,0,0,0,0,0,0,0,0,0,0,0,0,0,0,0,0,0,0,0,0,0,0,0,0,0,0,0,0,0,0,0,0,0,0,0,0,0,0,0,0,0,0,0,0,0,0,0,0,0,0,0,0,0,0,0,0,0,0,0,0,0,0,0,0,0,0,0,0,0,0,0,0,0,0,0,0,0,0,0,0,0,0,0,0,0,0,0,0,0,0,0,0,0,0,0,0,0,0,0,0,0,0,0,0,0,0,0,0,0,0,0,0,0,0,0,0,0,0,0,0,0,0,0,0,0,0,0,0,0,0,0,0,0,0,0,0,0,0,0,0,0,0,0,0,0,0,0,0,0,0,0,0,0,0,0,0,0,0,0,0,0,0,0,0,0,0,0,0,0,0,0,0,0,0,0,0,0,0,0,0,0,0,0,0,0,0,0,0,0,0,0,0,0,0,0,0,0,0,0,0,0,0,0,0,0,0,0,0,0,0,0,0,0,0,0,0,0,0,0,0,0,0,0,0,0,0,0,0,0,0,0,0,0,0,0,0,0,0,0,0,0,0,0,0,0,0,0,0,0,0,0,0,0,0,0,0,0,0,0,0,0,0,0,0,0,0,0,0,0,0,0,0,0,0,0,0,0,0,0,0,0,0,0,0,0,0,0,0,0,0,0,0,0,0,0,0,0,0,0,0,0,0,0,0,0,0,0,0,0,0,0,0,0,0,0,0,0,0,0,0,0,0,0,0,0,0,0,0,0,0,0,0,0,0,0,0,0,0,0,0,0,0,0,0,0,0
KitchenLights_Re,0,0,0,0,0,0,0,0,0,0,0,0,3.353,3.353,0,0,0,0,0,0,0,0,0,0,1.434,3.181,0,0,0,0,0,0,0,0,0,0,0,0,0,0,0,0,0,0,0,0,0,0,0,0,0,0,0,0,0,0,0,0,0,0,0,0,0,0,0,0,0,0,0,0,0,0,0,0,0,0,0,0,0,0,0,0,1.625,3.053,0,0,0,0,0,0,0,0,0,0,0,0,0,0,0,0,0,0,0,0,0,0,0,0,0,0,0,0,0,0,0,0,0,0,0,0,0,0,0,0,0,0,0,0,0,0,0,0,0,0,0,0,0,0,0,0,1.542,3.102,0,0,0,0,0,0,0,0,0,0,0,0,0,0,0,0,0,0,0,0,0,0,0,0,0,0,0,0,0,0,0,0,0,0,0,0,0,0,0,0,0,0,0,0,0,0,0,0,0,0,0,0,0,0,0,1.607,3.064,0,0,0,0,0,0,0,0,0,0,0,0,0,0,0,0,3.06,3.06,0,0,0,0,0,0,0,0,0,0,0,0,0,0,0,0,0,0,0,0,0,0,0,0,0,0,0,0,0,0,0,0,0,0,0,0,0,1.235,3.064,0,0,0,0,0,0,0,0,0,0,0,0,0,0,0,0,0,0,0,0,0,0,0,0,0,0,0,0,0,0,0,0,0,0,0,0,0,0,0,0,0,0,0,0,0,0,0,0,0,0,0,0,0,0,0,1.157,3.064,0,0,0,0,0,0,0,0,0,0,0,0,0,0,0,0,0,0,0,0,0,0,0,0,0,0,0,0,0,0,0,0,0,0,0,0,0,0,0,0,0,0,0,0,0,0,0,0,0,0,0,0,0,0,0,2.11,2.11,0,0,0,0,0,0,0,0,0,0,0,0,0,0,0,0,0,0,0,0,0,0,0,0,0,0,0,0,0,0,0,0,0,0,0,0,0,0,0,0,0,0,0,0,0,0,0,0,0,0,0,1.085,3.045,0,0,0,0,0,0,0,0,0,0,0,3.005,3.005,0,0,0,0,0,0,0,0,0,0,0,0,0,0,0,0,0,0,0,0,0,0,0,0,0,0,0,0,0,0,0,0,0,0,0,0,0,0,0,0,0,1.66,3.024,0,0,0,0,0,0,0,0,0,0,0,0,0,0,0,0,0,0,0,0,0,0,0,0,0,0,0,0,0,0,0,0,0,0,0,0,0,0,0,0,0,0,0,0,0,0,0,0,0,0,0,0,0,2.204,2.204,0,0,0,0,0,0,0,0,0,0,0,0,0,0,0,0,0,0,0,0,0,0,0,0,0,0,0,0,0,0,0,0,0,0,0,0,0,0,0,0,0,0,0,0,0,0,0,0,0,0,0,0,0,0,0,1.171,3.131,0,0,0,0,0,0,0,0,0,0,0,0,0,0,0,0,0,0,0,0,0,0,0,0,0,0,0,0,0,0,0,0,0,0,0,0,0,0,0,0,0,0,0,0,0,0,0,0,0,0,0,0,0,1.202,3.148,0,0,0,0,0,0,0,0,0,0,0,0,0,0,0,0,0,0,0,0,0,0,0,0,0,0,0,0,0,0,0,0,0,0,0,0,0,0,0,0,0,0,0,0,0,0,0,0,0,0,0,0,0,0,1.25,3.13,0,0,0,0,0,0,0,0,0,0,0,0,0,0,0,0,0,0,0,0,0,0,0,0,0,0,0,0,0,0,0,0,0,0,0,0,0,0,0,0,0,0,0,0,0,0,0,0,0,0,0,0,0,0,1.194,3.172,0,0,0,0,0,0,0,0,0,0,0,0,0,0,0,0,0,0,0,0,0,0,0,0,0,0,0,0,0,0,0,0,0,0,0,0,0,0,0,0,0,0,0,0,0,0,0,0,0,0,0,0,0,0,0,0,0,0,0,0,0,0,0,0,0,0,0,0,0,0,0,0,0,0,0,0,0,0,0,0,0,0,0,0,0,0,0,0,0,0,0,0,0,0,0,0,0,0,0,0,0,0,0,0,0,0,0,0,0,0,0,1.654,2.795,0,0,0,0,0,0,0,0,0,0,0,0,0,0,0,0,0,0,0,0,0,0,0,0,0,0,0,0,0,0,0,0,0,0,0,0,0,0,0,0,0,0,0,0,0,0,0,0,0,0,0,0,0,1.587,2.8,0,0,0,0,0,0,0,0,0,0,0,0,0,0,0,0,0,0,0,0,0,0,0,0,0,0,0,0,0,0,0,0,0,0
BedroomOutlets_Re,0,0,0,0,0,0,0,0,0,13.905,13.905,0,13.991,15.326,14.602,15.13,13.891,13.891,15.692,13.973,0,0,0,0,0,15.381,15.381,0,0,0,15.294,14.22,14.058,14.032,16.13,14.141,0,0,15.284,15.284,14.103,0,0,0,0,0,0,0,0,15.5,15.5,14.026,0,0,0,0,0,0,0,0,0,0,15.717,13.892,0,0,0,0,0,0,0,0,0,0,0,0,0,0,0,0,0,0,0,0,0,0,0,0,0,0,0,0,15.943,13.823,13.793,0,0,0,0,0,0,0,0,0,0,0,0,0,0,0,0,0,0,0,0,0,0,0,0,0,0,0,0,0,13.634,13.634,0,0,0,0,0,0,0,15.104,15.104,0,0,0,0,0,13.762,13.762,0,0,0,0,0,0,0,0,15.516,13.891,0,0,15.432,13.716,15.412,13.66,0,0,0,0,0,0,14.821,14.821,0,0,13.728,13.728,0,15.385,13.688,13.707,13.642,0,0,0,0,0,0,0,0,14.727,14.727,13.722,0,0,0,0,0,0,0,15.212,15.212,0,0,15.051,13.585,13.664,0,0,0,0,0,13.611,14.214,14.753,13.7,13.734,15.523,13.789,0,0,0,15.442,15.264,14.196,13.732,13.732,0,0,0,0,0,0,0,0,13.728,13.728,13.827,0,0,0,0,0,0,0,0,0,0,0,0,0,0,15.159,13.704,13.68,13.68,0,0,0,0,0,0,0,0,0,0,0,0,0,15.59,13.857,0,0,0,0,0,15.271,14.056,0,0,15.459,13.739,0,0,0,0,0,0,0,0,0,0,0,0,0,0,0,0,0,15.42,13.668,0,15.048,13.703,0,0,0,13.703,13.703,0,0,0,13.59,13.59,0,15.08,15.351,13.548,0,0,0,0,0,15.81,13.756,0,0,15.528,15.448,13.759,0,15.463,13.73,0,0,0,0,0,0,0,0,0,0,0,0,0,15.618,14.826,14.155,0,13.795,13.795,0,15.547,13.953,13.618,13.618,13.791,13.798,0,14.83,13.706,15.511,15.507,13.874,0,0,0,0,0,0,0,0,0,0,0,0,0,0,0,0,0,15.166,13.646,15.685,13.676,13.647,13.647,0,0,15.484,13.786,15.382,13.773,0,0,0,0,0,0,0,0,0,0,15.789,14.014,13.752,13.752,0,15.357,13.739,0,0,0,0,0,13.582,14.55,14.956,13.597,13.616,14.989,0,15.015,13.638,0,0,0,0,0,15.427,14.081,13.728,15.204,14.888,0,0,0,0,14.975,13.763,15.545,13.86,0,0,0,13.686,13.686,0,13.659,13.659,0,0,13.689,13.689,0,0,15.548,13.982,0,0,0,0,0,0,0,13.643,13.643,13.724,13.724,0,0,0,0,0,0,0,0,0,0,0,0,0,0,0,0,0,0,0,15.515,13.68,0,0,0,0,0,15.127,13.654,0,0,15.34,15.34,15.52,15.062,0,14.746,13.756,0,0,0,0,0,13.746,13.746,15.416,13.824,15.498,15.708,14.07,0,0,0,0,0,0,0,0,15.287,13.705,13.605,15.092,15.092,13.714,0,15.521,13.748,0,15.514,13.707,15.531,15.321,13.863,0,0,0,0,0,14.801,13.788,15.353,13.857,0,0,15.566,13.792,0,16.793,13.876,15.062,13.949,0,0,0,0,0,0,0,0,0,13.821,13.821,0,0,14.791,13.742,0,0,15.123,13.934,0,15.346,13.919,0,0,15.46,15.333,13.87,0,0,0,0,0,0,0,0,0,0,13.816,15.483,15.63,15.805,13.837,0,0,0,0,15.253,13.878,13.878,0,0,0,0,0,0,0,0,0,0,0,0,0,15.799,13.958,0,0,0,0,0,14.868,14.868,15.797,13.916,15.359,14.343,0,0,0,0,0,0,0,0,15.331,15.13,14.23,14.918,13.812,0,15.443,15.47,13.908,15.12,14.009,13.916,13.916,0,0,15.36,13.92,14.01,14.018,0,0,0,0,14.929,14.929,13.914,14.012,0,15.726,13.941,13.87,14.787,14.787,0,13.835,14.576,14.003,13.957,15.585,13.928,0,15.75,14.335,0,0,15.253,13.888,13.888,0,15.749,13.945,0,15.248,13.86,15.396,13.875,0,15.787,14.04,14.036,13.947,15.268,14.053,0,0,0,15.021,15.021,0,0,15.732,15.25,14,0,0,15.842,14.014,0,0,0,0,0,0,0,14.25,14.25,17.094,13.942,0,0,0,0,15.13,15.13,0,0,0,0,0,0,0,15.394,14.079,15.286,14.011,15.115,0,0,0,0,0,0,0,0,0,0,0,15.556,13.982,0,0,0,0,0,0,0,0,0,15.483,15.483,0,15.037,14.136,13.985,0,0,0,0,0,0,13.839,13.839,15.639,13.912,14.992,14.992,0,0,14.922,14.922,0,0,0,0,0,0,0,0,0,13.716,13.716,0,0,0,0,13.856,13.856,15.323,13.857,0,0,0,0,0,0,0,0,0,15.057,13.904,0,0,0,0,0,0,0,0,0,0,0,0,0,0,0,0,15.649,14.001,0,0,0,0,0,0,0,0,0,0,0,0,0,0,13.955,13.955,0,0,0,0,0,15.482,14.237,15.477,14.343,15.4,14.069,0,0,14.006,14.006,14.063,14.063,15.339,13.756,0,0,0,0,0,15.503,13.876,13.798,15.292,13.741,0,15.191,13.774,14.125,15.462,13.78,0,0,0,0,0,0,15.821,13.878,0,0,0,0,15.302,14.276,0,0,14.864,15.401,13.877,15.605,13.993,13.978,0,0,0,15.24,13.903,14.833,13.737,0,0,0,0,0,0,0,0,13.794,13.794,0,0,14.926,14.926,15.407,13.929,0,0,0,0,0,0,0,0,0,0,0,14.322,14.322,16.13,13.934,15.327,13.894,0,0,0,0,0,13.897,13.897,0,0,13.857,15.841,14.243,0
BedroomLights_Re,0,0,0,0,0,0,0,0,0,0,0,0,4.763,4.763,4.692,5.85,0,0,4.739,4.739,0,0,0,0,0,0,0,0,0,0,0,6.103,4.688,0,0,0,0,0,0,0,0,0,0,0,0,0,0,0,0,0,0,0,0,0,0,0,0,0,0,0,0,0,0,0,0,0,0,0,0,0,0,0,0,0,0,0,0,0,0,0,0,0,0,0,0,0,0,0,0,0,0,0,0,0,0,0,0,0,0,0,0,0,0,0,0,0,0,0,0,0,0,0,0,0,0,0,0,0,0,0,0,0,0,0,0,0,0,0,0,0,0,0,0,0,0,0,0,0,0,0,0,0,0,0,0,0,0,0,0,0,6.056,4.605,0,0,0,0,0,0,0,0,0,0,0,0,0,0,0,0,0,0,0,0,0,0,0,0,0,0,0,0,0,0,0,0,0,0,0,0,0,0,0,0,0,0,0,0,0,0,0,0,0,0,0,0,0,0,0,0,0,0,0,0,0,0,0,6.069,4.555,0,0,0,0,0,0,0,0,0,0,0,0,0,0,0,0,0,0,0,0,0,0,0,0,0,0,0,0,6.05,4.65,0,0,0,0,0,0,0,0,0,0,0,0,0,0,0,0,0,0,0,0,0,0,0,0,0,0,0,0,0,0,0,0,0,0,0,0,0,0,0,0,0,0,0,0,0,0,0,0,0,0,0,0,0,0,0,0,0,0,0,0,0,0,5.884,4.681,0,0,0,0,0,0,0,0,0,0,0,0,0,0,0,0,0,0,0,0,0,0,0,0,0,0,0,0,4.663,4.663,0,0,0,0,0,0,0,0,0,0,0,0,0,0,4.604,4.617,4.617,0,0,0,0,0,0,0,0,0,0,0,0,0,0,0,0,0,0,0,0,0,0,0,0,0,0,0,4.563,4.563,0,5.871,5.871,0,0,0,0,0,0,0,0,0,0,0,0,4.613,4.613,0,0,0,0,0,0,0,0,0,0,0,0,0,0,0,0,0,0,0,0,0,0,0,0,0,0,0,0,0,0,6.131,4.602,0,0,0,0,0,0,0,0,0,0,0,0,0,0,4.754,4.754,0,0,0,0,0,0,0,0,0,0,0,0,0,0,0,0,0,0,0,0,0,0,0,0,0,0,0,0,0,0,0,0,0,0,0,0,0,0,0,0,0,0,0,0,0,0,5.756,5.756,0,0,0,0,0,0,0,0,0,0,0,0,0,0,0,0,0,0,0,0,5.625,4.604,0,0,0,0,0,0,0,0,0,0,0,0,0,0,0,0,0,0,0,0,0,0,0,0,4.637,4.637,0,4.659,4.659,0,0,0,0,0,0,0,0,0,0,0,0,0,0,0,0,0,0,0,0,0,0,0,0,0,0,0,0,0,0,0,0,0,0,0,0,0,0,0,0,0,0,5.959,4.481,0,0,0,0,0,0,0,0,0,0,0,0,0,0,0,0,0,0,0,0,0,0,0,0,0,0,0,0,0,0,0,5.702,5.702,0,0,0,0,0,0,0,0,0,0,0,0,0,0,0,0,0,0,0,0,0,0,0,0,0,0,0,0,0,0,0,0,0,0,0,0,0,4.587,4.587,0,0,0,0,0,0,0,0,0,0,5.985,4.936,0,0,0,0,0,0,0,0,0,0,0,0,0,0,6.005,4.879,0,0,0,0,0,0,0,0,0,0,0,0,0,0,0,0,0,0,0,0,0,0,0,0,0,0,0,4.84,4.84,5.647,4.646,0,0,0,0,0,0,0,0,0,0,0,4.644,4.644,0,0,0,0,0,0,0,0,0,0,0,0,0,0,0,0,0,0,0,0,0,0,0,0,0,0,0,0,0,0,0,0,0,0,0,0,0,0,0,5.681,5.681,5.838,5.838,0,0,4.697,4.697,0,0,0,0,0,0,0,0,0,0,0,0,0,0,0,0,0,0,0,0,0,0,0,0,0,4.537,4.537,0,0,0,0,0,0,0,0,0,0,0,0,0,0,0,0,0,0,0,0,0,0,0,0,0,0,0,0,0,0,0,0,0,0,0,0,0,0,0,0,0,0,0,0,0,0,0,0,0,0,0,0,0,0,0,0,0,0,0,0,0,0,0,0,0,0,0,0,0,0,5.795,5.795,0,0,0,0,0,0,0,0,0,0,0,0,0,0,0,0,0,0,0,0,0,0,0,0,0,0,0,0,0,0,0,0,0,0,0,0,0,0,0,0,0,0,0,0,0,0,0,0,0,0,0,0,0,0,0,0,0,0,0,0,0,0,0,0,0,0,0,0,0,0,0,0,0,0,0
MasterOutlets_Re,65.603,63.252,64.734,64.28,63.654,63.306,63.324,64.046,74.203,64.741,66.544,63.758,68.828,69.39,66.564,68.458,67.97,66.458,67.842,66.554,68.073,72.55,68.136,69.932,67.548,70.814,68.171,71.902,67.394,68.667,67.693,71.689,67.524,68.735,66.629,66.7,67.07,68.087,68.657,67.266,67.036,68.205,67.28,67.294,66.343,66.759,67.988,67.729,67.964,67.521,66.251,68.121,71.409,67.53,68.597,67.5,69.992,68.025,66.489,67.659,66.499,68.546,66.471,68.338,66.406,67.856,69.365,66.792,66.342,67.66,66.99,67.387,67.618,66.024,67.092,69.119,69.016,70.498,68.453,68.127,68.909,66.296,66.369,68.104,67.675,67.353,66.661,67.76,67.908,67.36,66.269,66.198,66.358,67.444,70.684,67.962,65.806,67.225,69.229,66.202,66.408,67.361,69.99,67.074,67.438,68.145,66.873,67.269,66.167,67.951,67.42,66.443,66.119,67.446,66.276,66.121,66.961,66.549,66.234,70.053,67.646,70.148,68.452,67.957,68.562,66.889,68.912,68.923,66.988,67.161,67.418,67.381,69.221,67.437,66.324,66.055,66.208,67.273,66.396,67.255,66.207,67.347,66.215,66.459,69.874,66.239,68.773,66.494,66.633,66.193,69.029,67.961,66.949,67.825,66.154,67.601,65.815,67.493,67.423,67.43,67.103,67.426,67.263,67.615,70.1,66.365,65.773,66.244,66.863,71.436,68.385,69.264,67.052,68.274,68.068,71.752,67.856,67.191,68.225,66.096,67.702,67.026,68.016,66.284,66.321,68.653,66.392,66.181,66.105,68.128,66.303,66.357,65.987,67.349,70.68,67.617,69.637,68.003,67.643,66.262,67.909,67.21,65.966,66.278,66.01,67.243,66.95,68.114,66.103,66.203,66.466,67.891,67.841,66.115,66.213,68.194,68.972,66.822,66.782,69.811,68.288,70.5,67.171,69.775,65.996,66.111,67.047,67.294,68.054,67.366,67.916,66.157,67.708,67.14,66.494,67.219,67.229,67.78,66.501,67.519,65.894,65.825,73.563,65.814,69.006,67.262,66.011,67.407,67.84,67.49,70.276,65.905,68.751,68.779,67.965,66.57,69.35,66.143,67.403,66.527,66.117,66.16,67.502,66.869,67.072,66.991,66.951,74.747,67.281,69.228,67.831,67.271,67.467,67.095,67.756,67.081,66.821,67.317,68.03,69.765,67.768,66.205,66.332,66.667,66.336,67.663,66.631,66.655,66.291,66.368,67.051,66.114,75.346,67.352,70.192,69.425,69.49,67.917,68.9,66.424,70.041,66.161,66.26,65.94,65.954,66.321,65.926,66.517,68.077,64.499,68.06,67.989,66.14,68.111,67.754,74.225,68.274,70.284,66.702,68.539,68.307,68.33,67.729,69.281,66.178,66.921,68.14,66.296,66.394,67.195,66.383,66.336,68.398,66.72,66.127,66.474,66.31,66.328,66.388,67.135,74.681,66.643,69.413,67.626,70.21,67.966,67.808,66.022,67.268,68.769,67.595,66.137,66.345,67.838,67.815,67.463,68.053,68.979,66.952,68.01,68.411,66.987,68.291,71.692,67.714,70.575,66.231,70.788,67.643,71.251,67.035,66.225,67.475,66.668,66.401,65.854,66.12,67.223,66.015,65.717,66.375,66.251,66.326,68.844,68.118,67.789,68.046,67.754,74.337,68.271,69.217,67.983,69.847,68.018,68.315,68.422,67.625,67.818,71.646,67.74,67.656,68.565,66.806,66.069,67.567,67.274,66.836,66.778,67.753,67.579,66.9,75.678,66.112,70.055,67.203,69.84,67.958,65.932,67.408,65.888,66.01,67.354,67.701,66.857,66.249,67.254,69.519,66.823,66.241,67.208,66.209,66.77,66.596,66.188,66.306,67.86,70.92,68.705,67.909,67.827,70.841,66.721,68.986,69.393,65.982,65.909,68.05,69.107,66.98,67.098,65.896,68.645,67.406,70.335,68.481,67.503,68.115,67.468,66.222,73.863,67.264,67.011,67.512,68.592,67.728,67.833,66.252,66.842,67.815,67.134,68.531,67.723,67.467,67.787,66.251,66.064,66.323,67.216,66.01,66.011,66.544,67.553,66.464,67.694,73.996,67.452,66.633,66.403,67.798,67.685,67.24,68.246,65.951,66.412,67.01,66.702,65.888,67.841,68.278,68.283,68.028,67.647,67.507,68.902,69.12,66.393,67.936,70.401,67.98,68.548,67.932,67.94,68.111,70.121,67.66,67.404,66.235,67.597,66.799,66.345,68.152,66.429,66.29,68.15,67.178,67.374,66.223,66.425,66.772,67.276,68.134,67.522,72.946,67.691,66.714,66.528,66.434,67.773,66.502,66.324,67.96,68.032,68.303,67.79,67.32,67.762,67.746,67.602,67.94,67.632,69.272,67.81,66.262,66.428,68.144,68.743,66.597,69.685,67.766,68.046,66.667,71.058,68.587,66.574,66.656,67.359,66.667,67.621,66.676,67.013,66.549,67.59,67.868,66.884,66.805,66.905,67.928,68.361,71.015,68.185,71.067,68.187,70.743,68.022,66.436,68.052,70.249,68.056,66.845,66.636,67.966,69.283,67.808,66.997,67.079,67.265,68.614,68.892,67.557,66.598,68.208,72.729,68.136,71.124,67.111,69.424,70.94,69.002,68.548,70.677,66.863,66.56,68.25,68.44,68.184,72.901,68.355,67.795,68.624,68.343,68.278,68.543,66.602,68.319,66.701,68.979,70.877,67.44,69.457,68.093,68.173,68.224,68.183,68.16,66.775,67.117,66.681,68.701,68.051,64.55,64.839,67.434,67.194,68.793,67.286,69.187,71.841,69.823,66.504,70.354,68.799,71.062,67.837,71.235,68.725,67.285,68.249,68.15,68.394,67.795,67.223,67.167,66.878,67.769,66.775,66.88,73.192,68.966,69.16,67.538,70.923,66.488,69.395,66.881,70.084,67.262,68.441,68.044,68.914,66.747,69.126,68.479,68.327,66.53,68.498,66.606,66.583,71.349,68.647,70.535,67.301,68.21,68.371,70.401,67.314,67.784,68.145,68.553,67.065,68.071,68.441,66.59,66.752,69.009,66.929,66.919,69.047,67.039,73.344,68.204,68.502,66.769,69.084,66.899,69.918,67.038,71.032,68.348,67.262,67.141,66.871,68.818,66.821,68.262,66.304,68.244,66.527,66.369,66.285,70.371,68.024,70.587,66.428,68.102,67.092,67.988,68.304,70.208,67.392,66.985,69.706,68.86,67.507,67.636,66.641,67.871,68.254,68.137,66.662,67.923,66.668,68.222,70.957,67.806,70.491,66.969,69.613,66.869,69.129,67.188,66.449,66.675,66.988,68.031,66.72,67.245,68.304,68.255,67.585,67.892,66.566,66.297,66.651,66.375,67.78,75.353,67.162,69.157,67.634,70.664,66.097,70.745,63.213,72.46,68.358,66.605,68.222,66.709,66.723,67.838,66.408,67.482,66.374,67.332,66.123,67.066,68.258,66.152,75.719,67.008,70.969,68.014,70.653,67.984,69.292,67.837,66.465,66.036,66.041,67.895,66.34,67.203,67.327,66.36,66.239,66.396,66.247,66.585,66.668,66.328,67.915,66.541,67.398,69.264,66.101,67.372,66.604,70.746,66.156,66.072,63.596,63.335,64.594,65.121,63.738,63.378,63.613,63.386,63.661,65.457,63.699,65.195,63.674,65.414,71.24,65.056,65.595,65.24,66.364,65.275,63.546,65.169,63.638,64.816,64.776,65.07,63.936,64.122,66.001,63.742,65.273,73.508,65.435,66.27,65.201,64.217,63.469,63.093,65.054,63.015,65.124,64,63.263,64.543,63.319,63.111,63.098,63.723,64,62.951,67.601,63.99,65.182,64.306,65.451,64.28,62.813,65.037,65.08,65.066,66.646,64.299,64.161,65.329,63.925,62.944,64.201,64.599,63.435,64.193,64.636,65.488,63.632,67.402,63.383,67.755,63.498,66.023,63.659,63.377,65.152,66.687,64.566,63.235,63.449,65.017,63.3,64.371,63.311,64.371,64.535,64.318,72.899,64.742,66.372,65.202,66.069,63.271,68.128,64.954,67.951,65.141,63.371,64.996,66.21,65.489,64.91,63.938,64.958,63.742,64.712,63.623,64.767,63.589,63.352,72.292,63.339,66.436,63.434,64.287,63.25,66.432,64.183,63.246,63.305,63.133,63.313,63.124,66.139,66.492
MasterLights_Re,0,0,0,0,0,0,0,0,0,0,0,0,8.947,8.947,0,0,0,0,0,0,0,0,0,0,0,0,0,0,0,0,0,0,0,0,0,0,0,0,0,0,0,0,0,0,0,0,0,0,0,0,0,0,0,0,0,0,0,0,0,0,0,0,0,0,0,0,0,0,0,0,0,0,0,0,0,0,0,0,0,0,0,0,0,0,0,0,0,0,0,0,0,0,0,0,0,0,0,0,0,0,0,0,0,0,0,0,0,0,0,0,0,0,0,0,0,0,0,0,0,0,0,0,0,0,0,0,0,0,0,0,0,0,0,0,0,0,0,0,0,0,0,0,0,0,0,0,0,0,0,0,0,0,0,0,0,0,0,0,0,0,0,0,0,0,0,0,0,0,0,0,0,0,0,0,0,0,0,0,0,0,0,0,0,0,0,0,0,0,0,0,0,0,0,0,0,0,0,0,0,0,0,0,0,0,0,0,0,0,0,0,0,0,0,0,0,0,0,0,0,0,0,0,0,0,0,0,0,0,0,0,0,0,0,0,0,0,0,0,0,0,0,0,0,0,0,0,0,0,0,0,0,0,0,0,0,0,0,0,0,0,0,0,0,0,0,0,0,0,0,0,0,0,0,0,0,0,0,0,0,0,0,0,0,0,0,0,0,0,0,0,0,0,0,0,0,0,0,0,0,0,0,0,0,0,0,0,0,0,0,0,0,0,0,0,0,0,0,0,0,0,0,0,0,0,0,0,0,0,0,0,0,0,0,0,0,0,0,0,0,0,0,0,0,0,0,0,0,0,0,0,0,0,0,0,0,0,0,0,0,0,0,0,0,0,0,0,0,0,0,0,0,0,0,0,0,0,0,0,0,0,0,0,0,0,0,0,0,0,0,0,0,0,0,0,0,0,0,0,0,0,0,0,0,0,0,0,0,0,0,0,0,0,0,0,0,0,0,0,0,0,0,0,0,0,0,0,0,0,0,0,0,0,0,0,0,0,0,0,0,0,0,0,0,0,0,0,0,0,0,0,0,0,0,0,0,0,0,0,0,0,0,0,0,0,0,0,0,0,0,0,0,0,0,0,0,0,0,0,0,0,0,0,0,0,0,0,0,0,0,0,0,0,0,0,0,0,0,0,0,0,0,0,0,0,0,0,0,0,0,0,0,0,0,0,0,0,0,0,0,0,0,0,0,0,0,0,0,0,0,0,0,0,0,0,0,0,0,0,0,0,0,0,0,0,0,0,0,0,0,0,0,0,0,0,0,0,0,0,0,0,0,0,0,0,0,0,0,0,0,0,0,0,0,0,0,0,0,0,0,0,0,0,0,0,0,0,0,0,0,0,0,0,0,0,0,0,0,0,0,0,0,0,0,0,0,0,0,0,0,0,0,0,0,0,0,0,0,0,0,0,0,0,0,0,0,0,0,0,0,0,0,0,0,0,0,0,0,0,0,0,0,0,0,0,0,0,0,0,0,0,0,0,0,0,0,0,0,0,0,0,0,0,0,0,0,0,0,0,0,0,0,0,0,0,0,0,0,0,0,0,0,0,0,0,0,0,0,0,0,0,0,0,0,0,0,0,0,0,0,0,0,0,0,0,0,0,0,0,0,0,0,0,0,0,0,0,0,0,0,0,0,0,0,0,0,0,0,0,0,0,0,0,0,0,0,0,0,0,0,0,0,0,0,0,0,0,0,0,0,0,0,0,0,0,0,0,0,0,0,0,0,0,0,0,0,0,0,0,0,0,0,0,0,0,0,0,0,0,0,0,0,0,0,0,0,0,0,0,0,0,0,0,0,0,0,0,0,0,0,0,0,0,0,0,0,0,0,0,0,0,0,0,0,0,0,0,0,0,0,0,0,0,0,0,0,0,0,0,0,0,0,0,0,0,0,0,0,0,0,0,0,0,0,0,0,0,0,0,0,0,0,0,0,0,0,0,0,0,0,0,0,0,0,0,0,0,0,0,0,0,0,0,0,0,0,0,0,0,0,0,0,0,0,0,0,0,0,0,0,0,0,0,0,0,0,0,0,0,0,0,0,0,0,0,0,0,0,0,0,0,0,0,0,0,0,0,0,0,0,0,0,0,0,0,0,0,0,0,0,0,0,0,0,0,0,0,0,0,0,0,0,0,0,0,0,0,0,0,0,0,0,0,0,0,0,0,0,0,0,0
DuctHeaterHRV_Re,0,0,0,0,0,0,0,0,0,0,0,0,-0.071,-0.071,0,0,0,0,0,0,0,0,0,0,0,0,0,0,0,0,0,0,0,0,0,0,0,0,0,0,0,0,0,0,0,0,0,0,0,0,0,0,0,0,0,0,0,0,0,0,0,0,0,0,0,0,0,0,0,0,0,0,0,0,0,0,0,0,0,0,0,0,0,0,0,0,0,0,0,0,0,0,0,0,0,0,0,0,0,0,0,0,0,0,0,0,0,0,0,0,0,0,0,0,0,0,0,0,0,0,0,0,0,0,0,0,0,0,0,0,0,0,0,0,0,0,0,0,0,0,0,0,0,0,0,0,0,0,0,0,0,0,0,0,0,0,0,0,0,0,0,0,0,0,0,0,0,0,0,0,0,0,0,0,0,0,0,0,0,0,0,0,0,0,0,0,0,0,0,0,0,0,0,0,0,0,0,0,0,0,0,0,0,0,0,0,0,0,0,0,0,0,0,0,0,0,0,0,0,0,0,0,0,0,0,0,0,0,0,0,0,0,0,0,0,0,0,0,0,0,0,0,0,0,0,0,0,0,0,0,0,0,0,0,0,0,0,0,0,0,0,0,0,0,0,0,0,0,0,0,0,0,0,0,0,0,0,0,0,0,0,0,0,0,0,0,0,0,0,0,0,0,0,0,0,0,0,0,0,0,0,0,0,0,0,0,0,0,0,0,0,0,0,0,0,0,0,0,0,0,0,0,0,0,0,0,0,0,0,0,0,0,0,0,0,0,0,0,0,0,0,0,0,0,0,0,0,0,0,0,0,0,0,0,0,0,0,0,0,0,0,0,0,0,0,0,0,0,0,0,0,0,0,0,0,0,0,0,0,0,0,0,0,0,0,0,0,0,0,0,0,0,0,0,0,0,0,0,0,0,0,0,0,0,0,0,0,0,0,0,0,0,0,0,0,0,0,0,0,0,0,0,0,0,0,0,0,0,0,0,0,0,0,0,0,0,0,0,0,0,0,0,0,0,0,0,0,0,0,0,0,0,0,0,0,0,0,0,0,0,0,0,0,0,0,0,0,0,0,0,0,0,0,0,0,0,0,0,0,0,0,0,0,0,0,0,0,0,0,0,0,0,0,0,0,0,0,0,0,0,0,0,0,0,0,0,0,0,0,0,0,0,0,0,0,0,0,0,0,0,0,0,0,0,0,0,0,0,0,0,0,0,0,0,0,0,0,0,0,0,0,0,0,0,0,0,0,0,0,0,0,0,0,0,0,0,0,0,0,0,0,0,0,0,0,0,0,0,0,0,0,0,0,0,0,0,0,0,0,0,0,0,0,0,0,0,0,0,0,0,0,0,0,0,0,0,0,0,0,0,0,0,0,0,0,0,0,0,0,0,0,0,0,0,0,0,0,0,0,0,0,0,0,0,0,0,0,0,0,0,0,0,0,0,0,0,0,0,0,0,0,0,0,0,0,0,0,0,0,0,0,0,0,0,0,0,0,0,0,0,0,0,0,0,0,0,0,0,0,0,0,0,0,0,0,0,0,0,0,0,0,0,0,0,0,0,0,0,0,0,0,0,0,0,0,0,0,0,0,0,0,0,0,0,0,0,0,0,0,0,0,0,0,0,0,0,0,0,0,0,0,0,0,0,0,0,0,0,0,0,0,0,0,0,0,0,0,0,0,0,0,0,0,0,0,0,0,0,0,0,0,0,0,0,0,0,0,0,0,0,0,0,0,0,0,0,0,0,0,0,0,0,0,0,0,0,0,0,0,0,0,0,0,0,0,0,0,0,0,0,0,0,0,0,0,0,0,0,0,0,0,0,0,0,0,0,0,0,0,0,0,0,0,0,0,0,0,0,0,0,0,0,0,0,0,0,0,0,0,0,0,0,0,0,0,0,0,0,0,0,0,0,0,0,0,0,0,0,0,0,0,0,0,0,0,0,0,0,0,0,0,0,0,0,0,0,0,0,0,0,0,0,0,0,0,0,0,0,0,0,0,0,0,0,0,0,0,0,0,0,0,0,0,0,0,0,0,0,0,0,0,0,0,0,0,0,0,0,0,0,0,0,0,0,0,0,0,0,0,0,0,0,0,0,0,0,0,0,0,0,0,0,0,0,0,0,0,0,0,0,0,0,0,0,0,0,0,0,0,0,0,0,0,0,0,0,0,0,0,0
CounterOutlets1_Re,0,0,0,0,0,0,0,0,0,0,0,0,3.534,3.534,0,0,0,0,0,0,0,0,0,0,0,0,0,0,0,0,0,0,0,0,0,0,0,0,0,0,0,0,0,0,0,0,0,0,0,0,0,0,0,0,0,0,0,0,0,0,0,0,0,0,0,0,0,0,0,0,0,0,0,0,0,0,0,0,0,0,0,0,0,0,0,0,0,0,0,0,0,0,0,0,0,0,0,0,0,0,0,0,0,0,0,0,0,0,0,0,0,0,0,0,0,0,0,0,0,0,0,0,0,0,0,0,0,0,0,0,0,0,0,0,0,0,0,0,0,0,0,0,0,0,0,0,0,0,0,0,0,0,0,0,0,0,0,0,0,0,0,0,0,0,0,0,0,0,0,0,0,0,0,0,0,0,0,0,0,0,0,0,0,0,0,0,0,0,0,0,0,0,0,0,0,0,0,0,0,0,0,0,0,0,0,0,0,0,0,0,0,0,0,0,0,0,0,0,0,0,0,0,0,0,0,0,0,0,0,0,0,0,0,0,0,0,0,0,0,0,0,0,0,0,0,0,0,0,0,0,0,0,0,0,0,0,0,0,0,0,0,0,0,0,0,0,0,0,0,0,0,0,0,0,0,0,0,0,0,0,0,0,0,0,0,0,0,0,0,0,0,0,0,0,0,0,0,0,0,0,0,0,0,0,0,0,0,0,0,0,0,0,0,0,0,0,0,0,0,0,0,0,0,0,0,0,0,0,0,0,0,0,0,0,0,0,0,0,0,0,0,0,0,0,0,0,0,0,0,0,0,0,0,0,0,0,0,0,0,0,0,0,0,0,0,0,0,0,0,0,0,0,0,0,0,0,0,0,0,0,0,0,0,0,0,0,0,0,0,0,0,0,0,0,0,0,0,0,0,0,0,0,0,0,0,0,0,0,0,0,0,0,0,0,0,0,0,0,0,0,0,0,0,0,0,0,0,0,0,0,0,0,0,0,0,0,0,0,0,0,0,0,0,0,0,0,0,0,0,0,0,0,0,0,0,0,0,0,0,0,0,0,0,0,0,0,0,0,0,0,0,0,0,0,0,0,0,0,0,0,0,0,0,0,0,0,0,0,0,0,0,0,0,0,0,0,0,0,0,0,0,0,0,0,0,0,0,0,0,0,0,0,0,0,0,0,0,0,0,0,0,0,0,0,0,0,0,0,0,0,0,0,0,0,0,0,0,0,0,0,0,0,0,0,0,0,0,0,0,0,0,0,0,0,0,0,0,0,0,0,0,0,0,0,0,0,0,0,0,0,0,0,0,0,0,0,0,0,0,0,0,0,0,0,0,0,0,0,0,0,0,0,0,0,0,0,0,0,0,0,0,0,0,0,0,0,0,0,0,0,0,0,0,0,0,0,0,0,0,0,0,0,0,0,0,0,0,0,0,0,0,0,0,0,0,0,0,0,0,0,0,0,0,0,0,0,0,0,0,0,0,0,0,0,0,0,0,0,0,0,0,0,0,0,0,0,0,0,0,0,0,0,0,0,0,0,0,0,0,0,0,0,0,0,0,0,0,0,0,0,0,0,0,0,0,0,0,0,0,0,0,0,0,0,0,0,0,0,0,0,0,0,0,0,0,0,0,0,0,0,0,0,0,0,0,0,0,0,0,0,0,0,0,0,0,0,0,0,0,0,0,0,0,0,0,0,0,0,0,0,0,0,0,0,0,0,0,0,0,0,0,0,0,0,0,0,0,0,0,0,0,0,0,0,0,0,0,0,0,0,0,0,0,0,0,0,0,0,0,0,0,0,0,0,0,0,0,0,0,0,0,0,0,0,0,0,0,0,0,0,0,0,0,0,0,0,0,0,0,0,0,0,0,0,0,0,0,0,0,0,0,0,0,0,0,0,0,0,0,0,0,0,0,0,0,0,0,0,0,0,0,0,0,0,0,0,0,0,0,0,0,0,0,0,0,0,0,0,0,0,0,0,0,0,0,0,0,0,0,0,0,0,0,0,0,0,0,0,0,0,0,0,0,0,0,0,0,0,0,0,0,0,0,0,0,0,0,0,0,0,0,0,0,0,0,0,0,0,0,0,0,0,0,0,0,0,0,0,0,0,0,0,0,0,0,0,0,0,0,0,0,0,0,0,0,0,0,0,0,0,0,0,0,0,0,0,0,0,0,0
CounterOutlets2_Re,0,0,0,0,0,0,0,0,0,0,0,0,3.429,3.429,0,0,0,0,0,0,0,0,0,0,0,0,0,0,0,0,0,0,0,0,0,0,0,0,0,0,0,0,0,0,0,0,0,0,0,0,0,0,0,0,0,0,0,0,0,0,0,0,0,0,0,0,0,0,0,0,0,0,0,0,0,0,0,0,0,0,0,0,0,0,0,0,0,0,0,0,0,0,0,0,0,0,0,0,0,0,0,0,0,0,0,0,0,0,0,0,0,0,0,0,0,0,0,0,0,0,0,0,0,0,0,0,0,0,0,0,0,0,0,0,0,0,0,0,0,0,0,0,0,0,0,0,0,0,0,0,0,0,0,0,0,0,0,0,0,0,0,0,0,0,0,0,0,0,0,0,0,0,0,0,0,0,0,0,0,0,0,0,0,0,0,0,0,0,0,0,0,0,0,0,0,0,0,0,0,0,0,0,0,0,0,0,0,0,0,0,0,0,0,0,0,0,0,0,0,0,0,0,0,0,0,0,0,0,0,0,0,0,0,0,0,0,0,0,0,0,0,0,0,0,0,0,0,0,0,0,0,0,0,0,0,0,0,0,0,0,0,0,0,0,0,0,0,0,0,0,0,0,0,0,0,0,0,0,0,0,0,0,0,0,0,0,0,0,0,0,0,0,0,0,0,0,0,0,0,0,0,0,0,0,0,0,0,0,0,0,0,0,0,0,0,0,0,0,0,0,0,0,0,0,0,0,0,0,0,0,0,0,0,0,0,0,0,0,0,0,0,0,0,0,0,0,0,0,0,0,0,0,0,0,0,0,0,0,0,0,0,0,0,0,0,0,0,0,0,0,0,0,0,0,0,0,0,0,0,0,0,0,0,0,0,0,0,0,0,0,0,0,0,0,0,0,0,0,0,0,0,0,0,0,0,0,0,0,0,0,0,0,0,0,0,0,0,0,0,0,0,0,0,0,0,0,0,0,0,0,0,0,0,0,0,0,0,0,0,0,0,0,0,0,0,0,0,0,0,0,0,0,0,0,0,0,0,0,0,0,0,0,0,0,0,0,0,0,0,0,0,0,0,0,0,0,0,0,0,0,0,0,0,0,0,0,0,0,0,0,0,0,0,0,0,0,0,0,0,0,0,0,0,0,0,0,0,0,0,0,0,0,0,0,0,0,0,0,0,0,0,0,0,0,0,0,0,0,0,0,0,0,0,0,0,0,0,0,0,0,0,0,0,0,0,0,0,0,0,0,0,0,0,0,0,0,0,0,0,0,0,0,0,0,0,0,0,0,0,0,0,0,0,0,0,0,0,0,0,0,0,0,0,0,0,0,0,0,0,0,0,0,0,0,0,0,0,0,0,0,0,0,0,0,0,0,0,0,0,0,0,0,0,0,0,0,0,0,0,0,0,0,0,0,0,0,0,0,0,0,0,0,0,0,0,0,0,0,0,0,0,0,0,0,0,0,0,0,0,0,0,0,0,0,0,0,0,0,0,0,0,0,0,0,0,0,0,0,0,0,0,0,0,0,0,0,0,0,0,0,0,0,0,0,0,0,0,0,0,0,0,0,0,0,0,0,0,0,0,0,0,0,0,0,0,0,0,0,0,0,0,0,0,0,0,0,0,0,0,0,0,0,0,0,0,0,0,0,0,0,0,0,0,0,0,0,0,0,0,0,0,0,0,0,0,0,0,0,0,0,0,0,0,0,0,0,0,0,0,0,0,0,0,0,0,0,0,0,0,0,0,0,0,0,0,0,0,0,0,0,0,0,0,0,0,0,0,0,0,0,0,0,0,0,0,0,0,0,0,0,0,0,0,0,0,0,0,0,0,0,0,0,0,0,0,0,0,0,0,0,0,0,0,0,0,0,0,0,0,0,0,0,0,0,0,0,0,0,0,0,0,0,0,0,0,0,0,0,0,0,0,0,0,0,0,0,0,0,0,0,0,0,0,0,0,0,0,0,0,0,0,0,0,0,0,0,0,0,0,0,0,0,0,0,0,0,0,0,0,0,0,0,0,0,0,0,0,0,0,0,0,0,0,0,0,0,0,0,0,0,0,0,0,0,0,0,0,0,0,0,0,0,0,0,0,0,0,0,0,0,0,0,0,0,0,0,0,0,0,0,0,0,0,0,0,0,0,0,0,0,0,0,0,0,0,0,0,0,0,0
KitchenOutlets_Re,0,0,0,0,0,0,0,0,0,0,0,0,5.898,5.898,7.427,6.353,0,0,0,0,0,0,0,0,0,0,0,0,0,0,0,0,0,0,0,0,0,0,0,0,0,0,0,0,0,0,0,0,0,0,0,0,0,0,0,0,0,0,0,0,0,0,0,0,0,0,0,0,0,0,0,0,0,0,0,0,0,0,0,0,0,0,0,0,0,0,0,0,0,0,0,0,0,0,0,0,0,0,0,0,0,0,0,0,0,0,0,0,0,0,0,0,0,0,0,0,0,0,0,0,0,0,0,0,0,0,0,0,0,0,0,0,0,0,0,0,0,0,0,0,0,0,0,0,0,0,0,0,0,0,0,0,0,0,0,0,0,0,0,0,0,0,0,0,0,0,0,0,0,0,0,0,0,0,0,0,0,0,0,0,0,0,0,0,0,0,0,0,0,0,0,0,0,0,0,0,0,0,0,0,0,0,0,0,0,0,0,0,0,0,0,0,0,0,0,0,0,0,0,0,0,0,0,0,0,0,0,0,0,0,0,0,0,0,0,0,0,0,0,0,0,0,0,0,0,0,0,0,0,0,0,0,0,0,0,0,0,0,0,0,0,0,0,0,0,0,0,0,0,0,0,0,0,0,0,0,0,0,0,0,0,0,0,0,0,0,0,0,0,0,0,0,0,0,0,0,0,0,0,0,0,0,0,0,0,0,0,0,0,0,0,0,0,0,0,0,0,0,0,0,0,0,0,0,0,0,0,0,0,0,0,0,0,0,0,0,0,0,0,0,0,0,0,0,0,0,0,0,0,0,0,0,0,0,0,0,0,0,0,0,0,0,0,0,0,0,0,0,0,0,0,0,0,0,0,0,0,0,0,0,0,0,0,0,0,0,0,0,0,0,0,0,0,0,0,0,0,0,0,0,0,0,0,0,0,0,0,0,0,0,0,0,0,0,0,0,0,0,0,0,0,0,0,0,0,0,0,0,0,0,0,0,0,0,0,0,0,0,0,0,0,0,0,0,0,0,0,0,0,0,0,0,0,0,0,0,0,0,0,0,0,0,0,0,0,0,0,0,0,0,0,0,0,0,0,0,0,0,0,0,0,0,0,0,0,0,0,0,0,0,0,0,0,0,0,0,0,0,0,0,0,0,0,0,0,0,0,0,0,0,0,0,0,0,0,0,0,0,0,0,0,0,0,0,0,0,0,0,0,0,0,0,0,5.834,5.834,0,0,0,0,0,0,0,0,0,0,0,0,0,0,0,0,0,0,0,0,0,0,0,0,0,0,0,0,0,0,0,0,0,0,0,0,0,0,0,0,0,0,0,0,0,0,0,0,0,0,0,0,0,0,0,5.832,5.832,5.815,6.859,6.859,0,0,0,0,0,0,0,0,0,0,0,0,0,0,0,0,0,0,0,0,0,0,0,0,0,0,0,0,0,0,0,0,0,0,0,0,0,0,0,0,0,0,0,0,0,0,0,0,0,0,0,0,0,0,0,0,0,0,0,0,0,0,0,0,0,0,0,0,0,0,0,0,0,0,0,7.016,5.917,7.087,5.967,6.977,6.977,0,0,0,0,0,0,0,0,0,0,0,0,0,0,0,0,0,0,0,0,0,0,0,0,0,0,0,0,0,0,0,0,0,0,0,0,0,0,0,0,0,0,0,0,0,0,0,0,0,0,0,0,0,0,0,0,0,0,0,0,0,0,0,0,0,0,0,0,0,0,0,0,0,0,0,0,0,0,0,0,0,0,0,0,0,0,0,0,0,0,0,0,6.919,6.919,0,0,0,0,0,0,0,0,0,0,0,0,0,0,0,0,0,0,0,0,0,0,0,0,0,0,0,0,0,0,0,0,0,0,0,0,0,0,0,0,0,0,0,0,0,0,0,0,0,0,0,0,0,0,0,0,0,0,0,0,0,0,0,0,0,0,0,0,0,0,0,0,0,0,0,0,0,0,0,0,0,0,0,0,0,0,0,0,0,0,0,0,0,0,0,0,0,6.808,6.808,0,0,0,0,0,0,0,0,0,0,0,0,0,0,0,0,0,0,0,0,0,0,0,0,0,0,0,0,0,0,0,0,0,0,0,0,0,0,0,0,0,0,0,0,0,0,0,0,0,0,0,0,0,0,0,0,0,0,0,0,0,0,0,0,0,0,0,0,0,0,0,0,0,0,0,0,0,0,0,0,0,0,0,0,0,0,0,0,0,0,0
Grid_AP,1009.803,1009.376,1007.636,974.142,978.205,976.674,976.626,976.706,979.032,973.225,975.64,540.568,927.107,481.079,482.939,914.017,923.101,919.213,900.046,881.818,1013.438,854.89,852.65,423.11,854.367,894.515,886.527,886.992,890.35,888.415,887.998,457.313,1025.869,1002.078,1001.022,999.727,566.261,909.462,985.636,552.634,558.294,981.79,991.954,980.121,978.473,545.11,1018.87,970.148,1014.513,1015.754,1021.779,1011.777,568.138,1036.197,1007.087,1016.234,1024,1021.156,924.715,1239.403,1229.616,1228.948,1198.597,435.889,848.068,842.995,439.727,1114.071,834.327,841.473,846.567,849.795,434.466,837.64,842.4,844.602,846.123,438.268,841.864,898.015,497.683,489.603,887.253,1014.526,1004.603,1003.287,593.338,1000.887,992.411,1029.937,1035.417,609.43,-0,1020.348,1024.293,1023.451,1015.435,1012.994,1020,601.976,1034.332,1012.573,1011.823,978.932,982.288,983.677,576.824,980.72,976.398,979.228,568.867,610.147,968.656,976.095,575.211,616.651,871.915,878.853,881.328,479.634,878.919,879.099,884.357,476.339,1181.726,871.033,879.633,476.677,920.16,870.371,914.135,498.481,919.478,906.778,914.532,915.387,917.372,917.798,496.494,495.517,905.465,1132.009,1015.707,1016.959,582.884,982.24,978.428,573.93,969.262,976.248,981.392,475.043,462.454,865.033,459.491,894.151,858.956,869.474,869.869,868.987,460.198,859.221,860.968,465.182,856.769,865.228,867.027,986.269,580.975,979.891,576.497,603.038,1004.993,909.973,913.079,509.582,498.436,905.07,908.297,913.911,495.522,922.728,911.124,915.366,913.359,886.994,475.022,879.517,874.68,883.283,473.369,470.33,868.979,473.454,835.911,869.403,475.862,474.769,989.88,472.407,472.786,864.826,473.666,468.636,861.482,866.537,474.504,887.491,864.569,868.619,463.934,853.968,898.997,901.518,492.267,616.441,1018.749,1014.44,1012.533,598.742,601.347,1010.893,1013.581,1009.832,590.589,590.577,963.337,565.693,575.86,966.567,572.52,565.413,959.706,874.025,472.982,471.608,869.374,874.422,473.235,867.442,875.117,470.546,871.311,866.559,472.85,865.632,822.57,432.584,435.785,830.173,429.578,430.035,821.448,867.985,457.461,915.019,897.466,905.706,499.027,499.445,901.926,910.824,494.641,1022.997,1018.408,1022.055,1019.072,585.676,594.867,974.24,977.495,578.535,971.815,983.526,568.876,961.301,961.295,568.881,985.057,969.205,572.833,972.743,964.147,565.968,975.34,966.912,574.166,881.635,868.068,473.988,888.059,863.989,481.555,825.485,862.778,455.098,453.315,857.334,457.855,455.532,854.278,864.125,868.963,754.312,454.758,862.426,864.717,455.652,434.025,1520.344,882.318,480.222,1037.791,981.046,583.147,595.944,976.994,585.656,582.049,972.168,580.351,1011.712,969.895,575.467,962.738,569.11,567.605,959.078,572.762,576.811,963.519,569.623,583.274,957.421,568.964,595.732,997.261,596.902,591.054,989.131,494.051,485.638,898.242,490.815,488.844,887.741,897.46,896.611,457.306,832.944,837.866,839.693,431.648,835.173,836.415,434.312,483.759,886.97,884.386,479.016,881.707,875.19,477.774,873.857,475.897,485.485,874.973,475.086,477.105,972.87,576.456,1206.686,969.8,578.252,1003.526,1181.067,1166.423,1168.807,1172.329,1175.587,1164.095,590.236,1303.856,1005.033,599.993,1010.306,908.465,906.531,910.399,491.151,466.184,871.019,881.267,882.816,468.657,867.926,869.117,456.709,864.196,840.032,845.933,441.662,876.658,893.51,479.883,477.349,875.481,878.457,474.252,874.583,879.056,892.56,474.46,478.467,874.367,879.839,927.617,496.709,496.184,906.903,914.27,919.159,1040.399,1022.403,1029.377,1025.514,1030.242,1024.181,1029.768,1028.028,1004.304,994.768,996.014,994.462,990,462.176,466.72,872.774,888.099,884.713,885.823,465.375,463.488,863.094,875.803,877.853,883.22,463.309,868.628,869.177,991.828,994.979,580.125,602.336,984.636,982.249,987.795,596.805,921.273,920.517,920.009,924.142,928.701,927.84,927.926,927.051,929.001,928.32,932.394,930.854,931.711,896.987,898.803,898.154,898.723,896.626,901.175,891.687,999.071,995.511,1000.505,1000.236,1005.244,902.142,904.536,896.171,896.626,892.462,899.1,894.397,885.573,891.847,884.643,890.641,891.961,894.455,887.156,886.404,922.083,1042.45,1036.456,1037.722,1037.805,1036.925,1034.546,1028.074,1025.796,1032.853,1030.685,1031.897,1026.27,938.451,902.727,901.791,897.046,904.313,898.647,900.04,900.586,898.473,906.672,900.14,900.682,896.593,904.678,899.742,899.085,897.171,900.003,898.622,898.95,860.388,860.616,922.713,896.874,897.671,900.64,902.792,899.492,930.629,931.432,932.219,938.088,932.831,972.352,928.541,927.38,1039.833,1036.693,1038.629,1039.622,1041.992,1032.453,1002.45,999.173,1006.14,1005.546,1011.125,1009.983,1003.415,1000.651,997.383,1005.208,1000.66,1005.552,1005.46,1003.122,996.721,997.275,995.184,901.179,473.192,894.837,896.141,900.705,902.83,903.716,904.144,866.131,861.872,897.016,894.359,892.677,893.373,892.924,897.756,897.033,892.631,891.291,891.69,947.637,942.741,931.033,932.616,1018.396,1010.539,1008.894,1019.994,1009.704,1008.44,1012.939,1011.625,999.784,997.88,1002.388,1004.473,1005.278,1007.719,1012.437,1003.485,999.085,997.933,1005.265,582.428,1021.006,994.285,998.86,999.127,997.637,1000.029,1005.131,1048.355,1034.032,1035.045,936.914,938.054,940.703,896.221,899.38,896.466,897.783,892.949,895.531,898.506,897.107,861.358,861.923,870.724,864.413,859.298,859.191,864.604,860.053,919.629,914.918,1020.78,1012.643,1017.501,1012.85,1012.687,1019.374,1009.491,1009.442,1015.677,586.558,585.244,1001.23,999.692,996.629,998.666,1001.409,1004.619,602.307,1033.579,1024.643,1027.59,1032.628,1029.105,1034.224,1038.944,1041.563,1035.078,1034.914,1035.025,1031.563,1040.604,1008.153,1008.61,906.962,866.497,873.478,874.05,867.443,863.105,867.471,862.84,863.873,869.862,865.409,868.972,862.379,867.975,866.244,869.257,918.559,912.451,483.86,521.842,903.136,906.096,904.765,1029.407,1013.235,622.254,1035.622,1038.298,1047.127,1043.548,1054.3,1051.172,1052.75,1050.839,1050.532,1039.335,1038.558,1034.943,1039.959,1013.258,1013.536,1011.815,1006.921,556.386,552.021,868.786,875.214,882.191,879.432,875.261,876.491,878.433,879.776,886.313,882.369,880.379,872.67,874.976,852.807,905.37,903.81,899.561,915.008,461.473,457.131,887.783,926.724,925.23,927.336,929.515,931.936,929.281,931.79,932.079,935.56,930.193,934.07,928.416,928.471,1048.342,1002.565,1003.209,1002.51,1001.059,672.04,1195.17,991.214,885.862,890.21,891.33,885.199,443.094,440.485,866.785,868.919,879.257,883.41,887.867,871.775,869.066,869.262,995.164,556.387,861.444,1271.397,1274.689,1274.759,895.214,899.284,903.855,903.735,1029.853,873.111,877.015,875.025,874.255,875.372,872.357,881.371,874.741,884.983,846.658,850.558,914.346,919.033,913.563,911.332,479.696,479.395,893.207,896.672,903.522,901.395,903.191,468.827,1027.853,994.581,996.934,1003.519,569.678,568.907,989.549,996.682,998.227,999.182,-0,994.115,992.137,1021.016,1018.552,1025.341,1026.554,1027.313,1027.128,1023.956,1027.678,1023.658,1023.608,1028.488,1028.225,1031.186,1022.068,987.78,988.083,990.156,554.138,992.181,993.554,558.267,551.82,887.785,888.196,894.156,894.804,894.825,895.28,895.269,462.136,484.52,887.158,-0,893.89,898.039,907.512,470.225,890.596,888.466,889.244,889.396,914.698,914.907,913.816,1015.275,1014.225,1015.27,1016.859,1016.854,1016.07,1011.603,1010.341,1013.214,1013.077,1020.762,975.189,973.321,533.404,856.941,857.635,864.413,867.061,865.428,427.52,894.357,852.482,860.945,866.579,872.207,865.678,864.172,861.633,991.267,556.804,993.627,887.623,885.469,889.79,885.801,888.985,891.137,459.849,482.529,912.494,915.104,917.766,920.289,917.135,917.324,918.591,920.243,919.282,916.994,915.821,916.949,915.381,891.926,884.686,884.214,560.578,590.901,979.343,986.089,876.328,877.543,445.382,885.667,866.149,874.437,884.571,879.68,874.239,875.791,439.624,488.417,866.268,871.993,992.436,1153.598,1158.476,1143.329,1148.469,1150.922,1173.276,1015.834,1015.203,1013.873,1011.452,1013.135,1013.897,1019.32,1018.164,1009.962,1009.632
Dryer_AP,0,0,0,0,0,0,0,0,0,0,2.471,2.471,3.068,2.283,4.243,4.243,0,0,0,0,0,0,2.204,2.204,4.212,0,0,0,0,0,2.769,2.769,4.064,0,0,2.312,2.312,4.181,2.351,2.351,3.931,3.931,0,0,2.098,2.098,4.101,0,0,0,0,2.029,2.029,4.057,0,0,0,0,0,0,0,0,2.638,1.929,2.918,2.37,2.37,4.259,0,0,0,2.547,3.887,3.887,0,0,1.915,1.915,0,2.646,2.646,4.352,4.352,0,0,2.044,2.044,3.834,0,0,2.305,2.305,4.111,0,0,0,0,0,2.257,2.257,3.899,0,0,0,0,1.894,4.249,4.249,0,1.998,1.998,4.307,4.307,2.342,2.342,4.204,4.204,0,2.339,2.339,4.113,0,2.954,2.349,4.115,4.115,2.273,2.273,4.285,0,2.144,2.144,3.934,0,0,0,0,2.377,1.782,3.863,3.863,0,0,1.978,1.978,3.716,1.946,3.971,3.971,0,2.351,2.351,4.315,2.138,2.138,0,0,0,0,2.51,4.342,4.342,2.664,2.664,0,0,3.05,2.76,2.2,2.204,2.204,4.076,4.076,0,2.358,2.358,0,0,0,2.277,2.277,0,0,0,0,2.039,4.11,4.11,0,1.827,1.827,4.271,2.383,2.383,0,2.135,2.135,3.959,3.959,2.275,4.307,4.307,2.643,3.966,3.966,1.868,1.868,0,0,1.833,1.833,0,0,2.376,2.376,2.403,4.061,0,2.159,2.159,0,0,0,2.161,2.161,3.797,2.181,2.181,0,2.373,2.373,4.082,4.082,2.051,2.051,4.445,4.445,2.198,2.198,3.858,2.089,3.871,3.871,2.619,1.852,3.911,2.631,2.631,4.71,4.71,2.209,4.283,4.283,3.052,4.097,4.097,0,1.93,1.93,4.294,4.294,2.47,3.886,1.802,0,0,2.28,2.28,3.796,3.796,2.649,2.649,0,2.303,3.912,3.912,2.132,2.132,4.313,1.918,1.918,3.75,1.902,1.902,0,2.176,2.176,4.04,2.282,2.282,4.105,2.281,2.281,0,2.314,2.314,4.433,4.433,2.137,4.262,4.262,0,0,1.879,4.472,4.472,2.968,2.968,4.329,3.602,2.509,2.509,4.008,2.093,2.093,3.945,2.215,2.215,0,2.237,2.237,3.868,2.122,3.985,3.985,2.354,4.22,4.22,2.435,3.807,2.298,2.298,3.704,1.927,1.927,3.75,2.339,2.339,4.48,2.371,2.371,3.984,3.984,2.734,0,0,0,2.635,2.635,0,0,2.379,2.379,0,2.658,2.658,2.194,4.362,2.342,4.246,4.246,2.395,3.803,3.803,1.877,0,2.301,2.301,4.182,2.55,1.911,4.083,2.921,2.921,0,0,0,0,0,0,2.231,2.231,4.291,2.306,2.306,3.853,0,0,2.802,2.802,4.43,4.43,0,2.219,4.482,4.482,2.766,4.154,4.154,0,2.671,2.671,4.303,2.091,2.091,3.663,3.663,2.475,2.475,0,0,2,2,0,0,0,2.367,2.367,4.146,4.146,0,0,0,0,0,0,0,0,0,0,0,0,0,0,2.478,2.478,4.038,4.038,0,0,2.558,2.558,4.234,4.234,0,0,2.627,2.627,0,0,3.358,3.069,2.373,4.009,4.009,0,2.418,2.418,3.975,0,0,0,0,0,0,0,0,0,0,0,0,0,0,0,0,0,0,0,0,0,0,0,0,0,0,0,0,0,0,0,0,0,0,0,0,0,0,0,3.373,3.055,0,0,0,0,0,0,0,0,0,0,0,0,0,0,0,0,0,0,0,0,0,0,0,0,0,0,0,0,0,0,0,0,0,0,0,0,0,0,0,0,0,0,0,0,0,0,3.251,3.119,0,0,0,0,0,0,0,0,0,0,0,0,0,0,0,0,0,0,0,0,0,0,1.961,4.258,4.258,0,0,0,0,0,0,0,0,0,0,0,0,0,0,0,0,0,0,0,0,3.051,3.174,0,0,0,0,0,0,0,0,0,0,0,0,0,0,0,0,0,2.262,2.262,4.219,0,0,0,0,0,0,0,0,0,0,0,0,0,0,0,0,0,0,0,0,0,0,0,0,0,0,0,3.452,2.785,0,0,0,0,0,0,0,0,0,2.575,2.575,0,0,0,0,0,0,1.985,3.847,3.847,0,0,0,0,0,0,0,0,0,0,0,0,0,0,0,0,0,0,0,0,0,0,0,0,0,0,0,0,0,3.311,2.873,2.486,2.486,4.04,4.04,0,0,0,2.527,1.978,0,0,0,0,0,0,0,0,0,0,0,0,0,0,0,0,2.158,2.158,3.859,3.859,0,0,0,0,0,0,0,0,0,0,0,0,3.368,2.918,0,0,2.735,1.905,0,0,0,0,0,0,0,0,0,0,0,0,0,0,0,0,0,0,0,1.986,1.986,3.766,0,0,0,0,2.415,2.415,4.197,4.197,0,0,0,0,0,0,3.154,3.085,2.036,0,0,0,3.106,3.106,0,0,0,0,0,0,0,0,0,0,0,0,0,0,3.567,2.893,0,0,2.521,2.521,4.314,4.314,0,0,0,2.209,2.209,3.947,0,0,2.566,2.566,3.85,3.85,0,0,0,0,0,0,0,0,0,0,0,0,0,0,0,0,0,0,0,0,0,0,2.063,3.993,3.993,2.23,2.23,4.263,4.263,0,0,0,0,0,2.71,2.71,4.046,4.046,0,0,0,2.572,4.397,4.397,0,0,0,0,0,0,0,0,0,0,0,0,0,0,0,0,0,0,2.041,4.086,4.086,0,0,0,2.268,2.268,0,0,0,0,0,0,0,2.992,2.887,2.29,3.865,0,0,0,0,0,2.767,2.767,4.164,4.164,0,0,0,0,0,0,0,0,0,0,0,0,0,0,2.087,2.087,3.744,3.744,0,0,2.478,2.478,4.231,0,0,0,0,0,1.97,1.97,4.441,4.441,3.206,2.849,0,0,0,0,0,0,0,0,0,0,0,0,0,0,0,0
OfficeOutlets_AP,7.723,7.76,0,0,0,0,0,9.427,9.427,0,0,0,8.355,7.546,7.583,9.717,9.323,9.323,7.98,7.98,0,0,0,0,0,0,0,0,0,0,9.469,8.118,7.852,0,0,0,0,0,0,0,0,9.357,9.357,0,0,0,9.241,7.795,0,0,0,0,8.995,8.995,0,0,0,0,0,0,0,0,0,0,0,0,0,0,0,0,0,0,0,0,0,0,0,0,9.52,7.822,7.983,8.88,0,0,0,0,0,0,0,0,0,0,7.853,7.853,0,0,0,0,0,0,0,0,7.829,7.829,0,0,7.875,7.875,0,0,0,0,0,0,0,0,0,0,0,0,0,0,0,0,0,0,0,0,0,0,0,0,0,0,0,0,0,9.157,7.859,0,0,0,9.313,7.791,0,0,0,9.441,9.441,0,10.011,8.052,0,0,0,7.832,7.832,7.856,0,0,0,0,0,0,0,9.527,7.793,0,7.551,7.551,0,0,0,0,0,0,0,0,7.86,7.86,0,0,0,0,0,0,0,9.092,9.092,0,0,0,0,0,0,0,0,0,9.07,9.07,0,0,0,0,0,9.109,7.696,0,0,0,0,0,0,0,0,10.024,7.643,0,0,0,0,0,0,0,0,0,0,0,0,7.696,7.696,9.082,7.832,0,0,0,0,0,7.707,7.707,0,0,0,0,0,10.173,7.8,0,0,9.108,8.989,8.989,0,0,9.39,7.646,0,0,0,0,0,0,7.56,7.56,0,0,0,0,0,0,0,0,0,0,8.868,7.393,8.795,8.795,0,0,0,0,7.465,7.604,0,0,0,0,0,0,0,0,0,0,0,0,0,0,9.04,7.722,0,0,0,0,0,0,0,0,0,9.983,7.92,0,0,0,0,7.506,9.737,7.826,0,0,0,0,0,0,0,0,0,0,0,0,0,0,9.22,9.22,0,0,0,0,9.256,7.786,7.888,9.112,0,0,9.689,8.068,0,0,0,0,0,0,0,0,0,9.174,7.506,7.506,0,0,7.72,7.72,0,0,0,0,0,0,0,0,0,0,0,0,0,9.529,7.847,7.847,8.475,7.775,0,0,0,0,8.858,8.858,7.823,9.456,7.984,9.059,9.059,0,0,0,0,0,0,7.811,7.811,7.844,7.844,0,7.742,7.742,0,0,0,9.26,7.541,0,0,9.241,9.241,0,0,0,0,7.4,7.4,0,0,0,0,9.225,9.225,0,0,0,0,0,0,0,0,0,7.81,7.867,7.814,7.814,0,0,0,0,9.128,9.128,0,0,0,0,0,0,9.823,7.6,0,0,0,0,0,0,0,0,0,0,0,9.179,9.179,9.094,9.094,0,0,0,0,0,0,0,9.213,9.155,9.155,0,0,0,0,0,9.74,8.159,7.804,0,0,0,0,0,0,0,0,0,0,0,0,0,9.818,8.383,9.281,0,9.779,8.275,9.091,7.733,0,0,9.355,7.782,0,0,0,0,0,0,0,0,0,0,9.614,7.813,0,0,0,0,0,0,0,0,7.917,7.917,9.349,9.349,0,0,0,0,0,0,0,0,0,0,0,0,9.838,7.884,0,0,0,9.163,7.696,7.672,0,9.149,9.149,7.958,0,0,0,0,0,0,0,0,9.332,7.874,0,0,9.238,7.549,9.69,7.815,0,0,0,7.912,7.912,0,0,0,0,0,0,0,0,0,0,0,0,0,9.465,10.087,7.747,0,9.603,9.603,9.261,7.744,7.879,7.879,0,0,0,0,0,0,0,0,0,0,0,0,0,9.507,9.507,0,0,0,0,0,0,9.32,9.32,9.398,9.662,9.662,0,9.545,8.176,0,0,0,7.972,9.749,7.993,0,0,0,0,0,0,0,0,0,0,0,0,0,0,0,0,0,0,0,0,0,0,9.671,8.166,9.117,7.648,0,0,0,0,0,0,0,0,0,0,0,9.699,9.699,0,9.889,9.889,0,9.808,7.904,0,0,0,0,0,0,9.7,7.992,9.331,9.331,0,9.954,8.377,0,0,0,0,9.547,8.106,0,0,0,8.038,8.038,0,0,0,0,0,0,0,0,8.002,9.325,8.066,0,0,0,0,0,10.464,8.176,9.297,7.74,0,0,0,0,0,0,0,0,0,0,0,7.807,7.807,0,0,0,0,0,0,0,0,0,0,0,0,0,0,0,0,0,0,0,0,0,0,0,7.602,7.602,9.692,9.692,0,0,0,0,0,0,0,0,0,0,0,9.21,7.673,9.484,9.08,9.08,0,0,9.442,7.729,7.638,7.638,0,0,0,7.695,7.695,0,0,0,0,0,0,0,0,0,0,0,0,8.876,8.876,0,0,0,9.157,7.8,0,0,0,0,0,0,8.655,8.655,0,0,0,0,0,8.885,8.885,0,0,0,0,0,0,0,0,0,0,0,0,0,0,0,0,8.87,8.87,0,0,0,0,9.232,7.861,0,0,0,0,0,0,0,0,9.666,9.666,0,0,9.181,9.181,9.207,7.888,9.004,9.004,0,0,0,8.993,8.993,0,0,0,0,0,9.327,9.012,0,0,9.656,7.884,0,0,0,9.093,7.85,7.85,9.191,9.191,0,0,0,0,9.496,9.496,0,0,7.694,7.694,0,0,7.752,7.752,0,0,9.522,7.753,0,9.56,8.214,0,0,0,0,0,0,0,0,0,0,0,0,0,0,7.74,7.74,0,0,0,0,0,0,0,0,0,0,9.1,7.803,0,0,0,0,9.154,7.869,0,7.86,7.86,7.788,9.177,7.64,0,0,0,0,0,0
LivingRoomOutlets_AP,0,93.179,93.179,0,0,94.244,94.328,95.299,94.049,0,0,0,92.43,94.505,94.754,95.259,92.502,94.163,93.217,0,94.57,93.224,94.296,97.989,0,0,0,0,97.096,94.702,96.513,96.576,93.993,0,95.396,95.396,0,0,95.01,92.702,94.338,0,0,0,0,0,0,0,0,0,0,0,0,98.507,97.736,0,0,0,103.311,103.311,0,0,104.892,104.843,104.236,0,0,0,0,0,0,105.56,104.634,105.039,105.039,0,0,0,104.566,103.62,0,0,0,0,0,0,0,0,0,0,0,0,104.743,103.655,103.921,103.083,103.083,103.564,103.564,0,0,105.766,103.918,0,105.176,104.453,0,0,104.227,104.227,0,0,0,0,106.549,106.549,0,0,0,0,0,0,0,0,104.41,104.41,0,0,0,0,0,0,0,0,104.715,103.711,104.065,0,0,0,0,0,0,0,0,0,0,104.184,104.184,0,104.607,104.232,0,104.09,103.742,103.742,102.469,102.469,0,0,0,0,0,0,103.332,103.332,0,0,103.798,103.962,0,104.086,102.872,103.11,103.11,105.009,104.185,0,0,0,0,0,0,104.061,102.646,102.381,0,0,0,0,0,0,104.157,104.627,104.627,0,0,103.817,103.985,104.2,0,0,0,0,0,0,0,104.149,103.035,0,103.567,103.567,0,0,0,104.152,105.446,105.446,104.619,104.619,0,0,0,105.027,105.027,0,0,0,0,0,104.713,104.713,0,0,0,0,104.206,104.283,104.857,103.825,0,104.811,104.811,104.98,104.98,104.318,102.985,103.989,104.017,104.017,0,0,0,0,104.528,104.528,104.277,104.277,0,0,104.913,104.913,105.233,103.956,0,0,0,0,0,104.589,106.539,106.539,0,103.846,104.408,103.466,104.792,104.792,104.769,0,0,0,0,104.504,104.504,0,0,103.452,103.452,0,0,0,104.781,102.58,0,105.401,103.91,106.143,106.143,105.699,103.92,103.92,0,0,0,0,0,0,0,106.356,105.259,0,103.622,103.622,105.646,105.646,105.76,103.472,0,104.179,104.032,104.683,103.633,0,0,0,0,0,0,0,0,0,0,103.587,103.587,0,0,0,102.958,105.894,104.353,104.588,103.842,103.022,103.022,0,103.694,104.704,103.546,103.546,103.728,103.728,0,105.253,103.9,104.347,104.53,103.917,104.109,104.109,0,0,103.601,103.601,0,0,0,0,103.911,103.071,0,103.921,103.921,103.114,103.114,103.969,103.969,104.347,102.807,104.502,104.117,104.117,0,104.856,103.983,105.83,104.317,103.922,102.745,0,102.823,102.823,0,0,0,0,0,104.052,103.097,0,0,0,103.501,103.313,0,102.538,102.538,103.324,103.324,0,0,0,0,103.704,103.704,104.025,104.025,103.67,102.868,102.868,0,0,0,104.309,103.453,103.118,102.94,103.216,0,0,0,0,0,0,104.982,103.165,0,0,0,0,0,0,102.545,102.545,102.754,102.754,104.006,104.006,0,0,104.706,103.273,104.441,103.477,103.477,0,0,0,0,0,104.182,102.7,102.7,0,0,0,0,0,104.215,104.136,103.451,102.674,103.032,102.624,0,0,0,0,0,0,0,0,103.995,103.995,103.789,0,105.476,103.318,0,103.853,103.853,0,0,0,104.702,105.391,104.078,0,104.493,103.988,0,0,0,0,0,0,0,104.44,103.359,104.211,104.245,103.506,0,103.952,102.921,0,0,104.298,104.298,0,103.699,103.699,0,105.174,105.006,103.516,105.401,105.651,103.922,0,103.352,103.352,104.465,104.699,103.488,0,0,0,0,0,0,0,105.124,103.964,0,0,104.456,103.429,0,103.526,103.526,0,104.489,103.362,104.765,0,0,0,103.343,103.343,0,0,0,0,103.595,103.595,0,0,0,0,0,0,0,103.779,103.779,103.6,0,103.993,102.784,103.153,0,0,0,0,0,0,0,0,0,102.921,102.921,103.691,104.742,106.03,104.379,0,103.884,103.884,104.485,103.719,103.719,0,0,0,0,0,0,0,0,0,0,0,0,0,0,104.213,104.05,0,104.491,104.491,0,0,104.618,104.618,103.85,103.85,103.165,104.346,103.187,103.187,0,0,0,0,104.501,104.501,102.68,102.905,102.703,104.162,103.091,0,104.214,103.995,103.927,104.091,104.37,0,0,0,0,104.479,103.491,104.498,103.724,0,0,0,0,0,103.4,103.746,104.096,0,104.036,102.886,103.282,0,0,0,103.952,104.625,105.001,104.138,104.764,103.663,0,104.959,102.904,102.407,102.407,0,104.145,103.165,0,104.851,103.719,0,104.661,103.737,103.386,103.386,0,104.618,103.96,104.296,103.543,0,0,0,0,106.308,106.308,0,0,0,106.007,106.618,104.703,0,0,105.796,104.412,0,0,0,0,0,0,0,96.113,96.113,96.964,94.694,0,0,0,0,0,0,0,0,0,0,0,0,93.658,92.636,92.122,93.713,92.816,92.816,0,0,0,0,0,0,0,0,0,0,0,95.471,94.447,95.102,0,0,0,0,0,94.418,94.418,93.486,93.486,93.117,0,94.947,94,93.876,0,0,0,0,0,0,92.017,92.017,93.287,92.537,93.457,0,0,0,92.569,91.977,0,0,0,0,0,0,0,0,0,0,0,93.334,93.334,0,96.982,96.25,96.25,96.849,95.859,97.152,0,0,0,0,96.927,96.243,96.998,0,96.632,95.767,96.63,95.392,0,0,0,0,95.073,95.073,0,0,0,0,0,0,0,0,0,0,0,0,0,95.76,94.836,0,0,0,95.531,95.531,97.065,97.281,99.171,96.768,98.57,96.444,0,97.427,96.177,96.917,0,96.85,96.055,98.962,97.199,0,0,0,0,97.59,98.081,97.075,96.8,94.982,94.915,0,94.574,94.91,94.479,94.505,92.1,92.883,91.981,0,92.156,93.443,93.619,92.316,93.066,89.682,90.54,90.894,91.559,0,0,0,91.637,92.871,92.173,92.271,93.368,0,93.214,93.102,94.879,0,0,94.618,95.52,94.94,96.067,96.253,94.613,0,0,95.154,95.668,94.199,94.172,93.238,0,0,0,94.445,93.56,0,0,0,95.574,94.011,93.974,94.92,0,0,96.425,95.821,96.643,94.826,96.39,95.506,96.114,95.71,95.71,0,0,0,95.093,94.916,97.024,95.366,95.67,96.573,96.027,96.027,0,0,92.685,93.37,93.37,93.328,95.491,95.491,94.137,95.566,94.015,94.331
GuestBathOutlets_AP,0,0,0,0,0,0,0,0,0,0,0,0,1.766,1.766,0,0,0,0,0,0,0,0,0,0,0,0,0,0,0,0,0,0,0,0,0,0,0,0,0,0,0,0,0,0,0,0,0,0,0,0,0,0,0,0,0,0,0,0,0,0,0,0,0,0,0,0,0,0,0,0,0,0,0,0,0,0,0,0,0,0,0,0,0,0,0,0,0,0,0,0,0,0,0,0,0,0,0,0,0,0,0,0,0,0,0,0,0,0,0,0,0,0,0,0,0,0,0,0,0,0,0,0,0,0,0,0,0,0,0,0,0,0,0,0,0,0,0,0,0,0,0,0,0,0,0,0,0,0,0,0,0,0,0,0,0,0,0,0,0,0,0,0,0,0,0,0,0,0,0,0,0,0,0,0,0,0,0,0,0,0,0,0,0,0,0,0,0,0,0,0,0,0,0,0,0,0,0,0,0,0,0,0,0,0,0,0,0,0,0,0,0,0,0,0,0,0,0,0,0,0,0,0,0,0,0,0,0,0,0,0,0,0,0,0,0,0,0,0,0,0,0,0,0,0,0,0,0,0,0,0,0,0,0,0,0,0,0,0,0,0,0,0,0,0,0,0,0,0,0,0,0,0,0,0,0,0,0,0,0,0,0,0,0,0,0,0,0,0,0,0,0,0,0,0,0,0,0,0,0,0,0,0,0,0,0,0,0,0,0,0,0,0,0,0,0,0,0,0,0,0,0,0,0,0,0,0,0,0,0,0,0,0,0,0,0,0,0,0,0,0,0,0,0,0,0,0,0,0,0,0,0,0,0,0,0,0,0,0,0,0,0,0,0,0,0,0,0,0,0,0,0,0,0,0,0,0,0,0,0,0,0,0,0,0,0,0,0,0,0,0,0,0,0,0,0,0,0,0,0,0,0,0,0,0,0,0,0,0,0,0,0,0,0,0,0,0,0,0,0,0,0,0,0,0,0,0,0,0,0,0,0,0,0,0,0,0,0,0,0,0,0,0,0,0,0,0,0,0,0,0,0,0,0,0,0,0,0,0,0,0,0,0,0,0,0,0,0,0,0,0,0,0,0,0,0,0,0,0,0,0,0,0,0,0,0,0,0,0,0,0,0,0,0,0,0,0,0,0,0,0,0,0,0,0,0,0,0,0,0,0,0,0,0,0,0,0,0,0,0,0,0,0,0,0,0,0,0,0,0,0,0,0,0,0,0,0,0,0,0,0,0,0,0,0,0,0,0,0,0,0,0,0,0,0,0,0,0,0,0,0,0,0,0,0,0,0,0,0,0,0,0,0,0,0,0,0,0,0,0,0,0,0,0,0,0,0,0,0,0,0,0,0,0,0,0,0,0,0,0,0,0,0,0,0,0,0,0,0,0,0,0,0,0,0,0,0,0,0,0,0,0,0,0,0,0,0,0,0,0,0,0,0,0,0,0,0,0,0,0,0,0,0,0,0,0,0,0,0,0,0,0,0,0,0,0,0,0,0,0,0,0,0,0,0,0,0,0,0,0,0,0,0,0,0,0,0,0,0,0,0,0,0,0,0,0,0,0,0,0,0,0,0,0,0,0,0,0,0,0,0,0,0,0,0,0,0,0,0,0,0,0,0,0,0,0,0,0,0,0,0,0,0,0,0,0,0,0,0,0,0,0,0,0,0,0,0,0,0,0,0,0,0,0,0,0,0,0,0,0,0,0,0,0,0,0,0,0,0,0,0,0,0,0,0,0,0,0,0,0,0,0,0,0,0,0,0,0,0,0,0,0,0,0,0,0,0,0,0,0,0,0,0,0,0,0,0,0,0,0,0,0,0,0,0,0,0,0,0,0,0,0,0,0,0,0,0,0,0,0,0,0,0,0,0,0,0,0,0,0,0,0,0,0,0,0,0,0,0,0,0,0,0,0,0,0,0,0,0,0,0,0,0,0,0,0,0,0,0,0,0,0,0,0,0,0,0,0,0,0,0,0,0,0,0,0,0,0,0,0,0,0,0,0,0,0,0,0,0,0,0,0,0,0,0,0,0,0,0,0,0,0,0,0,0,0,0,0,0,0,0,0,0,0,0,0,0,0,0,0,0,0,0,0,0,0,0,0,0,0,0,0,0,0,0,0,0,0,0,0,0,0,0,0,0,0,0,0,0,0,0,0,0,0,0,0,0,0,0,0,0
MasterBathOutlets_AP,0,0,0,0,0,0,0,0,0,0,0,0,2.951,2.951,0,0,0,0,0,0,0,0,0,0,0,0,0,0,0,0,0,4.422,4.422,0,0,0,0,0,0,0,0,0,0,0,0,0,0,0,0,0,0,0,0,0,0,0,0,0,0,0,0,0,0,0,0,0,0,0,0,0,0,0,0,0,0,0,0,0,0,0,0,0,0,0,0,0,0,0,0,0,0,0,0,0,0,0,0,0,0,0,0,0,0,0,0,0,0,0,0,0,0,0,0,0,0,0,0,0,0,0,0,0,0,0,0,0,0,0,0,0,0,0,0,0,0,0,0,0,0,0,0,0,0,0,0,0,0,0,0,0,0,0,0,0,0,0,0,0,0,0,0,0,0,0,0,0,0,0,0,0,0,0,0,0,0,0,0,0,0,0,0,0,0,0,0,0,0,0,0,0,0,0,0,0,0,0,0,0,0,0,0,0,0,0,0,0,0,0,0,0,0,0,0,0,0,0,0,0,0,0,0,0,0,0,0,0,0,0,0,0,0,0,0,0,0,0,0,0,0,0,0,0,0,0,0,0,0,0,0,0,0,0,0,0,0,0,0,0,0,0,0,0,4.698,4.698,0,0,0,0,0,0,0,0,0,0,0,0,0,0,0,0,0,0,0,0,0,0,0,0,0,0,0,0,0,0,0,0,0,0,0,0,0,0,0,0,0,0,0,0,0,0,0,0,0,0,0,0,0,0,0,0,0,0,0,0,0,0,0,0,0,0,0,0,0,0,0,0,0,0,0,0,0,0,0,0,0,0,0,0,0,0,0,0,0,0,0,0,0,0,0,0,0,0,0,0,0,0,0,0,0,0,0,0,0,0,0,0,0,0,0,0,0,0,0,0,0,0,0,0,0,0,0,0,0,0,0,0,0,0,0,0,0,0,0,0,0,0,0,0,0,0,0,0,0,0,0,0,0,0,0,0,0,0,0,0,0,0,0,0,0,0,0,0,0,0,0,0,0,0,0,0,0,0,0,0,0,0,0,0,0,0,4.438,4.438,0,0,0,0,0,0,0,0,0,0,0,0,0,0,0,0,0,0,0,0,0,0,0,0,0,0,0,0,0,0,0,0,0,0,0,0,0,0,0,0,0,0,0,0,0,0,0,0,0,0,0,0,0,0,0,0,0,0,0,0,0,0,0,0,0,0,0,0,0,0,0,0,0,0,0,0,0,0,0,0,0,0,0,0,0,0,0,0,0,0,0,0,0,0,0,0,0,0,0,0,0,0,0,0,0,0,0,0,0,0,0,0,0,0,0,0,0,0,0,0,0,0,0,0,0,0,0,0,0,0,0,0,0,0,0,0,0,0,0,0,0,0,0,0,0,0,0,0,0,0,0,0,0,0,0,0,0,0,0,0,0,0,0,0,0,0,0,0,0,0,0,0,0,0,0,0,0,0,0,0,0,0,0,0,0,0,0,0,0,0,0,0,0,0,0,0,0,0,0,0,0,0,0,0,0,0,0,0,0,0,0,0,0,0,0,0,0,0,0,0,0,0,0,0,0,0,0,0,0,0,0,0,0,0,0,0,0,0,0,0,0,0,0,0,0,0,0,0,0,0,0,0,0,0,0,0,0,0,0,0,0,0,0,0,0,0,0,0,0,0,0,0,0,0,0,0,0,0,0,0,0,0,0,0,3.958,3.958,0,0,0,0,0,0,0,0,0,0,0,0,0,0,0,0,0,0,0,0,0,0,0,0,0,0,0,0,0,0,0,0,0,0,0,0,0,0,0,0,0,0,0,0,0,0,0,0,0,0,0,0,0,0,0,0,0,0,0,0,0,0,4.204,4.204,0,0,0,0,0,0,0,0,0,0,0,0,0,0,0,0,0,0,0,0,0,0,0,0,0,0,0,0,0,0,0,0,0,0,0,0,0,0,0,0,0,0,0,0,0,0,0,0,0,0,0,0,0,0,0,0,0,0,0,0,0,0,0,0,0,0,0,0,0,0,0,0,0,0,0,0,0,0,0,0,0,0,0,0,0,0,0,0,0,0,0,0,0,0,0,0,0,0,0,0,0,0,0,0,0,0,0,0,0,0,0,0,0,0,0,0,0,0,0,0,0,0,0,0,0,0,0,0,0,0,0,0,0,0,0,0,0,0,0,0,0,0,0,0,0,0,0,0,0,0,0,0,0,0,0,0,0,0
LivingRoomPatioLights_AP,0,0,0,0,0,0,0,0,0,0,0,0,9.917,9.917,10.197,10.197,0,0,0,0,0,0,0,0,0,0,0,0,0,0,0,9.992,9.992,0,0,0,0,0,0,0,0,0,0,0,0,0,0,0,0,0,0,9.481,9.481,0,0,0,0,0,0,0,0,0,9.359,9.359,0,0,0,0,0,0,0,0,0,0,0,0,9.544,9.544,0,0,0,0,0,0,0,0,0,0,0,0,9.616,9.616,0,0,0,0,0,0,0,0,0,0,0,0,0,0,0,0,0,0,0,9.744,9.744,0,0,0,0,0,0,0,0,0,0,9.616,9.616,9.616,0,0,0,0,0,0,0,0,0,0,0,0,0,0,0,0,0,0,0,0,0,0,0,0,0,0,0,9.448,9.448,0,0,0,0,0,0,0,0,0,0,0,0,0,0,0,0,0,0,0,0,0,0,0,0,0,0,0,0,0,0,0,0,0,0,0,0,0,0,0,0,0,0,0,0,0,0,0,0,0,0,0,0,0,0,0,0,0,0,0,0,0,0,0,0,0,0,0,0,0,0,0,0,0,0,0,0,0,0,0,0,0,0,0,0,0,0,0,0,0,0,11.27,9.617,0,0,0,0,0,0,0,0,0,0,0,0,0,0,0,9.715,9.478,0,0,0,0,0,0,0,0,0,0,0,0,0,0,0,9.415,9.415,0,9.52,9.52,0,0,0,0,9.875,9.875,0,0,0,0,0,0,0,0,0,0,0,0,0,0,0,0,0,0,0,11.164,9.638,0,0,0,0,0,9.572,9.572,0,0,0,0,0,0,0,0,0,0,0,0,0,0,0,0,0,0,0,0,0,0,0,0,0,0,0,0,0,0,0,0,0,0,0,0,0,0,10.078,10.078,0,0,0,0,0,0,0,0,0,0,0,0,0,0,0,0,0,0,0,0,0,0,0,0,0,0,0,0,0,0,0,0,0,0,0,0,0,0,0,0,0,0,0,0,0,0,0,0,0,0,0,0,0,0,0,0,0,0,0,0,0,0,0,0,0,0,0,0,0,0,0,0,0,0,0,0,9.733,9.733,0,0,0,0,0,0,0,0,0,0,0,0,0,0,9.711,9.711,0,0,0,0,0,0,0,0,0,0,0,0,0,0,0,0,0,0,0,0,0,0,0,0,0,0,0,0,0,0,0,0,0,0,0,0,0,0,0,0,0,0,0,0,0,0,9.872,9.872,0,0,0,0,0,0,0,0,0,0,0,0,0,0,0,0,0,0,0,0,0,0,0,0,0,0,0,0,0,0,0,0,0,0,0,0,0,0,0,0,0,0,0,0,0,0,0,0,0,0,0,0,0,0,0,0,0,0,0,0,0,0,0,0,0,0,0,0,0,0,0,0,0,0,0,0,0,0,0,0,0,0,0,0,0,0,0,0,0,0,0,0,0,0,0,0,0,0,0,0,0,0,0,0,0,0,0,0,0,0,0,0,0,0,0,0,0,0,0,0,0,0,0,0,0,0,0,0,0,0,0,0,0,0,0,0,0,0,0,0,0,0,9.935,9.935,0,0,0,0,0,0,0,0,0,0,0,0,0,0,0,0,0,0,0,0,0,0,0,0,0,0,0,0,0,0,0,0,0,0,0,0,0,0,0,0,0,0,0,0,0,0,0,0,0,9.929,11.324,0,0,0,0,0,0,0,0,0,0,0,0,0,0,0,0,0,0,0,0,0,0,0,0,0,9.738,9.738,0,0,0,0,0,0,0,0,0,0,0,0,0,0,9.762,9.583,0,0,0,0,0,0,0,0,0,0,0,0,0,0,0,0,0,0,0,0,0,0,0,0,0,0,0,0,0,0,0,0,0,0,0,0,0,0,0,0,0,0,0,0,0,0,9.444,9.444,0,0,0,0,0,0,0,0,0,0,0,0,0,0,9.836,9.657,0,0,0,0,9.612,9.612,0,0,0,9.53,9.53,0,0,0,0,0,9.884,9.884,0,0,0,0,0,0,0,0,0,0,0,0,0,0,0,0,0,0,0,0,0,0,0,0,0,0,0,0,0,0,0,0,0,0,0,0,0,0,0,0,0,0,9.935,9.935,0,0,0,0,0,0,0,0,0,0,0,0,0,0,0,0,0,0,9.227,9.227,0,0,0,0,0,0,0,0,0,0,0,0,0,0,0,0,0,0,0,0,0,0,0,0,0,0,0,0,0,0,0,0,0,0,0,0,0,0,0,0,0,0,0,0,0,0,0,0,0,0,0,0,0,0,0,0,0,0,9.724,9.724,0,0,0,0,0,0,0,0,0,0,0,0,0,0,0,0
GuestBathHallLights_AP,0,0,0,0,0,0,0,0,0,0,0,0,14.802,14.572,15.906,14.566,0,0,0,0,0,0,0,0,0,0,0,0,0,0,0,0,0,0,14.733,14.733,0,0,0,0,0,0,0,0,0,0,0,0,0,0,0,0,0,0,0,0,0,0,0,0,0,0,0,0,0,0,0,0,0,0,0,0,0,0,0,0,0,0,0,0,0,0,0,0,0,0,0,0,0,0,0,0,0,0,0,0,0,0,0,0,0,0,0,0,0,0,0,0,0,0,0,0,0,0,0,0,0,0,0,0,0,0,0,0,0,0,0,0,0,0,0,0,0,0,0,0,0,0,0,0,0,0,0,0,0,0,0,0,0,0,0,0,0,0,0,0,0,0,0,0,0,0,0,0,0,0,0,0,0,0,0,0,0,0,0,0,0,0,0,0,0,0,0,0,0,0,0,0,0,0,0,0,0,0,0,0,0,0,0,0,0,0,0,0,0,0,0,0,0,0,0,0,0,0,0,16.373,16.004,14.542,0,0,0,0,0,0,0,0,0,0,0,0,0,0,0,0,0,0,0,0,14.518,14.518,0,0,0,0,0,0,0,0,0,0,0,0,0,0,0,0,0,0,0,0,0,0,0,0,0,0,0,0,0,0,0,0,0,0,0,0,0,0,0,0,0,0,0,0,0,0,0,0,0,0,0,0,14.45,14.45,0,0,0,0,0,0,0,0,0,0,0,0,0,0,0,0,0,0,0,0,0,0,0,0,0,0,0,0,0,0,0,0,0,0,0,0,0,0,0,0,0,0,0,0,0,0,16.256,16.256,0,0,0,0,0,0,0,0,0,0,0,0,0,0,0,0,0,0,0,0,0,0,0,0,0,0,0,0,0,0,0,0,0,15.899,14.36,15.955,15.955,14.326,0,0,0,0,0,16.065,16.065,0,0,0,0,0,0,0,0,0,0,0,0,0,0,0,0,0,0,0,0,0,0,0,0,0,0,0,0,0,15.596,15.596,0,0,0,0,0,15.865,15.865,0,0,0,0,0,0,0,0,0,16.04,14.558,0,0,0,0,0,0,0,0,0,0,0,0,0,0,0,0,0,0,0,0,0,0,0,0,0,0,0,0,0,0,0,0,0,0,0,0,0,0,0,0,0,0,0,0,0,0,0,0,0,0,0,0,0,0,0,0,0,0,0,16.073,16.073,0,0,0,0,0,0,0,0,0,0,0,0,0,0,0,0,0,0,0,0,0,0,0,0,0,0,0,14.445,14.439,0,0,0,0,0,0,0,0,0,0,0,0,0,0,0,0,0,0,0,0,0,0,0,14.434,14.434,15.868,15.868,0,0,0,0,0,0,0,0,0,0,0,0,0,0,0,0,0,0,0,0,0,0,0,0,0,0,0,0,0,0,0,0,0,0,0,0,0,0,0,16.116,14.516,0,0,0,0,0,0,14.642,14.642,0,0,0,0,0,0,0,0,0,0,0,0,0,0,0,0,0,0,0,0,0,0,0,0,0,0,0,0,0,0,0,0,0,0,0,0,0,0,0,0,0,0,0,0,0,0,0,0,0,0,0,16.341,14.803,0,0,0,0,0,0,0,0,0,15.842,15.842,14.635,0,0,0,0,0,15.923,14.721,15.973,15.973,0,0,0,0,0,15.906,15.906,0,0,0,0,0,0,0,0,0,0,0,0,16.771,14.858,16.299,14.786,0,0,0,0,0,0,0,0,14.831,14.831,0,0,0,0,0,0,0,0,0,0,0,0,0,14.546,14.546,0,0,0,0,0,0,0,0,0,0,0,0,0,0,0,15.878,14.484,0,0,0,0,0,0,0,0,0,0,0,0,0,0,0,0,0,0,0,0,0,0,0,0,0,0,0,0,0,0,0,0,0,0,0,0,0,0,0,0,0,0,0,0,0,0,0,0,0,0,0,0,0,0,0,0,0,0,0,0,0,0,0,0,0,0,0,0,0,0,0,0,0,0,0,0,0,0,0,0,0,0,0,0,0,0,0,0,0,0,0,0,0,0,0,0,0,0,0,0,0,0,0,0,0,0,0,0,0,0,0,0,0,0,0,0,0,0,0,0,0,0,0,0,0,0,0,0,0,0,0,0,0,0,14.101,14.101,0,0,0,15.069,14.085,14.104,0,0,0,0,0,0,14.275,14.275,15.574,14.195,0,0,0,0,0,0,0,0,0,0,0,14.361,14.361,0,0,0,0,0,0,14.307,14.307,0,0,0,0,0,0,0,0,0,0,0,0,0,0,0,0,0,0,0,0,0,0,0,0,0,0,0,0,0,0,0,0,0,0,0,0,0,0,0,0,0,0,0,0,0,0
DiningRoomOutlets_AP,24.881,24.881,0,0,0,0,24.512,24.512,0,0,24.499,24.499,23.926,25.503,25.438,24.794,24.794,0,0,25.332,24.45,0,25.672,25.672,0,0,0,0,0,0,25.381,24.538,0,25.316,25.316,0,0,0,0,0,0,25.758,25.758,24.119,0,0,25.337,25.304,0,0,0,0,0,0,0,0,0,0,27.31,27.31,0,0,0,26.401,26.401,26.536,26.536,0,0,0,0,0,0,0,0,0,28.168,27.837,27.326,26.296,27.266,26.097,0,0,27.17,27.17,0,0,0,0,0,28.135,26.395,0,27.59,26.037,26.225,0,0,26.187,26.187,27.228,26.247,0,0,0,26.217,26.217,0,0,0,0,0,0,26.14,26.14,27.877,27.877,26.188,0,0,0,26.177,26.177,0,0,0,0,0,27.388,26.443,26.379,26.247,27.984,0,0,27.69,26.336,26.705,26.2,26.639,0,0,27.191,26.153,26.129,26.129,27.558,26.333,25.877,27.06,25.965,0,0,0,27.111,25.939,0,0,0,26.875,27.117,27.117,26.974,26.974,25.838,25.838,25.846,0,0,0,0,27.726,25.88,0,0,0,26.4,27.674,27.674,0,0,27.921,27.921,0,0,0,0,0,0,0,0,0,26.161,26.161,27.407,26.374,26.374,0,26.148,26.148,0,0,0,0,0,0,27.442,27.845,0,27.832,27.832,26.412,0,0,26.22,28.46,26.36,0,0,0,0,0,0,0,0,0,27.65,27.65,26.27,26.135,27.238,0,0,0,0,26.293,26.293,26.36,26.306,27.208,26.518,0,0,0,27.861,28.317,28.317,27.453,27.453,27.451,27.959,26.482,27.344,26.351,26.351,0,0,0,0,26.528,26.608,26.241,26.241,27.523,27.523,26.37,26.37,0,0,0,0,0,26.185,26.185,0,28.11,26.304,26.167,26.287,0,0,26.075,26.153,0,0,0,26.361,26.463,0,0,0,28.08,27.662,26.135,26.135,0,0,27.428,26.357,26.099,26.099,0,0,0,0,0,0,0,26.643,28.492,0,27.294,27.294,0,0,28.533,26.081,26.185,27.32,26.071,26.115,26.115,0,0,0,27.409,27.409,0,0,0,0,26.237,27.216,0,27.407,27.407,0,0,26.3,26.366,27.513,26.215,26.215,27.356,27.636,26.135,26.135,26.096,0,26.347,26.347,27.432,27.432,27.535,26.134,28.617,27.18,0,27.859,27.489,26.203,0,0,27.427,26.23,26.709,27.997,0,27.397,27.397,0,0,0,0,27.446,27.876,26.536,26.44,26.474,0,0,0,0,27.294,26.29,26.264,26.161,26.161,26.563,26.049,0,0,0,27.732,27.305,27.305,26.151,26.151,0,27.541,27.291,27.291,0,0,0,0,0,0,0,0,0,0,0,0,0,27.746,27.382,27.382,0,0,0,0,26.239,26.173,0,26.336,26.336,0,0,0,26.338,26.338,0,26.235,26.272,26.173,27.86,27.715,26.141,0,0,27.44,27.44,0,27.323,26.005,0,0,0,0,27.835,26.114,0,0,26.351,26.351,0,0,0,27.855,27.336,26.461,27.333,26.352,27.5,26.144,0,26.532,26.532,0,0,0,0,27.907,27.339,0,0,26.087,26.087,26.247,26.247,0,26.209,26.209,0,27.423,27.423,27.792,27.368,27.368,0,0,0,26.307,26.349,26.377,0,0,27.816,26.185,0,27.764,26.624,0,0,27.442,26.84,26.229,26.283,26.389,26.389,0,0,0,0,27.62,27.62,0,0,0,27.582,26.374,0,26.65,28.193,0,0,0,0,0,28.056,28.056,0,0,0,26.276,26.276,27.48,26.192,0,27.624,26.48,26.48,0,0,0,0,27.636,27.636,27.742,27.238,27.238,26.255,0,27.446,26.197,0,27.54,26.334,26.196,0,27.404,27.404,0,0,0,0,0,0,0,0,28.418,26.543,26.665,26.665,0,26.438,27.836,0,0,0,0,0,0,0,26.481,26.481,0,0,26.279,26.352,26.312,26.357,26.357,0,0,27.941,26.407,0,0,0,0,0,0,27.405,27.98,26.491,0,0,0,0,0,0,0,26.726,27.547,0,0,0,0,27.848,27.848,0,27.965,26.875,27.954,28.185,0,27.812,26.527,0,0,0,27.618,27.618,28.02,27.986,26.736,26.573,26.573,0,26.493,26.493,26.525,27.374,27.374,27.668,0,27.387,27.387,28.02,28.02,26.382,26.382,0,0,27.801,27.801,27.433,27.433,27.8,26.47,27.524,27.524,26.412,26.412,0,0,0,26.46,27.37,26.374,26.415,26.556,26.556,28.225,26.436,0,0,26.446,27.778,26.369,27.487,26.469,26.361,26.361,0,27.545,26.475,27.582,27.526,27.526,26.707,28.057,27.892,27.892,26.724,0,0,26.76,26.76,27.67,27.67,27.948,26.804,26.76,27.136,26.808,27.514,0,26.63,26.63,0,0,0,0,0,0,0,24.712,24.712,25.497,24.136,23.737,23.737,0,0,24.896,24.896,0,0,23.61,23.61,24.855,0,24.808,23.757,0,23.641,23.641,0,24.302,24.302,0,0,0,0,0,0,0,0,0,0,0,0,0,0,0,0,0,23.366,23.366,23.668,24.625,24.625,0,24.409,24.453,0,0,0,0,24.547,23.603,0,25.368,25.368,0,0,0,0,0,0,0,0,0,0,0,24.69,24.69,23.698,24.862,0,0,0,0,0,24.267,24.267,0,25.448,25.216,25.236,25.236,25.472,25.472,0,0,0,25.266,25.266,25.317,0,0,0,25.511,24.87,24.87,0,24.872,23.934,25.105,25.288,23.927,24.857,23.95,23.983,0,0,0,0,0,25.08,25.08,0,0,0,24.789,24.789,24.131,0,0,24.736,23.925,24.961,24.961,0,0,0,24.195,25.19,25.315,24.073,0,0,0,24.053,24.053,24.201,24.201,0,0,0,0,24.333,24.333,23.951,24.007,0,0,24.419,24.415,23.476,0,23.554,23.362,0,0,24.476,23.746,23.424,0,0,23.086,23.086,0,0,0,23.087,23.087,23.969,23.215,23.138,23.138,0,23.52,23.52,23.802,23.802,0,24.706,24.706,0,0,23.892,23.892,0,0,23.729,23.729,24.01,24.423,24.458,0,0,0,0,0,0,24.881,24.911,0,0,0,0,0,0,0,24.761,24.761,0,0,0,0,0,25.605,25.605,0,0,23.865,23.994,24.151,24.151,24.241,0,0,0,0,0,0,0,0,0,0,0,23.832,23.832,24.504,24.504
OutsideOutlets_AP,0,0,0,0,0,0,0,0,0,0,0,0,1.678,1.678,0,0,0,0,0,0,0,0,0,0,0,0,0,0,0,0,0,3.479,2.73,0,0,0,0,0,0,0,0,0,0,0,0,0,0,0,0,0,0,0,0,0,0,0,0,0,0,0,0,0,0,0,0,0,0,0,0,0,0,0,0,0,0,0,0,0,0,0,0,0,0,0,0,0,0,0,0,0,0,0,0,0,0,0,0,0,0,0,0,0,0,0,0,0,0,0,0,0,0,0,0,0,0,0,0,0,0,0,0,0,0,0,0,0,0,0,0,0,0,0,0,0,0,0,0,0,0,0,0,0,0,0,0,0,0,0,0,0,0,0,0,0,0,0,0,0,0,0,0,0,0,0,0,0,0,0,0,0,0,0,0,0,0,0,0,0,0,0,0,0,0,0,0,0,0,0,0,0,0,0,0,0,0,0,0,0,0,0,0,0,0,0,0,0,0,0,0,0,0,0,0,0,0,0,0,0,0,0,0,0,0,0,0,0,0,0,0,0,0,0,0,0,0,0,0,0,0,0,0,0,0,0,0,0,0,0,0,0,0,0,0,0,0,0,0,0,0,0,0,0,3.038,2.005,0,0,0,0,0,0,0,0,0,0,0,0,0,0,0,0,0,0,0,0,0,0,0,0,0,0,0,0,0,0,0,0,0,0,0,0,0,0,0,0,0,0,0,0,0,0,0,0,0,0,0,0,0,0,0,0,0,0,0,0,0,0,0,0,0,0,0,0,0,0,0,0,0,0,0,0,0,0,0,0,0,0,0,0,0,0,0,0,0,0,0,0,0,0,0,0,0,0,0,0,0,0,0,0,0,0,0,0,0,0,0,0,0,0,0,0,0,0,0,0,0,0,0,0,0,0,0,0,0,0,0,0,0,0,0,0,0,0,2.758,1.552,0,0,0,0,0,0,0,0,0,0,0,0,0,0,0,0,0,0,0,0,0,0,0,0,0,0,0,0,0,0,0,0,0,0,0,0,0,0,0,0,0,0,0,0,0,0,2.78,2.127,0,0,0,0,0,0,0,0,0,0,0,0,0,0,0,0,0,0,0,0,0,0,0,0,0,0,0,0,0,0,0,0,0,0,0,0,0,0,0,0,0,0,0,0,0,0,2.837,1.964,0,0,0,0,0,0,0,0,0,0,0,0,0,0,0,0,0,0,0,0,0,0,0,0,0,0,0,0,0,0,0,0,0,0,0,0,0,0,0,0,0,0,0,0,0,0,0,0,0,0,0,0,0,0,0,0,0,0,0,0,0,0,0,0,0,0,0,0,0,0,0,0,0,0,0,0,0,0,0,0,0,0,0,0,0,0,0,0,0,0,0,0,0,0,0,0,0,0,0,0,0,0,0,0,0,0,0,0,0,0,0,0,0,0,0,0,0,0,0,0,0,0,0,0,0,0,0,0,0,0,0,0,0,0,0,0,0,0,0,0,0,0,2.601,2.601,0,0,0,0,0,0,0,0,0,0,0,0,0,0,0,0,0,0,0,0,0,0,0,0,0,0,0,0,0,0,0,0,0,0,0,0,0,0,0,0,0,0,0,0,0,0,0,0,0,2.494,1.398,0,0,0,0,0,0,0,0,0,0,0,0,0,0,0,0,0,0,0,0,0,0,0,0,0,0,0,0,0,0,0,0,0,0,0,0,0,0,0,0,0,2.83,1.436,0,0,0,0,0,0,0,0,0,0,0,0,0,0,0,0,0,0,0,0,0,0,0,0,0,0,0,0,0,0,0,0,0,0,0,0,0,0,0,0,2.641,2.058,0,0,0,0,0,0,0,0,0,0,0,0,0,0,0,0,0,0,0,0,3.063,1.906,0,0,0,0,0,0,0,0,0,0,0,0,0,0,0,0,0,0,0,0,0,0,0,0,0,0,0,0,0,0,0,0,0,0,0,0,0,0,0,0,0,0,0,0,0,0,0,0,0,0,0,0,0,0,0,0,0,0,0,0,0,0,0,0,0,0,0,0,0,0,0,0,0,0,0,0,0,0,0,0,0,0,0,0,0,0,0,0,0,0,0,0,0,0,0,0,0,0,0,0,0,0,0,0,0,0,0,0,0,0,0,0,0,0,0,0,0,0,0,0,0,0,0,0,0,0,0,0,0,0,0,0,0,0,0,0,0,0,0,0,2.536,1.771,0,0,0,0,0,0,0,0,0,0,0,0,0,0,0,0
CellarLights_AP,0,0,0,0,0,0,0,0,0,0,0,0,4.074,4.074,0,0,0,0,0,0,0,0,0,0,0,0,0,0,0,0,0,0,0,0,0,0,0,0,0,0,0,0,0,0,0,0,0,0,0,0,0,0,0,0,0,0,0,0,0,0,0,0,0,0,0,0,0,0,0,0,0,0,0,0,0,0,0,0,0,0,0,0,0,0,0,0,0,0,0,0,0,0,0,0,0,0,0,0,0,0,0,0,0,0,0,0,0,0,0,0,0,0,0,0,0,0,0,0,0,0,0,0,0,0,0,0,0,0,0,0,0,0,0,0,0,0,0,0,0,0,0,0,0,0,0,0,0,0,0,0,0,0,0,0,0,0,0,0,0,0,0,0,0,0,0,0,0,0,0,0,0,0,0,0,0,0,0,0,0,0,0,0,0,0,0,0,0,0,0,0,0,0,0,0,0,0,0,0,0,0,0,0,0,0,0,0,0,0,0,0,0,0,0,0,0,0,0,0,0,0,0,0,0,0,0,0,0,0,0,0,0,0,0,0,0,0,0,0,0,0,0,0,0,0,0,0,0,0,0,0,0,0,0,0,0,0,0,0,0,0,0,0,0,0,0,0,0,0,0,0,0,0,0,0,0,0,0,0,0,0,0,0,0,0,0,0,0,0,0,0,0,0,0,0,0,0,0,0,0,0,0,0,0,0,0,0,0,0,0,0,0,0,0,0,0,0,0,0,0,0,0,0,0,0,0,0,0,0,0,0,0,0,0,0,0,0,0,0,0,0,0,0,0,0,0,0,0,0,0,0,0,0,0,0,0,0,0,0,0,0,0,0,0,0,0,0,0,0,0,0,0,0,0,0,0,0,0,0,0,0,0,0,0,0,0,0,0,0,0,0,0,0,0,0,0,0,0,0,0,0,0,0,0,0,0,0,0,0,0,0,0,0,0,0,0,0,0,0,0,0,0,0,0,0,0,0,0,0,0,0,0,0,0,0,0,0,0,0,0,0,0,0,0,0,0,0,0,0,0,0,0,0,0,0,0,0,0,0,0,0,0,0,0,0,0,0,0,0,0,0,0,0,0,0,0,0,0,0,0,0,0,0,0,0,0,0,0,0,0,0,0,0,0,0,0,0,0,0,0,0,0,0,0,0,0,0,0,0,0,0,0,0,0,0,0,0,0,0,0,0,0,0,0,0,0,0,0,0,0,0,0,0,0,0,0,0,0,0,0,0,0,0,0,0,0,0,0,0,0,0,0,0,0,0,0,0,0,0,0,0,0,0,0,0,0,0,0,0,0,0,0,0,0,0,0,0,0,0,0,0,0,0,0,0,0,0,0,0,0,0,0,0,0,0,0,0,0,0,0,0,0,0,0,0,0,0,0,0,0,0,0,0,0,0,0,0,0,0,0,0,0,0,0,0,0,0,0,0,0,0,0,0,0,0,0,0,0,0,0,0,0,0,0,0,0,0,0,0,0,0,0,0,0,0,0,0,0,0,0,0,0,0,0,0,0,0,0,0,0,0,0,0,0,0,0,0,0,0,0,0,0,0,0,0,0,0,0,0,0,0,0,0,0,0,0,0,0,0,0,0,0,0,0,0,0,0,0,0,0,0,0,0,0,0,0,0,0,0,0,0,0,0,0,0,0,0,0,0,0,0,0,0,0,0,0,0,0,0,0,0,0,0,0,0,0,0,0,0,0,0,0,0,0,0,0,0,0,0,0,0,0,0,0,0,0,0,0,0,0,0,0,0,0,0,0,0,0,0,0,0,0,0,0,0,0,0,0,0,0,0,0,0,0,0,0,0,0,0,0,0,0,0,0,0,0,0,0,0,0,0,0,0,0,0,0,0,0,0,0,0,0,0,0,0,0,0,0,0,0,0,0,0,0,0,0,0,0,0,0,0,0,0,0,0,0,0,0,0,0,0,0,0,0,0,0,0,0,0,0,0,0,0,0,0,0,0,0,0,0,0,0,0,0,0,0,0,0,0,0,0,0,0,0,0,0,0,0,0,0,0,0,0,0,0,0,0,0,0,0,0,0,0,0,0,0,0,0,0,0,0,0,0,0,0,0,0,0,0,0,0,0,0,0,0,0,0,0,0,0,0,0,0,0,0,0,0,0,0,0,0,0,0,0,0,0,0,0,0,0,0,0,0,0,0,0,0,0,0,0,0
FurnaceHRV_AP,0,0,556.462,526.429,526.429,525.494,525.494,528.633,528.633,0,220.737,35.931,559.189,68.979,99.025,555.866,553.743,553.743,0,560.088,708.939,523.785,207.993,37.618,526.52,513.482,516.621,519.287,0,0,353.965,37.204,533.445,522.624,0,438.465,37.809,436.168,516.785,38.042,66.782,513.24,520.753,516.29,519.375,36.761,560.741,506.761,552.332,0,0,194.968,68.69,584.57,549.146,550.613,548.03,551.342,0,0,0,551.596,515.267,36.227,512.318,329.12,36.411,842.355,498.784,0,0,354.179,84.811,505.514,0,508.932,413.13,35.334,507.142,328.464,35.561,84.281,501.733,499.555,632.306,509.286,35.972,511.215,555.299,542.059,535.879,68.535,550.773,534.858,538.834,540.032,542.333,0,526.358,67.223,553.33,540.873,541.787,506.159,0,381.278,81.396,510.689,504.982,506.549,35.643,83.324,506.834,389.936,35.309,82.43,493.736,0,155.115,35.059,504.051,501.905,369.051,34.965,864.955,501.395,475.013,35.072,546.862,493.321,537.626,68.488,548.764,535.694,0,0,0,374.292,67.333,96.22,543.092,548.099,539.127,144.943,35.939,507.639,478.607,59.91,497.058,0,505.987,34.587,64.105,496.704,34.539,527.757,492.634,499.23,0,217.83,83.264,498.669,276.575,45.331,494.009,497.16,509.331,344.129,56.655,503.794,35.441,117.585,534.061,0,356.971,66.944,69.929,531.615,533.183,177.104,66.768,551.77,537.166,0,524.099,234.295,65.737,507.898,500.25,507.518,35.572,69.065,498.178,35.308,455.902,494.336,35.093,81.729,489.735,35.144,72.368,493.018,34.825,467.17,488.352,485.952,34.932,515.32,496.112,433.159,38.661,495.514,530.552,530.552,67.137,67.246,538.035,536.543,538.514,66.921,86.168,539.817,537.811,537.811,66.274,93.379,503.742,35.353,46.616,492.74,36.288,80.079,496.788,498.134,179.736,76.479,494.411,498.01,68.304,493.479,493.636,52.973,492.5,364.424,34.735,495.412,490.959,35.013,76.273,490.54,34.254,64.849,488.052,534.115,85.665,530.169,527.734,532.035,67.233,88.466,533.899,421.832,69.908,536.944,534.546,538.802,541.341,36.009,61.973,497.194,338.633,50.449,498.024,340.673,82.966,494.633,496.637,35.324,512.209,492.562,35.468,503.361,280.418,36.046,509.342,493.76,36.079,510.178,489.299,35.835,515.008,493.599,46.252,491.052,528.305,67.569,116.779,527.099,66.27,104.783,527.355,0,532.963,435.324,112.332,532.798,533.142,66.087,75.973,493.118,256.565,34.88,531.638,496.903,35.485,59.222,495.286,36.054,40.825,493.84,35.275,530.402,490.929,59.036,492.129,35.643,85.338,492.227,35.85,71.783,491.931,35.795,56.352,486.85,55.578,71.5,-0,66.888,108.036,526.292,67.485,95.852,525.425,67.088,79.781,527.641,527.647,259.199,63.878,497.962,505.287,425.627,43.865,500.949,394.475,35.667,36.535,495.545,143.845,77.564,497.029,464.79,63.464,491.908,35.909,42.406,497.998,36.405,76.701,492.826,35.893,805.842,323.197,36.006,523.884,709.181,692.212,695.458,702.147,703.691,691.72,67.699,886.962,451.804,102.285,534.537,536.338,545.051,545.051,37.027,81.829,511.833,0,277.513,82.198,508.053,319.039,68.245,498.655,507.397,507.397,35.71,540.851,506.047,35.8,56.926,499.87,492.881,41.664,495.688,493.421,506.011,35.03,47.839,506.322,508.32,553.609,66.987,87.102,536.566,538.855,548.141,548.141,547.679,549.11,547.812,550.718,551.032,550.806,549.71,526.003,519.861,519.347,0,249.551,35.931,67.277,507.547,0,0,351.73,35.224,80.837,509.316,0,0,247.235,44.194,501.548,501.548,654.466,513.772,35.682,60.734,510.24,509.505,482.817,72.052,546.017,540.226,0,546.003,547.678,0,551.945,551.945,0,555.832,554.292,0,540.327,522.428,519.621,0,0,0,519.967,519.679,521.134,521.134,520.844,522.12,524.986,0,523.789,523.789,0,0,0,0,518.468,518.468,521.208,521.208,520.762,522.603,519.991,518.49,557.643,556.503,553.411,618.91,556.193,556.236,556.236,556.046,556.043,556.043,558.656,556.088,558.166,556.646,523.041,0,0,0,0,0,0,521.862,523.76,0,0,520.446,522.261,0,0,524.535,524.535,0,0,0,523.968,523.968,0,0,0,0,577.938,559.462,556.97,559.594,559.594,559.24,608.828,557.444,558.63,558.218,0,558.205,558.612,557.22,557.22,523.038,0,0,0,0,527.689,527.689,0,0,0,0,526.493,526.246,524.794,526.549,526.737,526.737,397.564,79.419,519.339,516.442,0,524.591,526.836,524.017,526.39,523.929,564.376,557.023,559.326,0,558.086,557.563,559.375,556.064,554.798,554.798,558.116,0,0,561.81,526.458,0,526.429,589.571,523.447,523.447,0,0,0,528.997,528.997,530.194,0,0,527.567,526.731,526.088,526.088,303.632,38.122,543.106,526.81,0,0,0,0,540.507,564.401,562.95,560.991,560.991,562.471,562.935,558.912,560.576,560.165,0,558.427,560.351,0,528.508,528.508,524.208,0,523.422,523.422,525.866,526.214,524.496,528.698,527.483,529.511,527.184,526.486,529.273,525.517,527.103,527.37,0,496.137,37.649,47.375,526.862,0,0,0,524.687,487.93,75.926,559.551,551.548,555.598,557.353,556.92,560.118,560.118,562.901,563.315,562.499,566.072,564.66,542.654,531.537,530.434,527.255,527.255,634.95,526.278,526.069,524.655,524.697,524.697,524.376,524.376,525.774,527.691,0,524.99,524.99,532.686,528.797,528.49,38.421,79.974,522.098,0,526.318,526.318,374.77,86.621,561.689,554.115,555.814,560.625,562.187,564.904,566.589,568.024,568.024,565.771,0,0,553.622,532.553,531.448,530.392,533.608,39.2,71.984,518.561,0,524.943,524.943,0,531.006,528.479,530.474,0,0,0,0,0,532.886,529.329,0,0,389.668,37.557,53.58,537.539,561.573,561.573,560.083,0,565.423,565.423,563.614,564.422,562.879,562.879,564.498,562.315,563.273,563.015,532.56,0,0,504.267,115.966,780.32,532.835,525.847,525.847,529.182,527.592,36.446,72.337,518.272,522.549,522.549,525.628,0,0,0,525.733,522.788,35.447,51.464,524.771,0,580.202,555.508,552.954,554.36,554.28,705.019,554.728,555.235,555.235,0,554.485,554.485,0,0,527.737,522.324,527.677,523.372,523.372,0,522.6,35.868,84.06,523.114,0,0,0,523.68,36.222,531.085,515.998,515.998,261.397,35.805,76.476,517.472,522.782,522.782,0,0,521.759,571.101,560.349,559.337,559.337,0,561.222,561.222,560.952,560.952,563.123,563.123,563.876,561.731,563.372,563.455,527.771,527.771,422.887,70.787,527.326,522.852,36.846,63.82,520.503,0,0,0,0,0,298.734,37.194,65.843,519.034,521.707,525.349,526.392,529.695,86.637,523.078,0,0,579.789,554.776,0,557.173,557.173,0,0,555.438,555.438,555.59,555.59,0,0,552.883,552.883,520.14,510.208,77.356,513.384,0,518.235,518.235,474.429,35.031,555.511,520.928,520.395,520.395,520.461,521.368,521.368,526.135,522.705,36.057,528.424,515.469,515.469,519.441,519.441,0,522.393,35.76,97.575,550.663,551.799,553.408,0,0,0,556.911,556.536,556.536,0,553.942,555.515,547.739,521.251,521.251,460.264,35.885,71.483,520.514,0,519.255,86.65,35.689,532.144,512.002,0,519.549,519.549,0,483.248,35.91,80.098,515.697,523.777,520.204,691.119,691.533,687.442,686.532,701.677,713.348,561.103,0,0,559.936,559.936,559.16,558.837,0,0,0
CellarOutlets_AP,0,0,0,0,0,0,0,0,0,0,0,0,132.882,132.882,0,0,0,0,85.179,20.261,0,0,0,0,0,0,0,0,0,0,0,1008.612,151.064,146.232,0,0,0,0,0,0,0,0,0,0,0,0,0,0,0,0,0,0,0,0,0,0,0,0,369.842,443.305,435.52,434.63,433.074,19.607,0,0,0,0,0,0,0,0,0,0,0,0,0,0,1033.905,146.95,0,0,0,141.594,137.751,138.96,137.143,134.601,134.146,135.144,132.986,130.655,130.779,130.779,0,128.875,128.875,129.392,128.452,128.433,128.433,0,128.573,128.573,0,0,0,126.572,126.572,126.009,126.009,125.713,0,0,0,124.668,124.668,0,0,0,0,0,0,0,0,0,0,0,0,0,0,0,0,0,0,0,0,0,0,0,0,0,0,0,0,0,0,0,0,0,79.064,19.592,0,0,0,0,0,0,0,0,0,0,0,0,0,0,500.484,140.133,0,0,0,0,0,0,126.067,126.067,0,0,0,0,0,0,0,0,0,0,0,0,0,0,0,0,0,0,0,121.948,121.948,0,61.153,19.519,0,0,0,0,0,0,0,0,0,0,0,0,0,0,683.839,135.944,142.871,0,128.659,128.659,0,0,0,0,0,0,0,0,0,0,0,0,0,0,0,0,0,0,0,0,0,0,0,0,0,108.312,19.599,0,0,0,0,0,0,0,0,0,0,0,0,0,0,0,992.98,141.868,127.943,127.943,127.854,126.821,0,0,0,0,0,0,0,0,0,0,0,0,0,0,0,0,0,0,0,0,0,0,0,0,79.522,19.45,0,0,0,0,0,0,0,0,0,0,0,0,0,0,0,839.356,141.294,0,0,128.344,128.344,0,0,127.096,127.096,0,125.204,125.204,0,0,0,0,0,0,0,0,0,0,0,0,0,0,0,0,0,114.309,19.688,0,0,0,0,0,0,0,0,0,0,0,0,0,0,549.075,137.524,142.509,129.215,129.215,128.124,127.345,0,0,0,0,0,0,0,0,0,0,0,0,0,0,0,0,0,0,0,0,0,0,0,80.324,19.62,0,0,0,0,0,0,0,0,0,0,0,0,0,0,0,378.739,138.187,127.68,127.68,127.613,0,0,0,0,0,0,0,0,0,0,0,0,0,0,0,0,0,0,0,0,0,0,0,0,0,0,0,79.832,19.577,0,0,0,0,0,0,0,0,0,0,0,0,0,0,992.531,141.211,0,129.097,129.097,0,0,0,0,0,125.046,125.046,0,0,0,0,0,0,0,0,0,0,0,0,0,0,0,0,0,0,0,0,74.156,19.684,0,0,0,0,0,0,0,0,0,0,0,0,0,0,995.381,140.193,138.077,0,128.215,128.215,127.549,0,0,0,0,126.827,125.91,0,0,0,0,0,123.431,123.431,0,0,0,0,0,0,0,0,0,0,0,0,113.439,19.719,0,0,0,0,0,0,0,0,0,0,0,0,0,0,558.532,138.507,0,128.949,129.47,0,0,0,0,0,0,0,0,0,0,0,0,0,0,0,0,0,0,0,0,0,0,0,0,0,0,122.091,19.977,0,0,0,0,0,0,0,0,0,0,0,0,0,0,622.556,135.716,0,0,0,0,0,0,0,0,0,0,0,0,0,0,0,0,0,0,0,0,0,0,0,0,0,0,0,0,0,122.986,122.986,37.365,20.011,0,0,0,0,0,0,0,0,0,0,0,0,0,0,987.12,141.618,140.335,0,0,0,0,127.542,127.542,0,0,0,0,0,0,0,0,0,0,0,0,125.537,125.537,0,0,0,0,0,0,0,0,0,0,0,0,63.057,20.157,0,0,0,0,0,0,0,0,0,0,0,0,0,0,1011.445,139.892,131.17,131.17,129.856,129.856,0,0,0,0,0,0,0,0,0,0,0,0,0,0,0,0,0,0,0,0,0,0,0,59.615,19.891,0,0,0,0,0,0,0,0,0,0,0,0,1008.884,144.048,144.169,136.577,136.577,0,135.362,135.362,0,132.59,132.59,133.925,133.925,0,0,0,131.008,131.008,0,0,130.585,130.585,0,0,0,0,0,0,64.039,20.205,0,0,0,0,0,0,0,0,0,0,0,0,380.622,146.8,329.437,440.132,431.339,430.78,430.753,19.708,0,0,0,0,0,0,0,0,0,0,0,0,0,0,1056.978,154.844,0,0,0,147.398,148.622,145.777,145.398,143.597,143.374,141.11,140.178,138.65,139.616,140.744,0,136.227,136.227,137.584,136.439,136.439,136.152,133.899,134.344,134.593,134.489,134.489,0,135.594,135.594,0,0,134.744,134.744,134.921,0,0,0,0,0,0,132.711,132.711,134.582,135.855,135.855,0,0,0,0,0,0,133.189,133.189,0,0,0,133.483,133.483,0,0,0,0,0,0,0,0,0,0,0,0,0,0,0,0,127.978,127.978,0,0,0,0,0,127.219,19.613,0,0,0,0,0,0,0,0,0,0,0,0,455.932,146.27,136.321,136.321,136.091,136.091,0,133.927,133.927,0,0,133.988,133.988,134.303,132.295,0,0,0,0,0,0,0,0,0,0,0,0,0,0,0,0,29.285,19.929,0,0,0,0,0,0,0,0,0,0,0,0,990.826,145.34,141.809,134.26,133.678,134.84,0,0,0,0,0,0,0,0,0,0,0,0
WashingMachine_AP,0,0,0,0,0,0,0,0,0,0,0,0,2.129,2.129,0,0,0,0,0,0,0,0,0,0,0,0,0,0,0,0,0,0,0,0,0,0,0,0,0,0,0,0,0,0,0,0,0,0,0,0,0,0,0,0,0,0,0,0,0,0,0,0,0,0,0,0,0,0,0,0,0,0,0,0,0,0,0,0,0,0,0,0,0,0,0,0,0,0,0,0,0,0,0,0,0,0,0,0,0,0,0,0,0,0,0,0,0,0,0,0,0,0,0,0,0,0,0,0,0,0,0,0,0,0,0,0,0,0,0,0,0,0,0,0,0,0,0,0,0,0,0,0,0,0,0,0,0,0,0,0,0,0,0,0,0,0,0,0,0,0,0,0,0,0,0,0,0,0,0,0,0,0,0,0,0,0,0,0,0,0,0,0,0,0,0,0,0,0,0,0,0,0,0,0,0,0,0,0,0,0,0,0,0,0,0,0,0,0,0,0,0,0,0,0,0,0,0,0,0,0,0,0,0,0,0,0,0,0,0,0,0,0,0,0,0,0,0,0,0,0,0,0,0,0,0,0,0,0,0,0,0,0,0,0,0,0,0,0,0,0,0,0,0,0,0,0,0,0,0,0,0,0,0,0,0,0,0,0,0,0,0,0,0,0,0,0,0,0,0,0,0,0,0,0,0,0,0,0,0,0,0,0,0,0,0,0,0,0,0,0,0,0,0,0,0,0,0,0,0,0,0,0,0,0,0,0,0,0,0,0,0,0,0,0,0,0,0,0,0,0,0,0,0,0,0,0,0,0,0,0,0,0,0,0,0,0,0,0,0,0,0,0,0,0,0,0,0,0,0,0,0,0,0,0,0,0,0,0,0,0,0,0,0,0,0,0,0,0,0,0,0,0,0,0,0,0,0,0,0,0,0,0,0,0,0,0,0,0,0,0,0,0,0,0,0,0,0,0,0,0,0,0,0,0,0,0,0,0,0,0,0,0,0,0,0,0,0,0,0,0,0,0,0,0,0,0,0,0,0,0,0,0,0,0,0,0,0,0,0,0,0,0,0,0,0,0,0,0,0,0,0,0,0,0,0,0,0,0,0,0,0,0,0,0,0,0,0,0,0,0,0,0,0,0,0,0,0,0,0,0,0,0,0,0,0,0,0,0,0,0,0,0,0,0,0,0,0,0,0,0,0,0,0,0,0,0,0,0,0,0,0,0,0,0,0,0,0,0,0,0,0,0,0,0,0,0,0,0,0,0,0,0,0,0,0,0,0,0,0,0,0,0,0,0,0,0,0,0,0,0,0,0,0,0,0,0,0,0,0,0,0,0,0,0,0,0,0,0,0,0,0,0,0,0,0,0,0,0,0,0,0,0,0,0,0,0,0,0,0,0,0,0,0,0,0,0,0,0,0,0,0,0,0,0,0,0,0,0,0,0,0,0,0,0,0,0,0,0,0,0,0,0,0,0,0,0,0,0,0,0,0,0,0,0,0,0,0,0,0,0,0,0,0,0,0,0,0,0,0,0,0,0,0,0,0,0,0,0,0,0,0,0,0,0,0,0,0,0,0,0,0,0,0,0,0,0,0,0,0,0,0,0,0,0,0,0,0,0,0,0,0,0,0,0,0,0,0,0,0,0,0,0,0,0,0,0,0,0,0,0,0,0,0,0,0,0,0,0,0,0,0,0,0,0,0,0,0,0,0,0,0,0,0,0,0,0,0,0,0,0,0,0,0,0,0,0,0,0,0,0,0,0,0,0,0,0,0,0,0,0,0,0,0,0,0,0,0,0,0,0,0,0,0,0,0,0,0,0,0,0,0,0,0,0,0,0,0,0,0,0,0,0,0,0,0,0,0,0,0,0,0,0,0,0,0,0,0,0,0,0,0,0,0,0,0,0,0,0,0,0,0,0,0,0,0,0,0,0,0,0,0,0,0,0,0,0,0,0,0,0,0,0,0,0,0,0,0,0,0,0,0,0,0,0,0,0,0,0,0,0,0,0,0,0,0,0,0,0,0,0,0,0,0,0,0,0,0,0,0,0,0,0,0,0,0,0,0,0,0,0,0,0,0,0,0,0,0,0,0,0,0,0,0,0,0,0,0,0,0,0,0,0,0,0,0,0,0,0,0,0,0,0,0,0,0,0,0,0,0,0,0,0,0,0,0,0,0,0,0,0
FridgeRange_AP,0,0,0,0,0,0,0,0,0,0,0,0,8.881,8.881,0,0,0,0,0,0,0,0,0,0,546.586,222.234,0,0,0,0,0,0,0,0,0,208.687,207.87,0,0,202.452,201.265,0,208.616,203.208,0,0,197.588,197.9,0,201.576,202.69,0,0,197.864,197.864,0,202.289,200.724,9.21,0,0,0,0,0,0,0,0,0,0,0,0,0,0,0,0,0,0,0,0,0,0,0,819.808,215.449,0,0,0,0,0,0,0,0,0,202.287,201.607,0,0,194.607,194.607,200.222,199.21,197.973,0,0,191.765,191.476,198.853,198.853,198.971,0,0,194.133,194.133,0,197.02,134.858,8.928,0,0,0,0,0,0,0,0,0,0,0,0,0,0,0,0,0,0,0,0,0,0,0,666.677,214.292,0,0,0,0,0,0,0,0,201.319,200.177,0,0,194.336,194.336,0,199.627,198.018,0,0,191.607,191.636,0,196.814,196.86,0,0,193.551,193.551,0,196.666,198.569,8.649,0,0,0,0,0,0,0,0,0,0,0,0,0,0,0,0,0,0,0,0,0,0,0,790.962,215.157,0,0,0,0,0,0,0,0,0,201.83,201.077,0,0,196.655,196.655,200.696,200.696,198.932,0,0,192.598,192.088,0,197.379,197.693,0,0,192.681,192.562,0,198.13,199.243,0,174.218,8.903,0,0,0,0,0,0,0,0,0,0,0,0,0,0,0,0,0,0,0,0,290.53,212.76,214.482,0,0,0,0,0,0,0,0,201.375,199.979,0,0,195.03,195.03,0,199.199,197.782,0,0,192.518,191.286,0,197.015,195.697,0,0,193.666,193.666,0,198.702,9.084,0,0,0,0,0,0,0,0,0,0,0,0,0,0,0,0,0,0,0,0,0,0,0,1309.935,214.822,213.071,0,0,0,0,0,0,0,0,201.463,201.463,0,0,197.417,195.572,0,200.842,199.639,0,0,193.586,194.262,0,198.763,198.83,0,0,195.927,195.927,0,199.233,198.015,0,0,159.822,8.51,0,0,0,0,0,0,0,0,0,0,0,0,0,0,0,0,0,0,0,1143.011,213.986,0,0,0,0,0,0,0,0,201.093,200.479,0,0,194.865,194.129,0,199.546,201.03,0,0,196.404,195.606,0,201.825,199.637,0,0,196.049,194.64,32.511,9.072,0,0,0,0,0,0,0,0,0,0,0,0,0,0,0,0,0,0,0,0,0,1330.383,214.135,200.217,0,0,0,0,0,0,0,0,202.68,201.477,0,0,196.748,195.442,0,201.694,200.15,0,0,191.528,191.966,0,196.865,198.152,0,0,194.645,194.645,0,199.088,197.905,0,0,157.76,8.767,0,0,0,0,0,0,0,0,0,0,0,0,0,0,0,0,0,0,747.293,211.934,0,0,0,0,0,0,0,0,0,203.063,201.887,0,195.658,195.658,0,202.849,201.691,199.58,0,195.593,195.593,194.623,200.653,198.885,199.707,0,0,194.392,194.392,198.656,197.652,147.047,9.456,0,0,0,0,0,0,0,0,0,0,0,0,0,0,0,0,0,0,0,0,1125.252,219.244,216.972,0,0,0,0,0,0,0,0,205.711,203.207,0,0,197.853,197.701,0,202.714,202.688,201.89,0,196.537,195.802,0,202.356,202.414,201.503,0,0,195.464,195.901,203.051,201.517,201.647,0,0,195.777,8.904,0,0,0,0,0,0,0,0,0,0,0,0,0,0,0,0,0,0,1342.76,217.985,0,0,0,0,0,0,0,0,0,203.657,203.173,0,0,199.117,198.956,0,205.039,202.796,0,0,198.395,197.011,0,201.988,201.836,0,0,196.755,195.805,0,201.327,202.316,153.975,9.426,0,0,0,0,0,0,0,0,0,0,0,0,0,0,0,0,0,0,0,1356.224,205.286,219.016,0,0,0,0,0,0,0,0,206.499,205.923,0,0,199.216,198.517,0,204.459,203.139,203.139,0,196.984,196.984,0,203.32,204.438,204.061,0,198.185,198.193,0,203.526,205.315,203.812,9.835,0,0,0,0,0,0,0,0,0,0,0,0,0,0,0,0,0,0,0,0,1340.909,218.126,0,0,0,0,0,0,0,0,0,208.172,207.521,0,0,201.245,200.513,0,207.731,205.108,0,0,197.581,197.151,0,203.399,204.036,0,0,198.719,198.785,0,203.029,203.639,0,111.448,9.455,0,0,0,0,0,0,0,0,0,0,0,0,0,0,0,0,0,0,0,1347.326,219.057,206.281,0,0,0,0,0,0,0,0,208.649,208.293,0,0,198.094,200.713,200.713,204.697,203.327,0,0,194.98,194.98,0,198.45,199.335,0,0,194.055,194.055,0,198.664,199.802,8.51,0,0,0,0,0,0,0,0,0,0,0,0,0,0,0,0,0,0,0,0,0,1028.83,217.811,0,0,0,0,0,0,0,0,0,204.455,202.926,0,0,199.175,199.175,0,204.776,203.112,0,0,197.274,197.207,0,202.668,203.689,0,0,199.69,198.789,0,206.328,205.553,205.553,172.287,9.114,0,0,0,0,0,0,0,0,0,0,0,0,0,0,0,0,0,0,0,0,1252.559,203.76,0,0,0,0,0,0,0,0,202.168,201.677,0,0,193.761,194.265,0,200.712,199.953,199.953,0,195.685,195.685,0,201.91,200.454,0,0,194.811,195.194,195.194,165.519,10.172,0,0,0,0,0,0,0,0,0,0,0,0,0,0,0,0,0,0,0,0,0,0,1265.242,218.33,0,0,0,0,0,0,0,0,0,206.175,205.592,0,199.248,198.319,0,204.626,202.914,202.779,0,0,196.191,196.191,201.297,201.297,200.969,0,0,196.699,195.392,0,200.101,200.18,0,0
DisposalDishwasher_AP,0,0,0,0,0,0,0,0,0,0,0,0,33.091,33.091,0,0,0,0,0,0,0,0,0,0,0,0,0,0,0,0,0,0,0,0,0,0,0,0,0,0,0,0,0,0,0,0,0,0,0,0,0,0,0,0,0,0,0,0,0,0,0,0,0,0,0,0,0,0,0,0,0,0,0,0,0,0,0,0,0,0,0,0,0,0,0,0,0,0,0,0,0,0,0,0,0,0,0,0,0,0,0,0,0,0,0,0,0,0,0,0,0,0,0,0,0,0,0,0,0,0,0,0,0,0,0,0,0,0,0,0,0,0,0,0,0,0,0,0,0,0,0,0,0,0,0,0,0,0,0,0,0,0,0,0,0,0,0,0,0,0,0,0,0,0,0,0,0,0,0,0,0,0,0,0,0,0,0,0,0,0,0,0,0,0,0,0,0,0,0,0,0,0,0,0,0,0,0,0,0,0,0,0,0,0,0,0,0,0,0,0,0,0,0,0,0,0,0,0,0,0,0,0,0,0,0,0,0,0,0,0,0,0,0,0,0,0,0,0,0,0,0,0,0,0,0,0,0,0,0,0,0,0,0,0,0,0,0,0,0,0,0,0,0,0,0,0,0,0,0,0,0,0,0,0,0,0,0,0,0,0,0,0,0,0,0,0,0,0,0,0,0,0,0,0,0,0,0,0,0,0,0,0,0,0,0,0,0,0,0,0,0,0,0,0,0,0,0,0,0,0,0,0,0,0,0,0,0,0,0,0,0,0,0,0,0,0,0,0,0,0,0,0,0,0,0,0,0,0,0,0,0,0,0,0,0,0,0,0,0,0,0,0,0,0,0,0,0,0,0,0,0,0,0,0,0,0,0,0,0,0,0,0,0,0,0,0,0,0,0,0,0,0,0,0,0,0,0,0,0,0,0,0,0,0,0,0,0,0,0,0,0,0,0,0,0,0,0,0,0,0,0,0,0,0,0,0,0,0,0,0,0,0,0,0,0,0,0,0,0,0,0,0,0,0,0,0,0,0,0,0,0,0,0,0,0,0,0,0,0,0,0,0,0,0,0,0,0,0,0,0,0,0,0,0,0,0,0,0,0,0,0,0,0,0,0,0,0,0,0,0,0,0,0,0,0,0,0,0,0,0,0,0,0,0,0,0,0,0,0,0,0,0,0,0,0,0,0,0,0,0,0,0,0,0,0,0,0,0,0,0,0,0,0,0,0,0,0,0,0,0,0,0,0,0,0,0,0,0,0,0,0,0,0,0,0,0,0,0,0,0,0,0,0,0,0,0,0,0,0,0,0,0,0,0,0,0,0,0,0,0,0,0,0,0,0,0,0,0,0,0,0,0,0,0,0,0,0,0,0,0,0,0,0,0,0,0,0,0,0,0,0,0,0,0,0,0,0,0,0,0,0,0,0,0,0,0,0,0,0,0,0,0,0,0,0,0,0,0,0,0,0,0,0,0,0,0,0,0,0,0,0,0,0,0,0,0,0,0,0,0,0,0,0,0,0,0,0,0,0,0,0,0,0,0,0,0,0,0,0,0,0,0,0,0,0,0,0,0,0,0,0,0,0,0,0,0,0,0,0,0,0,0,0,0,0,0,0,0,0,0,0,0,0,0,0,0,0,0,0,0,0,0,0,0,0,0,0,0,0,0,0,0,0,0,0,0,0,0,0,0,0,0,0,0,0,0,0,0,0,0,0,0,0,0,0,0,0,0,0,0,0,0,0,0,0,0,0,0,0,0,0,0,0,0,0,0,0,0,0,0,0,0,0,0,0,0,0,0,0,0,0,0,0,0,0,0,0,0,0,0,0,0,0,0,0,0,0,0,0,0,0,0,0,0,0,0,0,0,0,0,0,0,0,0,0,0,0,0,0,0,0,0,0,0,0,0,0,0,0,0,0,0,0,0,0,0,0,0,0,0,0,0,0,0,0,0,0,0,0,0,0,0,0,0,0,0,0,0,0,0,0,0,0,0,0,0,0,0,0,0,0,0,0,0,0,0,0,0,0,0,0,0,0,0,0,0,0,0,0,0,0,0,0,0,0,0,0,0,0,0,0,0,0,0,0,0,0,0,0,0,0,0,0,0,0,0,0,0,0,0,0,0,0,0,0,0,0,0,0,0,0,0,0,0,0,0,0,0,0,0,0,0,0,0,0,0,0,0,0,0
Microwave_AP,0,0,0,0,0,0,0,0,0,0,0,0,4.369,4.369,0,0,0,0,0,0,0,0,0,0,0,0,0,0,0,0,0,0,0,0,0,0,0,0,0,0,0,0,0,0,0,0,0,0,0,0,0,0,0,0,0,0,0,0,0,0,0,0,0,0,0,0,0,0,0,0,0,0,0,0,0,0,0,0,0,0,0,0,0,0,0,0,0,0,0,0,0,0,0,0,0,0,0,0,0,0,0,0,0,0,0,0,0,0,0,0,0,0,0,0,0,0,0,0,0,0,0,0,0,0,0,0,0,0,0,0,0,0,0,0,0,0,0,0,0,0,0,0,0,0,0,0,0,0,0,0,0,0,0,0,0,0,0,0,0,0,0,0,0,0,0,0,0,0,0,0,0,0,0,0,0,0,0,0,0,0,0,0,0,0,0,0,0,0,0,0,0,0,0,0,0,0,0,0,0,0,0,0,0,0,0,0,0,0,0,0,0,0,0,0,0,0,0,0,0,0,0,0,0,0,0,0,0,0,0,0,0,0,0,0,0,0,0,0,0,0,0,0,0,0,0,0,0,0,0,0,0,0,0,0,0,0,0,0,0,0,0,0,0,0,0,0,0,0,0,0,0,0,0,0,0,0,0,0,0,0,0,0,0,0,0,0,0,0,0,0,0,0,0,0,0,0,0,0,0,0,0,0,0,0,0,0,0,0,0,0,0,0,0,0,0,0,0,0,0,0,0,0,0,0,0,0,0,0,0,0,0,0,0,0,0,0,0,0,0,0,0,0,0,0,0,0,0,0,0,0,0,0,0,0,0,0,0,0,0,0,0,0,0,0,0,0,0,0,0,0,0,0,0,0,0,0,0,0,0,0,0,0,0,0,0,0,0,0,0,0,0,0,0,0,0,0,0,0,0,0,0,0,0,0,0,0,0,0,0,0,0,0,0,0,0,0,0,0,0,0,0,0,0,0,0,0,0,0,0,0,0,0,0,0,0,0,0,0,0,0,0,0,0,0,0,0,0,0,0,0,0,0,0,0,0,0,0,0,0,0,0,0,0,0,0,0,0,0,0,0,0,0,0,0,0,0,0,0,0,0,0,0,0,0,0,0,0,0,0,0,0,0,0,0,0,0,0,0,0,0,0,0,0,0,0,0,0,0,0,0,0,0,0,0,0,0,0,0,0,0,0,0,0,0,0,0,0,0,0,0,0,0,0,0,0,0,0,0,0,0,0,0,0,0,0,0,0,0,0,0,0,0,0,0,0,0,0,0,0,0,0,0,0,0,0,0,0,0,0,0,0,0,0,0,0,0,0,0,0,0,0,0,0,0,0,0,0,0,0,0,0,0,0,0,0,0,0,0,0,0,0,0,0,0,0,0,0,0,0,0,0,0,0,0,0,0,0,0,0,0,0,0,0,0,0,0,0,0,0,0,0,0,0,0,0,0,0,0,0,0,0,0,0,0,0,0,0,0,0,0,0,0,0,0,0,0,0,0,0,0,0,0,0,0,0,0,0,0,0,0,0,0,0,0,0,0,0,0,0,0,0,0,0,0,0,0,0,0,0,0,0,0,0,0,0,0,0,0,0,0,0,0,0,0,0,0,0,0,0,0,0,0,0,0,0,0,0,0,0,0,0,0,0,0,0,0,0,0,0,0,0,0,0,0,0,0,0,0,0,0,0,0,0,0,0,0,0,0,0,0,0,0,0,0,0,0,0,0,0,0,0,0,0,0,0,0,0,0,0,0,0,0,0,0,0,0,0,0,0,0,0,0,0,0,0,0,0,0,0,0,0,0,0,0,0,0,0,0,0,0,0,0,0,0,0,0,0,0,0,0,0,0,0,0,0,0,0,0,0,0,0,0,0,0,0,0,0,0,0,0,0,0,0,0,0,0,0,0,0,0,0,0,0,0,0,0,0,0,0,0,0,0,0,0,0,0,0,0,0,0,0,0,0,0,0,0,0,0,0,0,0,0,0,0,0,0,0,0,0,0,0,0,0,0,0,0,0,0,0,0,0,0,0,0,0,0,0,0,0,0,0,0,0,0,0,0,0,0,0,0,0,0,0,0,0,0,0,0,0,0,0,0,0,0,0,0,0,0,0,0,0,0,0,0,0,0,0,0,0,0,0,0,0,0,0,0,0,0,0,0,0,0,0,0,0,0,0,0,0,0
KitchenLights_AP,0,0,0,0,0,0,0,0,0,0,0,0,8.396,8.396,0,0,0,0,0,0,0,0,0,0,8.929,8.756,0,0,0,0,0,0,0,0,0,0,0,0,0,0,0,0,0,0,0,0,0,0,0,0,0,0,0,0,0,0,0,0,0,0,0,0,0,0,0,0,0,0,0,0,0,0,0,0,0,0,0,0,0,0,0,0,8.61,8.676,0,0,0,0,0,0,0,0,0,0,0,0,0,0,0,0,0,0,0,0,0,0,0,0,0,0,0,0,0,0,0,0,0,0,0,0,0,0,0,0,0,0,0,0,0,0,0,0,0,0,0,0,0,0,0,0,8.737,8.682,0,0,0,0,0,0,0,0,0,0,0,0,0,0,0,0,0,0,0,0,0,0,0,0,0,0,0,0,0,0,0,0,0,0,0,0,0,0,0,0,0,0,0,0,0,0,0,0,0,0,0,0,0,0,0,8.493,8.383,0,0,0,0,0,0,0,0,0,0,0,0,0,0,0,0,8.488,8.488,0,0,0,0,0,0,0,0,0,0,0,0,0,0,0,0,0,0,0,0,0,0,0,0,0,0,0,0,0,0,0,0,0,0,0,0,0,8.646,8.499,0,0,0,0,0,0,0,0,0,0,0,0,0,0,0,0,0,0,0,0,0,0,0,0,0,0,0,0,0,0,0,0,0,0,0,0,0,0,0,0,0,0,0,0,0,0,0,0,0,0,0,0,0,0,0,8.54,8.269,0,0,0,0,0,0,0,0,0,0,0,0,0,0,0,0,0,0,0,0,0,0,0,0,0,0,0,0,0,0,0,0,0,0,0,0,0,0,0,0,0,0,0,0,0,0,0,0,0,0,0,0,0,0,0,8.767,8.767,0,0,0,0,0,0,0,0,0,0,0,0,0,0,0,0,0,0,0,0,0,0,0,0,0,0,0,0,0,0,0,0,0,0,0,0,0,0,0,0,0,0,0,0,0,0,0,0,0,0,0,8.593,8.42,0,0,0,0,0,0,0,0,0,0,0,8.732,8.732,0,0,0,0,0,0,0,0,0,0,0,0,0,0,0,0,0,0,0,0,0,0,0,0,0,0,0,0,0,0,0,0,0,0,0,0,0,0,0,0,0,8.675,8.438,0,0,0,0,0,0,0,0,0,0,0,0,0,0,0,0,0,0,0,0,0,0,0,0,0,0,0,0,0,0,0,0,0,0,0,0,0,0,0,0,0,0,0,0,0,0,0,0,0,0,0,0,0,8.708,8.708,0,0,0,0,0,0,0,0,0,0,0,0,0,0,0,0,0,0,0,0,0,0,0,0,0,0,0,0,0,0,0,0,0,0,0,0,0,0,0,0,0,0,0,0,0,0,0,0,0,0,0,0,0,0,0,8.742,8.519,0,0,0,0,0,0,0,0,0,0,0,0,0,0,0,0,0,0,0,0,0,0,0,0,0,0,0,0,0,0,0,0,0,0,0,0,0,0,0,0,0,0,0,0,0,0,0,0,0,0,0,0,0,8.811,8.768,0,0,0,0,0,0,0,0,0,0,0,0,0,0,0,0,0,0,0,0,0,0,0,0,0,0,0,0,0,0,0,0,0,0,0,0,0,0,0,0,0,0,0,0,0,0,0,0,0,0,0,0,0,0,8.901,8.798,0,0,0,0,0,0,0,0,0,0,0,0,0,0,0,0,0,0,0,0,0,0,0,0,0,0,0,0,0,0,0,0,0,0,0,0,0,0,0,0,0,0,0,0,0,0,0,0,0,0,0,0,0,0,8.779,8.52,0,0,0,0,0,0,0,0,0,0,0,0,0,0,0,0,0,0,0,0,0,0,0,0,0,0,0,0,0,0,0,0,0,0,0,0,0,0,0,0,0,0,0,0,0,0,0,0,0,0,0,0,0,0,0,0,0,0,0,0,0,0,0,0,0,0,0,0,0,0,0,0,0,0,0,0,0,0,0,0,0,0,0,0,0,0,0,0,0,0,0,0,0,0,0,0,0,0,0,0,0,0,0,0,0,0,0,0,0,0,0,8.833,8.603,0,0,0,0,0,0,0,0,0,0,0,0,0,0,0,0,0,0,0,0,0,0,0,0,0,0,0,0,0,0,0,0,0,0,0,0,0,0,0,0,0,0,0,0,0,0,0,0,0,0,0,0,0,8.578,8.48,0,0,0,0,0,0,0,0,0,0,0,0,0,0,0,0,0,0,0,0,0,0,0,0,0,0,0,0,0,0,0,0,0,0
BedroomOutlets_AP,0,0,0,0,0,0,0,0,0,19.67,19.67,0,19.52,22.066,20.947,21.654,19.509,19.509,22.862,19.609,0,0,0,0,0,22.027,22.027,0,0,0,22.121,19.939,19.748,19.632,23.719,19.908,0,0,22.138,22.138,19.826,0,0,0,0,0,0,0,0,22.352,22.352,19.666,0,0,0,0,0,0,0,0,0,0,23.693,20.586,0,0,0,0,0,0,0,0,0,0,0,0,0,0,0,0,0,0,0,0,0,0,0,0,0,0,0,0,24.028,20.501,20.402,0,0,0,0,0,0,0,0,0,0,0,0,0,0,0,0,0,0,0,0,0,0,0,0,0,0,0,0,0,20.399,20.399,0,0,0,0,0,0,0,22.921,22.921,0,0,0,0,0,20.378,20.378,0,0,0,0,0,0,0,0,23.512,20.711,0,0,23.381,20.318,23.312,20.249,0,0,0,0,0,0,22.028,22.028,0,0,20.534,20.534,0,23.288,20.347,20.33,20.199,0,0,0,0,0,0,0,0,22.253,22.253,20.361,0,0,0,0,0,0,0,22.99,22.99,0,0,22.824,20.279,20.352,0,0,0,0,0,20.264,21.228,22.273,20.436,20.514,23.746,20.493,0,0,0,23.594,23.074,21.305,20.42,20.42,0,0,0,0,0,0,0,0,20.65,20.65,20.752,0,0,0,0,0,0,0,0,0,0,0,0,0,0,22.904,20.494,20.426,20.426,0,0,0,0,0,0,0,0,0,0,0,0,0,23.635,20.773,0,0,0,0,0,23.257,21.051,0,0,23.576,20.656,0,0,0,0,0,0,0,0,0,0,0,0,0,0,0,0,0,23.482,20.331,0,22.915,20.358,0,0,0,20.456,20.456,0,0,0,20.368,20.368,0,22.895,23.642,20.491,0,0,0,0,0,24.143,20.578,0,0,23.643,23.573,20.389,0,23.662,20.382,0,0,0,0,0,0,0,0,0,0,0,0,0,23.844,22.58,21.218,0,20.479,20.479,0,23.874,-0,20.542,20.542,20.668,20.594,0,22.466,20.442,23.776,23.526,20.639,0,0,0,0,0,0,0,0,0,0,0,0,0,0,0,0,0,23.052,20.394,23.998,20.399,20.339,20.339,0,0,23.707,20.454,23.358,20.523,0,0,0,0,0,0,0,0,0,0,24.143,20.747,20.466,20.466,0,23.373,20.46,0,0,0,0,0,20.257,22.076,22.741,20.57,20.381,22.776,0,23.099,20.361,0,0,0,0,0,23.583,21.133,20.344,23.001,22.563,0,0,0,0,22.596,20.413,23.814,20.722,0,0,0,20.448,20.448,0,20.256,20.256,0,0,20.429,20.429,0,0,23.631,21.253,0,0,0,0,0,0,0,20.383,20.383,20.529,20.529,0,0,0,0,0,0,0,0,0,0,0,0,0,0,0,0,0,0,0,23.672,20.439,0,0,0,0,0,23.041,20.307,0,0,23.377,23.377,23.95,22.995,0,22.463,20.552,0,0,0,0,0,20.594,20.594,23.841,20.648,23.654,23.933,21.196,0,0,0,0,0,0,0,0,23.358,20.621,20.512,23.193,23.193,20.505,0,23.348,20.639,0,23.93,20.597,23.774,23.506,20.68,0,0,0,0,0,22.509,20.57,23.146,20.696,0,0,23.78,20.484,0,25.605,20.698,22.747,20.988,0,0,0,0,0,0,0,0,0,20.741,20.741,0,0,22.514,20.663,0,0,22.934,20.892,0,23.451,20.857,0,0,23.577,23.429,20.982,0,0,0,0,0,0,0,0,0,0,20.558,23.662,23.896,24.174,20.718,0,0,0,0,23.311,20.711,20.711,0,0,0,0,0,0,0,0,0,0,0,0,0,24.029,20.772,0,0,0,0,0,22.65,22.65,24.009,20.629,23.469,21.378,0,0,0,0,0,0,0,0,23.473,22.907,21.276,22.645,20.563,0,23.505,23.604,20.635,22.944,20.915,20.86,20.86,0,0,23.466,20.658,20.937,20.925,0,0,0,0,22.492,22.492,20.697,20.754,0,23.981,20.708,20.596,22.356,22.356,0,20.662,21.913,20.817,20.79,23.969,20.832,0,23.961,21.189,0,0,23.211,20.519,20.519,0,23.76,20.607,0,23.171,20.686,23.254,20.605,0,23.867,20.911,20.846,20.801,22.869,20.899,0,0,0,22.489,22.489,0,0,23.75,22.912,20.825,0,0,24.105,20.838,0,0,0,0,0,0,0,20.08,20.08,25.406,19.683,0,0,0,0,21.794,21.794,0,0,0,0,0,0,0,22.468,19.694,22.185,19.679,21.784,0,0,0,0,0,0,0,0,0,0,0,22.69,19.615,0,0,0,0,0,0,0,0,0,22.327,22.327,0,21.451,19.781,19.884,0,0,0,0,0,0,19.309,19.309,22.975,19.5,21.133,21.133,0,0,21.431,21.431,0,0,0,0,0,0,0,0,0,19.256,19.256,0,0,0,0,19.719,19.719,22.361,19.793,0,0,0,0,0,0,0,0,0,21.12,19.736,0,0,0,0,0,0,0,0,0,0,0,0,0,0,0,0,22.862,19.896,0,0,0,0,0,0,0,0,0,0,0,0,0,0,19.865,19.865,0,0,0,0,0,22.536,20.234,22.172,20.499,22.232,19.965,0,0,19.933,19.933,20.109,20.109,22.374,19.671,0,0,0,0,0,22.746,19.6,19.295,22.045,19.458,0,21.963,19.267,20.181,22.507,19.097,0,0,0,0,0,0,23.03,19.434,0,0,0,0,22.243,20.224,0,0,21.369,22.336,19.684,22.742,19.96,19.781,0,0,0,22.182,19.579,21.29,19.48,0,0,0,0,0,0,0,0,19.537,19.537,0,0,21.691,21.691,22.266,19.65,0,0,0,0,0,0,0,0,0,0,0,20.102,20.102,23.33,19.682,22.274,19.646,0,0,0,0,0,19.393,19.393,0,0,19.451,23.232,20.258,0
BedroomLights_AP,0,0,0,0,0,0,0,0,0,0,0,0,11.558,11.558,11.695,13.189,0,0,11.813,11.813,0,0,0,0,0,0,0,0,0,0,0,13.214,11.906,0,0,0,0,0,0,0,0,0,0,0,0,0,0,0,0,0,0,0,0,0,0,0,0,0,0,0,0,0,0,0,0,0,0,0,0,0,0,0,0,0,0,0,0,0,0,0,0,0,0,0,0,0,0,0,0,0,0,0,0,0,0,0,0,0,0,0,0,0,0,0,0,0,0,0,0,0,0,0,0,0,0,0,0,0,0,0,0,0,0,0,0,0,0,0,0,0,0,0,0,0,0,0,0,0,0,0,0,0,0,0,0,0,0,0,0,0,13.881,11.562,0,0,0,0,0,0,0,0,0,0,0,0,0,0,0,0,0,0,0,0,0,0,0,0,0,0,0,0,0,0,0,0,0,0,0,0,0,0,0,0,0,0,0,0,0,0,0,0,0,0,0,0,0,0,0,0,0,0,0,0,0,0,0,14.011,11.6,0,0,0,0,0,0,0,0,0,0,0,0,0,0,0,0,0,0,0,0,0,0,0,0,0,0,0,0,13.696,11.65,0,0,0,0,0,0,0,0,0,0,0,0,0,0,0,0,0,0,0,0,0,0,0,0,0,0,0,0,0,0,0,0,0,0,0,0,0,0,0,0,0,0,0,0,0,0,0,0,0,0,0,0,0,0,0,0,0,0,0,0,0,0,13.936,11.748,0,0,0,0,0,0,0,0,0,0,0,0,0,0,0,0,0,0,0,0,0,0,0,0,0,0,0,0,11.883,11.883,0,0,0,0,0,0,0,0,0,0,0,0,0,0,11.833,11.595,11.595,0,0,0,0,0,0,0,0,0,0,0,0,0,0,0,0,0,0,0,0,0,0,0,0,0,0,0,11.583,11.583,0,13.526,13.526,0,0,0,0,0,0,0,0,0,0,0,0,11.538,11.538,0,0,0,0,0,0,0,0,0,0,0,0,0,0,0,0,0,0,0,0,0,0,0,0,0,0,0,0,0,0,14.219,11.895,0,0,0,0,0,0,0,0,0,0,0,0,0,0,12.249,12.249,0,0,0,0,0,0,0,0,0,0,0,0,0,0,0,0,0,0,0,0,0,0,0,0,0,0,0,0,0,0,0,0,0,0,0,0,0,0,0,0,0,0,0,0,0,0,13.55,13.55,0,0,0,0,0,0,0,0,0,0,0,0,0,0,0,0,0,0,0,0,13.152,11.619,0,0,0,0,0,0,0,0,0,0,0,0,0,0,0,0,0,0,0,0,0,0,0,0,11.531,11.531,0,11.57,11.57,0,0,0,0,0,0,0,0,0,0,0,0,0,0,0,0,0,0,0,0,0,0,0,0,0,0,0,0,0,0,0,0,0,0,0,0,0,0,0,0,0,0,13.925,11.735,0,0,0,0,0,0,0,0,0,0,0,0,0,0,0,0,0,0,0,0,0,0,0,0,0,0,0,0,0,0,0,13.517,13.517,0,0,0,0,0,0,0,0,0,0,0,0,0,0,0,0,0,0,0,0,0,0,0,0,0,0,0,0,0,0,0,0,0,0,0,0,0,11.74,11.74,0,0,0,0,0,0,0,0,0,0,13.913,12.253,0,0,0,0,0,0,0,0,0,0,0,0,0,0,13.889,11.987,0,0,0,0,0,0,0,0,0,0,0,0,0,0,0,0,0,0,0,0,0,0,0,0,0,0,0,11.589,11.589,12.646,11.489,0,0,0,0,0,0,0,0,0,0,0,12.005,12.005,0,0,0,0,0,0,0,0,0,0,0,0,0,0,0,0,0,0,0,0,0,0,0,0,0,0,0,0,0,0,0,0,0,0,0,0,0,0,0,12.996,12.996,12.994,12.994,0,0,11.303,11.303,0,0,0,0,0,0,0,0,0,0,0,0,0,0,0,0,0,0,0,0,0,0,0,0,0,11.713,11.713,0,0,0,0,0,0,0,0,0,0,0,0,0,0,0,0,0,0,0,0,0,0,0,0,0,0,0,0,0,0,0,0,0,0,0,0,0,0,0,0,0,0,0,0,0,0,0,0,0,0,0,0,0,0,0,0,0,0,0,0,0,0,0,0,0,0,0,0,0,0,12.671,12.671,0,0,0,0,0,0,0,0,0,0,0,0,0,0,0,0,0,0,0,0,0,0,0,0,0,0,0,0,0,0,0,0,0,0,0,0,0,0,0,0,0,0,0,0,0,0,0,0,0,0,0,0,0,0,0,0,0,0,0,0,0,0,0,0,0,0,0,0,0,0,0,0,0,0,0
MasterOutlets_AP,88.847,87.023,87.851,88.264,87.624,87.342,87.64,87.307,98.096,88.798,91.288,87.971,92.599,93.041,90.456,92.117,90.936,89.735,91.211,90.234,92.154,97.296,93.504,95.765,93.557,96.226,93.475,98.203,93.534,94.942,93.598,98.489,92.316,94.208,91.559,90.45,91.547,93.774,93.181,90.851,90.732,91.073,86.642,89.302,88.257,89.171,91.107,90.934,90.29,90.672,89.706,91.935,95.332,90.886,100.14,99.647,105.742,102.01,100.5,102.617,100.619,103.49,100.556,102.573,100.801,101.87,106.251,101.254,100.99,102.75,102.111,102.319,102.312,100.091,101.9,105.539,103.87,106.402,104.475,103.201,104.858,100.6,100.99,103.273,102.894,102.686,100.899,102.718,101.788,101.972,100.378,100.119,100.512,102.567,107.187,101.824,100.203,102.482,105.236,100.887,100.791,102.752,106.62,102.315,101.988,103.505,102.066,101.62,100.848,104.121,103.101,101.125,100.717,103.157,101.222,100.916,101.714,101.542,101.009,106.937,103.697,106.614,104.776,103.494,104.955,102.528,105.466,105.838,102.565,103.047,102.393,102.362,104.855,102.781,100.618,100.731,100.752,102.695,100.925,101.71,100.674,102.376,101.011,100.993,106.619,100.79,104.445,100.768,100.419,100.023,104.032,101.872,101.448,101.658,100.542,102.956,99.874,102.545,102.113,102.241,101.153,101.892,101.549,102.37,105.835,100.334,99.157,99.682,100.54,107.118,103.615,104.362,101.415,103.179,103.03,107.338,101.408,101.743,102.133,99.826,100.893,101.189,101.5,99.899,99.744,103.613,100.105,100.097,100.083,103.139,100.065,100.144,99.707,101.841,107.098,101.182,104.959,103.528,103.116,100.467,103.321,102.058,100.18,100.224,99.821,102.357,100.803,103.193,100.071,100.226,100.731,101.837,101.738,100.349,100.33,103.652,103.378,101.776,101.582,106.347,104.192,107.176,102.068,105.66,100.328,100.255,101.675,101.822,103.385,102.14,103.011,100.322,102.907,102.207,100.706,101.726,102.019,102.976,101.209,101.405,100.234,100.207,110.876,100.162,104.114,102.08,99.962,102.658,101.885,101.618,106.54,100.051,104.198,103.09,102.061,101.099,105.5,100.52,102.369,101.174,100.704,100.448,102.721,101.916,102.509,102.216,102.103,112.839,102.379,105.169,103.446,101.994,101.527,101.715,102.977,101.56,101.116,102.365,102.238,106.017,103.348,100.398,100.595,100.993,100.671,103.244,101.441,101.755,100.918,100.961,102.217,100.851,112.909,102.142,106.053,102.939,105.137,101.961,104.402,100.829,106.242,100.661,100.757,99.967,100.286,101.115,100.94,101.585,103.685,98.521,104.081,103.554,100.495,103.551,102.451,111.157,103.713,106.336,100.728,103.386,102.047,103.468,102.817,104.693,100.308,101.014,102.203,100.536,100.621,102.508,101.166,100.719,102.837,101.156,100.437,100.986,100.703,100.76,100.689,101.994,112.925,101.314,104.504,102.534,106.524,103.426,101.761,99.977,102.067,104.763,102.933,100.238,100.662,103.157,101.732,101.19,101.509,103.15,101.38,102.182,102.309,101.234,102.171,108.163,101.142,106.179,100.458,107.205,102.334,106.495,101.9,100.058,102.251,100.363,100.564,99.6,100.301,102.095,100.018,99.438,100.631,100.316,100.57,104.272,103.508,103.16,102.415,103.171,111.659,101.897,104.24,101.511,105.579,101.785,102.108,102.121,101.472,102.876,108.333,102.365,102.141,102.18,100.865,99.671,102.1,102.056,101.337,101.224,102.613,102.683,101.795,113.771,100.415,106.211,102.256,106.031,102.315,100.153,102.549,99.687,100.426,101.326,102.993,101.35,100.688,102.215,103.354,101.145,100.167,101.802,100.354,101.131,101.212,100.483,100.692,101.981,107.553,104.852,102.203,102.005,107.586,101.097,104.083,104.35,99.803,99.677,102.169,104.964,101.968,102.534,100.257,104.83,102.7,107.603,103.388,102.639,103.309,102.5,100.477,111.238,102.097,101.57,102.698,103.639,102.995,101.552,100.285,101.2,101.813,101.82,103.626,101.679,102.461,102.825,100.453,99.998,100.538,102.066,99.987,99.886,101.112,102.669,100.795,101.976,111.432,102.412,101.009,100.738,102.052,101.817,102.258,102.413,99.921,100.736,101.203,101.259,100.051,102.16,103.354,103.083,103.356,102.998,102.906,105.325,103.893,100.923,103.177,107.222,102.24,104.044,103.422,101.689,102.129,106.228,102.887,101.239,100.334,102.633,101.531,101.269,102.849,101.354,100.876,102.732,102.027,103.279,100.957,101.302,101.587,102.092,103.765,102.521,110.284,103.004,101.421,101.145,100.649,103.243,101.058,100.516,103.373,103.469,103.868,102.93,101.949,102.82,102.762,102.462,103.109,102.538,104.036,103.054,100.285,100.804,103.725,103.854,100.802,105.613,102.044,102.908,100.914,106.09,102.736,100.862,100.856,101.867,100.901,102.479,101.114,100.971,100.608,102.387,103.053,101.652,101.6,101.784,103.126,103.884,107.648,103.447,107.86,102.422,107.1,103.38,100.731,102.103,106.771,101.804,101.717,100.966,101.904,103.022,102.888,101.766,101.96,102.624,103.206,103.824,102.409,100.926,103.052,110.144,102.332,108.309,101.945,105.059,107.453,104.167,102.859,107.324,101.424,101.276,103.967,104.072,103.684,109.886,103.863,102.651,103.277,103.839,103.914,102.702,100.922,102.363,100.977,104.731,107.49,101.982,105.207,103.505,103.135,102.199,102.123,103.305,100.799,101.366,100.975,102.529,102.045,96.904,98.013,102.352,101.571,102.879,101.416,104.81,108.88,105.257,100.807,106.345,102.681,107.618,102.535,107.709,103.906,101.313,103.343,103.029,103.403,102.28,101.558,101.147,101.083,102.112,100.905,101.272,109.162,103.212,104.029,101.746,107.025,100.535,104.47,100.75,105.774,101.572,102.023,102.857,102.472,100.796,102.743,102.398,102.091,100.447,104.043,100.48,100.781,107.521,104.009,106.145,101.976,103.543,103.727,106.483,102.203,102.464,103.224,103.464,101.678,103.469,104.751,101.698,101.751,103.95,101.983,101.791,104.6,102.269,110.873,103.677,103.982,101.548,103.777,102.171,106.25,102.374,108.236,104.25,102.474,102.288,102.002,94.588,93.746,93.032,90.528,91.737,90.473,90.294,89.592,94.011,91.336,93.812,89.362,90.979,90.147,92.309,92.818,94.046,90.735,90.759,92.987,92.481,91.277,90.891,90.601,92.365,92.489,91.872,90.691,92.68,90.985,92.459,96.384,92.878,95.417,91.919,94.309,90.917,93.74,92.303,90.902,90.34,90.855,92.527,90.833,90.961,92.135,92.029,92.279,93.166,91.901,91.815,91.505,90.8,92.349,99.754,92.285,93.093,91.214,94.528,88.621,94.074,85.054,95.866,92.351,90.202,91.084,90.737,90.315,91.351,89.574,90.723,90.063,90.837,89.463,90.931,91.496,89.832,100.817,93.717,99.051,95.662,98.724,95.423,97.3,95.94,93.935,93.062,93.333,95.696,93.425,94.13,94.225,92.902,92.925,93.064,92.747,93.363,93.56,92.591,93.568,92.907,93.654,94.519,91.148,92.545,91.924,96.783,90.98,90.428,86.84,87.133,88.995,89.137,88.439,87.313,87.76,86.865,87.208,89.347,87.728,89.907,88.009,89.999,95.606,89.601,91.293,91.052,92.035,91.241,88.948,90.016,88.225,89.838,89.242,89.78,89.135,89.428,91.885,89.003,90.557,99.128,92.114,92.78,91.409,89.301,89.707,87.571,88.769,86.95,89.162,86.77,86.035,87.082,85.637,85.162,85.124,86.217,86.566,85.084,90.078,86.22,87.664,84.751,86.179,85.936,84.15,85.972,86.885,86.663,89.102,85.827,85.395,86.895,86.262,85.304,86.56,86.727,87.953,89.204,88.298,89.308,88.001,92.558,87.966,92.906,87.597,90.902,88.605,87.579,88.556,90.337,88.038,86.213,86.335,87.713,86.221,87.505,86.086,87.736,87.941,88.062,97.4,88.78,90.693,89.116,91.451,88.161,93.506,90.11,93.248,89.208,87.472,89.691,90.847,89.259,89.382,89.055,90.455,88.671,89.834,88.433,89.614,88.576,88.063,97.827,87.903,90.209,86.262,87.237,85.656,88.577,86.43,85.923,86.172,86.691,86.206,86.765,89.609,90.061
MasterLights_AP,0,0,0,0,0,0,0,0,0,0,0,0,46.84,46.84,0,0,0,0,0,0,0,0,0,0,0,0,0,0,0,0,0,0,0,0,0,0,0,0,0,0,0,0,0,0,0,0,0,0,0,0,0,0,0,0,0,0,0,0,0,0,0,0,0,0,0,0,0,0,0,0,0,0,0,0,0,0,0,0,0,0,0,0,0,0,0,0,0,0,0,0,0,0,0,0,0,0,0,0,0,0,0,0,0,0,0,0,0,0,0,0,0,0,0,0,0,0,0,0,0,0,0,0,0,0,0,0,0,0,0,0,0,0,0,0,0,0,0,0,0,0,0,0,0,0,0,0,0,0,0,0,0,0,0,0,0,0,0,0,0,0,0,0,0,0,0,0,0,0,0,0,0,0,0,0,0,0,0,0,0,0,0,0,0,0,0,0,0,0,0,0,0,0,0,0,0,0,0,0,0,0,0,0,0,0,0,0,0,0,0,0,0,0,0,0,0,0,0,0,0,0,0,0,0,0,0,0,0,0,0,0,0,0,0,0,0,0,0,0,0,0,0,0,0,0,0,0,0,0,0,0,0,0,0,0,0,0,0,0,0,0,0,0,0,0,0,0,0,0,0,0,0,0,0,0,0,0,0,0,0,0,0,0,0,0,0,0,0,0,0,0,0,0,0,0,0,0,0,0,0,0,0,0,0,0,0,0,0,0,0,0,0,0,0,0,0,0,0,0,0,0,0,0,0,0,0,0,0,0,0,0,0,0,0,0,0,0,0,0,0,0,0,0,0,0,0,0,0,0,0,0,0,0,0,0,0,0,0,0,0,0,0,0,0,0,0,0,0,0,0,0,0,0,0,0,0,0,0,0,0,0,0,0,0,0,0,0,0,0,0,0,0,0,0,0,0,0,0,0,0,0,0,0,0,0,0,0,0,0,0,0,0,0,0,0,0,0,0,0,0,0,0,0,0,0,0,0,0,0,0,0,0,0,0,0,0,0,0,0,0,0,0,0,0,0,0,0,0,0,0,0,0,0,0,0,0,0,0,0,0,0,0,0,0,0,0,0,0,0,0,0,0,0,0,0,0,0,0,0,0,0,0,0,0,0,0,0,0,0,0,0,0,0,0,0,0,0,0,0,0,0,0,0,0,0,0,0,0,0,0,0,0,0,0,0,0,0,0,0,0,0,0,0,0,0,0,0,0,0,0,0,0,0,0,0,0,0,0,0,0,0,0,0,0,0,0,0,0,0,0,0,0,0,0,0,0,0,0,0,0,0,0,0,0,0,0,0,0,0,0,0,0,0,0,0,0,0,0,0,0,0,0,0,0,0,0,0,0,0,0,0,0,0,0,0,0,0,0,0,0,0,0,0,0,0,0,0,0,0,0,0,0,0,0,0,0,0,0,0,0,0,0,0,0,0,0,0,0,0,0,0,0,0,0,0,0,0,0,0,0,0,0,0,0,0,0,0,0,0,0,0,0,0,0,0,0,0,0,0,0,0,0,0,0,0,0,0,0,0,0,0,0,0,0,0,0,0,0,0,0,0,0,0,0,0,0,0,0,0,0,0,0,0,0,0,0,0,0,0,0,0,0,0,0,0,0,0,0,0,0,0,0,0,0,0,0,0,0,0,0,0,0,0,0,0,0,0,0,0,0,0,0,0,0,0,0,0,0,0,0,0,0,0,0,0,0,0,0,0,0,0,0,0,0,0,0,0,0,0,0,0,0,0,0,0,0,0,0,0,0,0,0,0,0,0,0,0,0,0,0,0,0,0,0,0,0,0,0,0,0,0,0,0,0,0,0,0,0,0,0,0,0,0,0,0,0,0,0,0,0,0,0,0,0,0,0,0,0,0,0,0,0,0,0,0,0,0,0,0,0,0,0,0,0,0,0,0,0,0,0,0,0,0,0,0,0,0,0,0,0,0,0,0,0,0,0,0,0,0,0,0,0,0,0,0,0,0,0,0,0,0,0,0,0,0,0,0,0,0,0,0,0,0,0,0,0,0,0,0,0,0,0,0,0,0,0,0,0,0,0,0,0,0,0,0,0,0,0,0,0,0,0,0,0,0,0,0,0,0,0,0,0,0,0,0,0,0,0,0,0,0,0,0,0,0,0,0,0,0,0,0,0,0,0,0,0,0,0,0,0,0,0,0,0,0,0,0,0,0,0,0
DuctHeaterHRV_AP,0,0,0,0,0,0,0,0,0,0,0,0,1.602,1.602,0,0,0,0,0,0,0,0,0,0,0,0,0,0,0,0,0,0,0,0,0,0,0,0,0,0,0,0,0,0,0,0,0,0,0,0,0,0,0,0,0,0,0,0,0,0,0,0,0,0,0,0,0,0,0,0,0,0,0,0,0,0,0,0,0,0,0,0,0,0,0,0,0,0,0,0,0,0,0,0,0,0,0,0,0,0,0,0,0,0,0,0,0,0,0,0,0,0,0,0,0,0,0,0,0,0,0,0,0,0,0,0,0,0,0,0,0,0,0,0,0,0,0,0,0,0,0,0,0,0,0,0,0,0,0,0,0,0,0,0,0,0,0,0,0,0,0,0,0,0,0,0,0,0,0,0,0,0,0,0,0,0,0,0,0,0,0,0,0,0,0,0,0,0,0,0,0,0,0,0,0,0,0,0,0,0,0,0,0,0,0,0,0,0,0,0,0,0,0,0,0,0,0,0,0,0,0,0,0,0,0,0,0,0,0,0,0,0,0,0,0,0,0,0,0,0,0,0,0,0,0,0,0,0,0,0,0,0,0,0,0,0,0,0,0,0,0,0,0,0,0,0,0,0,0,0,0,0,0,0,0,0,0,0,0,0,0,0,0,0,0,0,0,0,0,0,0,0,0,0,0,0,0,0,0,0,0,0,0,0,0,0,0,0,0,0,0,0,0,0,0,0,0,0,0,0,0,0,0,0,0,0,0,0,0,0,0,0,0,0,0,0,0,0,0,0,0,0,0,0,0,0,0,0,0,0,0,0,0,0,0,0,0,0,0,0,0,0,0,0,0,0,0,0,0,0,0,0,0,0,0,0,0,0,0,0,0,0,0,0,0,0,0,0,0,0,0,0,0,0,0,0,0,0,0,0,0,0,0,0,0,0,0,0,0,0,0,0,0,0,0,0,0,0,0,0,0,0,0,0,0,0,0,0,0,0,0,0,0,0,0,0,0,0,0,0,0,0,0,0,0,0,0,0,0,0,0,0,0,0,0,0,0,0,0,0,0,0,0,0,0,0,0,0,0,0,0,0,0,0,0,0,0,0,0,0,0,0,0,0,0,0,0,0,0,0,0,0,0,0,0,0,0,0,0,0,0,0,0,0,0,0,0,0,0,0,0,0,0,0,0,0,0,0,0,0,0,0,0,0,0,0,0,0,0,0,0,0,0,0,0,0,0,0,0,0,0,0,0,0,0,0,0,0,0,0,0,0,0,0,0,0,0,0,0,0,0,0,0,0,0,0,0,0,0,0,0,0,0,0,0,0,0,0,0,0,0,0,0,0,0,0,0,0,0,0,0,0,0,0,0,0,0,0,0,0,0,0,0,0,0,0,0,0,0,0,0,0,0,0,0,0,0,0,0,0,0,0,0,0,0,0,0,0,0,0,0,0,0,0,0,0,0,0,0,0,0,0,0,0,0,0,0,0,0,0,0,0,0,0,0,0,0,0,0,0,0,0,0,0,0,0,0,0,0,0,0,0,0,0,0,0,0,0,0,0,0,0,0,0,0,0,0,0,0,0,0,0,0,0,0,0,0,0,0,0,0,0,0,0,0,0,0,0,0,0,0,0,0,0,0,0,0,0,0,0,0,0,0,0,0,0,0,0,0,0,0,0,0,0,0,0,0,0,0,0,0,0,0,0,0,0,0,0,0,0,0,0,0,0,0,0,0,0,0,0,0,0,0,0,0,0,0,0,0,0,0,0,0,0,0,0,0,0,0,0,0,0,0,0,0,0,0,0,0,0,0,0,0,0,0,0,0,0,0,0,0,0,0,0,0,0,0,0,0,0,0,0,0,0,0,0,0,0,0,0,0,0,0,0,0,0,0,0,0,0,0,0,0,0,0,0,0,0,0,0,0,0,0,0,0,0,0,0,0,0,0,0,0,0,0,0,0,0,0,0,0,0,0,0,0,0,0,0,0,0,0,0,0,0,0,0,0,0,0,0,0,0,0,0,0,0,0,0,0,0,0,0,0,0,0,0,0,0,0,0,0,0,0,0,0,0,0,0,0,0,0,0,0,0,0,0,0,0,0,0,0,0,0,0,0,0,0,0,0,0,0,0,0,0,0,0,0,0,0,0,0,0,0,0,0,0,0,0,0,0,0,0,0,0,0,0,0,0,0,0
CounterOutlets1_AP,0,0,0,0,0,0,0,0,0,0,0,0,6.144,6.144,0,0,0,0,0,0,0,0,0,0,0,0,0,0,0,0,0,0,0,0,0,0,0,0,0,0,0,0,0,0,0,0,0,0,0,0,0,0,0,0,0,0,0,0,0,0,0,0,0,0,0,0,0,0,0,0,0,0,0,0,0,0,0,0,0,0,0,0,0,0,0,0,0,0,0,0,0,0,0,0,0,0,0,0,0,0,0,0,0,0,0,0,0,0,0,0,0,0,0,0,0,0,0,0,0,0,0,0,0,0,0,0,0,0,0,0,0,0,0,0,0,0,0,0,0,0,0,0,0,0,0,0,0,0,0,0,0,0,0,0,0,0,0,0,0,0,0,0,0,0,0,0,0,0,0,0,0,0,0,0,0,0,0,0,0,0,0,0,0,0,0,0,0,0,0,0,0,0,0,0,0,0,0,0,0,0,0,0,0,0,0,0,0,0,0,0,0,0,0,0,0,0,0,0,0,0,0,0,0,0,0,0,0,0,0,0,0,0,0,0,0,0,0,0,0,0,0,0,0,0,0,0,0,0,0,0,0,0,0,0,0,0,0,0,0,0,0,0,0,0,0,0,0,0,0,0,0,0,0,0,0,0,0,0,0,0,0,0,0,0,0,0,0,0,0,0,0,0,0,0,0,0,0,0,0,0,0,0,0,0,0,0,0,0,0,0,0,0,0,0,0,0,0,0,0,0,0,0,0,0,0,0,0,0,0,0,0,0,0,0,0,0,0,0,0,0,0,0,0,0,0,0,0,0,0,0,0,0,0,0,0,0,0,0,0,0,0,0,0,0,0,0,0,0,0,0,0,0,0,0,0,0,0,0,0,0,0,0,0,0,0,0,0,0,0,0,0,0,0,0,0,0,0,0,0,0,0,0,0,0,0,0,0,0,0,0,0,0,0,0,0,0,0,0,0,0,0,0,0,0,0,0,0,0,0,0,0,0,0,0,0,0,0,0,0,0,0,0,0,0,0,0,0,0,0,0,0,0,0,0,0,0,0,0,0,0,0,0,0,0,0,0,0,0,0,0,0,0,0,0,0,0,0,0,0,0,0,0,0,0,0,0,0,0,0,0,0,0,0,0,0,0,0,0,0,0,0,0,0,0,0,0,0,0,0,0,0,0,0,0,0,0,0,0,0,0,0,0,0,0,0,0,0,0,0,0,0,0,0,0,0,0,0,0,0,0,0,0,0,0,0,0,0,0,0,0,0,0,0,0,0,0,0,0,0,0,0,0,0,0,0,0,0,0,0,0,0,0,0,0,0,0,0,0,0,0,0,0,0,0,0,0,0,0,0,0,0,0,0,0,0,0,0,0,0,0,0,0,0,0,0,0,0,0,0,0,0,0,0,0,0,0,0,0,0,0,0,0,0,0,0,0,0,0,0,0,0,0,0,0,0,0,0,0,0,0,0,0,0,0,0,0,0,0,0,0,0,0,0,0,0,0,0,0,0,0,0,0,0,0,0,0,0,0,0,0,0,0,0,0,0,0,0,0,0,0,0,0,0,0,0,0,0,0,0,0,0,0,0,0,0,0,0,0,0,0,0,0,0,0,0,0,0,0,0,0,0,0,0,0,0,0,0,0,0,0,0,0,0,0,0,0,0,0,0,0,0,0,0,0,0,0,0,0,0,0,0,0,0,0,0,0,0,0,0,0,0,0,0,0,0,0,0,0,0,0,0,0,0,0,0,0,0,0,0,0,0,0,0,0,0,0,0,0,0,0,0,0,0,0,0,0,0,0,0,0,0,0,0,0,0,0,0,0,0,0,0,0,0,0,0,0,0,0,0,0,0,0,0,0,0,0,0,0,0,0,0,0,0,0,0,0,0,0,0,0,0,0,0,0,0,0,0,0,0,0,0,0,0,0,0,0,0,0,0,0,0,0,0,0,0,0,0,0,0,0,0,0,0,0,0,0,0,0,0,0,0,0,0,0,0,0,0,0,0,0,0,0,0,0,0,0,0,0,0,0,0,0,0,0,0,0,0,0,0,0,0,0,0,0,0,0,0,0,0,0,0,0,0,0,0,0,0,0,0,0,0,0,0,0,0,0,0,0,0,0,0,0,0,0,0,0,0,0,0,0,0,0,0,0,0,0,0,0,0,0,0,0,0,0,0,0,0,0,0,0
CounterOutlets2_AP,0,0,0,0,0,0,0,0,0,0,0,0,13.446,13.446,0,0,0,0,0,0,0,0,0,0,0,0,0,0,0,0,0,0,0,0,0,0,0,0,0,0,0,0,0,0,0,0,0,0,0,0,0,0,0,0,0,0,0,0,0,0,0,0,0,0,0,0,0,0,0,0,0,0,0,0,0,0,0,0,0,0,0,0,0,0,0,0,0,0,0,0,0,0,0,0,0,0,0,0,0,0,0,0,0,0,0,0,0,0,0,0,0,0,0,0,0,0,0,0,0,0,0,0,0,0,0,0,0,0,0,0,0,0,0,0,0,0,0,0,0,0,0,0,0,0,0,0,0,0,0,0,0,0,0,0,0,0,0,0,0,0,0,0,0,0,0,0,0,0,0,0,0,0,0,0,0,0,0,0,0,0,0,0,0,0,0,0,0,0,0,0,0,0,0,0,0,0,0,0,0,0,0,0,0,0,0,0,0,0,0,0,0,0,0,0,0,0,0,0,0,0,0,0,0,0,0,0,0,0,0,0,0,0,0,0,0,0,0,0,0,0,0,0,0,0,0,0,0,0,0,0,0,0,0,0,0,0,0,0,0,0,0,0,0,0,0,0,0,0,0,0,0,0,0,0,0,0,0,0,0,0,0,0,0,0,0,0,0,0,0,0,0,0,0,0,0,0,0,0,0,0,0,0,0,0,0,0,0,0,0,0,0,0,0,0,0,0,0,0,0,0,0,0,0,0,0,0,0,0,0,0,0,0,0,0,0,0,0,0,0,0,0,0,0,0,0,0,0,0,0,0,0,0,0,0,0,0,0,0,0,0,0,0,0,0,0,0,0,0,0,0,0,0,0,0,0,0,0,0,0,0,0,0,0,0,0,0,0,0,0,0,0,0,0,0,0,0,0,0,0,0,0,0,0,0,0,0,0,0,0,0,0,0,0,0,0,0,0,0,0,0,0,0,0,0,0,0,0,0,0,0,0,0,0,0,0,0,0,0,0,0,0,0,0,0,0,0,0,0,0,0,0,0,0,0,0,0,0,0,0,0,0,0,0,0,0,0,0,0,0,0,0,0,0,0,0,0,0,0,0,0,0,0,0,0,0,0,0,0,0,0,0,0,0,0,0,0,0,0,0,0,0,0,0,0,0,0,0,0,0,0,0,0,0,0,0,0,0,0,0,0,0,0,0,0,0,0,0,0,0,0,0,0,0,0,0,0,0,0,0,0,0,0,0,0,0,0,0,0,0,0,0,0,0,0,0,0,0,0,0,0,0,0,0,0,0,0,0,0,0,0,0,0,0,0,0,0,0,0,0,0,0,0,0,0,0,0,0,0,0,0,0,0,0,0,0,0,0,0,0,0,0,0,0,0,0,0,0,0,0,0,0,0,0,0,0,0,0,0,0,0,0,0,0,0,0,0,0,0,0,0,0,0,0,0,0,0,0,0,0,0,0,0,0,0,0,0,0,0,0,0,0,0,0,0,0,0,0,0,0,0,0,0,0,0,0,0,0,0,0,0,0,0,0,0,0,0,0,0,0,0,0,0,0,0,0,0,0,0,0,0,0,0,0,0,0,0,0,0,0,0,0,0,0,0,0,0,0,0,0,0,0,0,0,0,0,0,0,0,0,0,0,0,0,0,0,0,0,0,0,0,0,0,0,0,0,0,0,0,0,0,0,0,0,0,0,0,0,0,0,0,0,0,0,0,0,0,0,0,0,0,0,0,0,0,0,0,0,0,0,0,0,0,0,0,0,0,0,0,0,0,0,0,0,0,0,0,0,0,0,0,0,0,0,0,0,0,0,0,0,0,0,0,0,0,0,0,0,0,0,0,0,0,0,0,0,0,0,0,0,0,0,0,0,0,0,0,0,0,0,0,0,0,0,0,0,0,0,0,0,0,0,0,0,0,0,0,0,0,0,0,0,0,0,0,0,0,0,0,0,0,0,0,0,0,0,0,0,0,0,0,0,0,0,0,0,0,0,0,0,0,0,0,0,0,0,0,0,0,0,0,0,0,0,0,0,0,0,0,0,0,0,0,0,0,0,0,0,0,0,0,0,0,0,0,0,0,0,0,0,0,0,0,0,0,0,0,0,0,0,0,0,0,0,0,0,0,0,0,0,0,0,0,0,0,0,0,0,0,0,0,0,0,0,0,0,0,0,0,0,0
KitchenOutlets_AP,0,0,0,0,0,0,0,0,0,0,0,0,7.06,7.06,8.732,7.573,0,0,0,0,0,0,0,0,0,0,0,0,0,0,0,0,0,0,0,0,0,0,0,0,0,0,0,0,0,0,0,0,0,0,0,0,0,0,0,0,0,0,0,0,0,0,0,0,0,0,0,0,0,0,0,0,0,0,0,0,0,0,0,0,0,0,0,0,0,0,0,0,0,0,0,0,0,0,0,0,0,0,0,0,0,0,0,0,0,0,0,0,0,0,0,0,0,0,0,0,0,0,0,0,0,0,0,0,0,0,0,0,0,0,0,0,0,0,0,0,0,0,0,0,0,0,0,0,0,0,0,0,0,0,0,0,0,0,0,0,0,0,0,0,0,0,0,0,0,0,0,0,0,0,0,0,0,0,0,0,0,0,0,0,0,0,0,0,0,0,0,0,0,0,0,0,0,0,0,0,0,0,0,0,0,0,0,0,0,0,0,0,0,0,0,0,0,0,0,0,0,0,0,0,0,0,0,0,0,0,0,0,0,0,0,0,0,0,0,0,0,0,0,0,0,0,0,0,0,0,0,0,0,0,0,0,0,0,0,0,0,0,0,0,0,0,0,0,0,0,0,0,0,0,0,0,0,0,0,0,0,0,0,0,0,0,0,0,0,0,0,0,0,0,0,0,0,0,0,0,0,0,0,0,0,0,0,0,0,0,0,0,0,0,0,0,0,0,0,0,0,0,0,0,0,0,0,0,0,0,0,0,0,0,0,0,0,0,0,0,0,0,0,0,0,0,0,0,0,0,0,0,0,0,0,0,0,0,0,0,0,0,0,0,0,0,0,0,0,0,0,0,0,0,0,0,0,0,0,0,0,0,0,0,0,0,0,0,0,0,0,0,0,0,0,0,0,0,0,0,0,0,0,0,0,0,0,0,0,0,0,0,0,0,0,0,0,0,0,0,0,0,0,0,0,0,0,0,0,0,0,0,0,0,0,0,0,0,0,0,0,0,0,0,0,0,0,0,0,0,0,0,0,0,0,0,0,0,0,0,0,0,0,0,0,0,0,0,0,0,0,0,0,0,0,0,0,0,0,0,0,0,0,0,0,0,0,0,0,0,0,0,0,0,0,0,0,0,0,0,0,0,0,0,0,0,0,0,0,0,0,0,0,0,0,0,0,0,0,0,0,0,0,0,0,0,0,0,0,0,0,0,0,0,0,0,0,7.172,7.172,0,0,0,0,0,0,0,0,0,0,0,0,0,0,0,0,0,0,0,0,0,0,0,0,0,0,0,0,0,0,0,0,0,0,0,0,0,0,0,0,0,0,0,0,0,0,0,0,0,0,0,0,0,0,0,7.159,7.159,7.137,8.322,8.322,0,0,0,0,0,0,0,0,0,0,0,0,0,0,0,0,0,0,0,0,0,0,0,0,0,0,0,0,0,0,0,0,0,0,0,0,0,0,0,0,0,0,0,0,0,0,0,0,0,0,0,0,0,0,0,0,0,0,0,0,0,0,0,0,0,0,0,0,0,0,0,0,0,0,0,8.521,7.267,8.58,7.327,8.46,8.46,0,0,0,0,0,0,0,0,0,0,0,0,0,0,0,0,0,0,0,0,0,0,0,0,0,0,0,0,0,0,0,0,0,0,0,0,0,0,0,0,0,0,0,0,0,0,0,0,0,0,0,0,0,0,0,0,0,0,0,0,0,0,0,0,0,0,0,0,0,0,0,0,0,0,0,0,0,0,0,0,0,0,0,0,0,0,0,0,0,0,0,0,8.17,8.17,0,0,0,0,0,0,0,0,0,0,0,0,0,0,0,0,0,0,0,0,0,0,0,0,0,0,0,0,0,0,0,0,0,0,0,0,0,0,0,0,0,0,0,0,0,0,0,0,0,0,0,0,0,0,0,0,0,0,0,0,0,0,0,0,0,0,0,0,0,0,0,0,0,0,0,0,0,0,0,0,0,0,0,0,0,0,0,0,0,0,0,0,0,0,0,0,0,8.022,8.022,0,0,0,0,0,0,0,0,0,0,0,0,0,0,0,0,0,0,0,0,0,0,0,0,0,0,0,0,0,0,0,0,0,0,0,0,0,0,0,0,0,0,0,0,0,0,0,0,0,0,0,0,0,0,0,0,0,0,0,0,0,0,0,0,0,0,0,0,0,0,0,0,0,0,0,0,0,0,0,0,0,0,0,0,0,0,0,0,0,0,0
